MATNR,MATKL,YEAR_MONTH,DEMAND,REVENUE,N_ORDERS,MONTH,QUARTER,YEAR,IS_Q4,IS_SUMMER,LAG_1,LAG_2,LAG_3,LAG_6,LAG_12,ROLL_3_MEAN,ROLL_6_MEAN,ROLL_3_STD,MATKL_ENC
MAT000001,PACK,2022-04-01,152,56156.4,2,4,2,2022,0,0,253.0,381.0,64.0,403.0,65.0,232.66666666666666,377.5,159.47518093212304,0
MAT000001,PACK,2022-05-01,663,139461.95,8,5,2,2022,0,0,152.0,253.0,381.0,673.0,42.0,262.0,335.6666666666667,114.76497723608908,0
MAT000001,PACK,2022-06-01,856,211818.49,11,6,2,2022,0,1,663.0,152.0,253.0,491.0,283.0,356.0,334.0,270.62335449846165,0
MAT000001,PACK,2022-07-01,189,73531.46,4,7,3,2022,0,1,856.0,663.0,152.0,64.0,198.0,557.0,394.8333333333333,363.77328104191486,0
MAT000001,PACK,2022-08-01,762,163186.97,9,8,3,2022,0,1,189.0,856.0,663.0,381.0,73.0,569.3333333333334,415.6666666666667,343.223445197634,0
MAT000001,PACK,2022-09-01,174,57383.64,2,9,3,2022,0,0,762.0,189.0,856.0,253.0,296.0,602.3333333333334,479.1666666666667,361.0295463439707,0
MAT000001,PACK,2022-10-01,464,152042.7,4,10,4,2022,1,0,174.0,762.0,189.0,152.0,403.0,375.0,466.0,335.2357379516689,0
MAT000001,PACK,2022-11-01,654,101763.82,5,11,4,2022,1,0,464.0,174.0,762.0,663.0,673.0,466.6666666666667,518.0,294.0090701548735,0
MAT000001,PACK,2022-12-01,1434,353670.56,10,12,4,2022,1,0,654.0,464.0,174.0,856.0,491.0,430.6666666666667,516.5,241.7298767908786,0
MAT000001,PACK,2023-01-01,1005,266385.57,10,1,1,2023,0,0,1434.0,654.0,464.0,189.0,64.0,850.6666666666666,612.8333333333334,514.0363151892415,0
MAT000001,PACK,2023-02-01,1000,164896.31,9,2,1,2023,0,0,1005.0,1434.0,654.0,762.0,381.0,1031.0,748.8333333333334,390.6494592342345,0
MAT000001,PACK,2023-03-01,1384,440962.24,16,3,1,2023,0,0,1000.0,1005.0,1434.0,174.0,253.0,1146.3333333333333,788.5,249.1391846605691,0
MAT000001,PACK,2023-04-01,1233,289955.78,12,4,2,2023,0,0,1384.0,1000.0,1005.0,464.0,152.0,1129.6666666666667,990.1666666666666,220.27331507319076,0
MAT000001,PACK,2023-05-01,816,152162.15,10,5,2,2023,0,0,1233.0,1384.0,1000.0,654.0,663.0,1205.6666666666667,1118.3333333333333,193.45369816401342,0
MAT000001,PACK,2023-06-01,558,200953.18,9,6,2,2023,0,1,816.0,1233.0,1384.0,1434.0,856.0,1144.3333333333333,1145.3333333333333,294.1977792800843,0
MAT000001,PACK,2023-07-01,199,75116.11,5,7,3,2023,0,1,558.0,816.0,1233.0,1005.0,189.0,869.0,999.3333333333334,340.60681144099254,0
MAT000001,PACK,2023-08-01,1291,306906.25,10,8,3,2023,0,1,199.0,558.0,816.0,1000.0,762.0,524.3333333333334,865.0,309.87470586243916,0
MAT000001,PACK,2023-09-01,1137,343695.75,12,9,3,2023,0,0,1291.0,199.0,558.0,1384.0,174.0,682.6666666666666,913.5,556.5719480294827,0
MAT000001,PACK,2023-10-01,1596,342184.06,10,10,4,2023,1,0,1137.0,1291.0,199.0,1233.0,464.0,875.6666666666666,872.3333333333334,591.0476574129476,0
MAT000001,PACK,2023-11-01,798,145008.75,7,11,4,2023,1,0,1596.0,1137.0,1291.0,816.0,654.0,1341.3333333333333,932.8333333333334,233.60293947922213,0
MAT000001,PACK,2023-12-01,480,99170.39,6,12,4,2023,1,0,798.0,1596.0,1137.0,558.0,1434.0,1177.0,929.8333333333334,400.50093632849325,0
MAT000001,PACK,2024-01-01,1493,470307.51,11,1,1,2024,0,0,480.0,798.0,1596.0,199.0,1005.0,958.0,916.8333333333334,574.9469540748953,0
MAT000001,PACK,2024-02-01,445,81184.95,6,2,1,2024,0,0,1493.0,480.0,798.0,1291.0,1000.0,923.6666666666666,1132.5,518.0601638162628,0
MAT000001,PACK,2024-03-01,535,98256.72,4,3,1,2024,0,0,445.0,1493.0,480.0,1137.0,1384.0,806.0,991.5,595.2167672369452,0
MAT000001,PACK,2024-04-01,627,122226.66,5,4,2,2024,0,0,535.0,445.0,1493.0,1596.0,1233.0,824.3333333333334,891.1666666666666,580.828144405325,0
MAT000001,PACK,2024-05-01,533,169189.61,5,5,2,2024,0,0,627.0,535.0,445.0,798.0,816.0,535.6666666666666,729.6666666666666,91.00183148340066,0
MAT000001,PACK,2024-06-01,103,49311.25,1,6,2,2024,0,1,533.0,627.0,535.0,480.0,558.0,565.0,685.5,53.7028863283893,0
MAT000001,PACK,2024-07-01,498,111465.06,7,7,3,2024,0,1,103.0,533.0,627.0,1493.0,199.0,421.0,622.6666666666666,279.3778802983514,0
MAT000001,PACK,2024-08-01,319,74358.98000000001,3,8,3,2024,0,1,498.0,103.0,533.0,445.0,1291.0,378.0,456.8333333333333,238.799078725191,0
MAT000001,PACK,2024-09-01,245,44927.08,4,9,3,2024,0,0,319.0,498.0,103.0,535.0,1137.0,306.6666666666667,435.8333333333333,197.7886076935002,0
MAT000001,PACK,2024-10-01,82,35875.0,1,10,4,2024,1,0,245.0,319.0,498.0,627.0,1596.0,354.0,387.5,130.0807441553129,0
MAT000001,PACK,2024-11-01,577,144274.75,3,11,4,2024,1,0,82.0,245.0,319.0,533.0,798.0,215.33333333333334,296.6666666666667,121.25317865249296,0
MAT000002,CONS,2022-06-01,785,161258.33,12,6,2,2022,0,1,675.0,675.0,164.0,146.0,53.0,504.6666666666667,414.3333333333333,295.0259875558988,1
MAT000002,CONS,2022-07-01,415,90375.48999999999,7,7,3,2022,0,1,785.0,675.0,675.0,248.0,123.0,711.6666666666666,520.8333333333334,63.50852961085885,1
MAT000002,CONS,2022-08-01,166,75501.78,1,8,3,2022,0,1,415.0,785.0,675.0,578.0,108.0,625.0,548.6666666666666,190.0,1
MAT000002,CONS,2022-09-01,1368,475863.28,12,9,3,2022,0,0,166.0,415.0,785.0,164.0,480.0,455.3333333333333,480.0,311.4648187730572,1
MAT000002,CONS,2022-10-01,985,406649.58,7,10,4,2022,1,0,1368.0,166.0,415.0,675.0,121.0,649.6666666666666,680.6666666666666,634.4307159440922,1
MAT000002,CONS,2022-11-01,713,166378.71000000002,8,11,4,2022,1,0,985.0,1368.0,166.0,675.0,101.0,839.6666666666666,732.3333333333334,614.0377295682516,1
MAT000002,CONS,2022-12-01,1729,499507.85,10,12,4,2022,1,0,713.0,985.0,1368.0,785.0,146.0,1022.0,738.6666666666666,329.06382359657823,1
MAT000002,CONS,2023-01-01,1349,341016.84,12,1,1,2023,0,0,1729.0,713.0,985.0,415.0,248.0,1142.3333333333333,896.0,525.9556381800021,1
MAT000002,CONS,2023-02-01,826,110272.12999999999,11,2,1,2023,0,0,1349.0,1729.0,713.0,166.0,578.0,1263.6666666666667,1051.6666666666667,513.3471859602752,1
MAT000002,CONS,2023-03-01,545,187130.99,5,3,1,2023,0,0,826.0,1349.0,1729.0,1368.0,164.0,1301.3333333333333,1161.6666666666667,453.38320804076244,1
MAT000002,CONS,2023-04-01,1105,297369.04,8,4,2,2023,0,0,545.0,826.0,1349.0,985.0,675.0,906.6666666666666,1024.5,408.0249175397664,1
MAT000002,CONS,2023-05-01,1623,500189.31,18,5,2,2023,0,0,1105.0,545.0,826.0,713.0,675.0,825.3333333333334,1044.5,280.0005952374623,1
MAT000002,CONS,2023-06-01,741,170888.6,10,6,2,2023,0,1,1623.0,1105.0,545.0,1729.0,785.0,1091.0,1196.1666666666667,539.1363463911516,1
MAT000002,CONS,2023-07-01,665,201671.36,11,7,3,2023,0,1,741.0,1623.0,1105.0,1349.0,415.0,1156.3333333333333,1031.5,443.2350768309444,1
MAT000002,CONS,2023-08-01,1535,271346.7,16,8,3,2023,0,1,665.0,741.0,1623.0,826.0,166.0,1009.6666666666666,917.5,532.5197961891494,1
MAT000002,CONS,2023-09-01,380,93912.0,4,9,3,2023,0,0,1535.0,665.0,741.0,545.0,1368.0,980.3333333333334,1035.6666666666667,481.8561334395705,1
MAT000002,CONS,2023-10-01,2138,377423.46,13,10,4,2023,1,0,380.0,1535.0,665.0,1105.0,985.0,860.0,1008.1666666666666,601.6851336039473,1
MAT000002,CONS,2023-11-01,1088,262726.04,8,11,4,2023,1,0,2138.0,380.0,1535.0,1623.0,713.0,1351.0,1180.3333333333333,893.3269278377317,1
MAT000002,CONS,2023-12-01,384,107053.26,3,12,4,2023,1,0,1088.0,2138.0,380.0,741.0,1729.0,1202.0,1091.1666666666667,884.526992239355,1
MAT000002,CONS,2024-01-01,1088,347767.94,9,1,1,2024,0,0,384.0,1088.0,2138.0,665.0,1349.0,1203.3333333333333,1031.6666666666667,882.669436048022,1
MAT000002,CONS,2024-02-01,439,125189.85,6,2,1,2024,0,0,1088.0,384.0,1088.0,1535.0,826.0,853.3333333333334,1102.1666666666667,406.45458950949643,1
MAT000002,CONS,2024-03-01,650,158526.49,7,3,1,2024,0,0,439.0,1088.0,384.0,380.0,545.0,637.0,919.5,391.54437807226896,1
MAT000002,CONS,2024-04-01,258,96552.60999999999,4,4,2,2024,0,0,650.0,439.0,1088.0,2138.0,1105.0,725.6666666666666,964.5,331.0503486379878,1
MAT000002,CONS,2024-05-01,222,43414.68,5,5,2,2024,0,0,258.0,650.0,439.0,1088.0,1623.0,449.0,651.1666666666666,196.191233239408,1
MAT000002,CONS,2024-06-01,123,16705.02,2,6,2,2024,0,1,222.0,258.0,650.0,384.0,741.0,376.6666666666667,506.8333333333333,237.39699520704363,1
MAT000002,CONS,2024-07-01,106,31825.44,1,7,3,2024,0,1,123.0,222.0,258.0,1088.0,665.0,201.0,463.3333333333333,69.907081186384,1
MAT000002,CONS,2024-08-01,282,29405.489999999998,3,8,3,2024,0,1,106.0,123.0,222.0,439.0,1535.0,150.33333333333334,299.6666666666667,62.64449962552973,1
MAT000002,CONS,2024-09-01,130,35815.32,2,9,3,2024,0,0,282.0,106.0,123.0,650.0,380.0,170.33333333333334,273.5,97.07900562600032,1
MAT000002,CONS,2024-10-01,104,48992.32,1,10,4,2024,1,0,130.0,282.0,106.0,258.0,2138.0,172.66666666666666,186.83333333333334,95.4428275635891,1
MAT000002,CONS,2024-11-01,250,53415.0,1,11,4,2024,1,0,104.0,130.0,282.0,222.0,1088.0,172.0,161.16666666666666,96.14572273377361,1
MAT000003,MECH,2022-03-01,153,23925.82,2,3,1,2022,0,0,961.0,164.0,212.0,671.0,28.0,445.6666666666667,569.3333333333334,446.9366099720779,2
MAT000003,MECH,2022-04-01,338,117183.03,5,4,2,2022,0,0,153.0,961.0,164.0,1045.0,132.0,426.0,483.0,463.3562344460253,2
MAT000003,MECH,2022-05-01,326,39650.7,3,5,2,2022,0,0,338.0,153.0,961.0,363.0,235.0,484.0,365.1666666666667,423.3237531724389,2
MAT000003,MECH,2022-06-01,304,90089.16,4,6,2,2022,0,1,326.0,338.0,153.0,212.0,90.0,272.3333333333333,359.0,103.51972436851493,2
MAT000003,MECH,2022-07-01,57,7918.860000000001,2,7,3,2022,0,1,304.0,326.0,338.0,164.0,313.0,322.6666666666667,374.3333333333333,17.243356208502632,2
MAT000003,MECH,2022-08-01,820,224969.72,9,8,3,2022,0,1,57.0,304.0,326.0,961.0,313.0,229.0,356.5,149.3619764197032,2
MAT000003,MECH,2022-09-01,819,183860.96000000002,7,9,3,2022,0,0,820.0,57.0,304.0,153.0,671.0,393.6666666666667,333.0,389.3229165273132,2
MAT000003,MECH,2022-10-01,1833,689059.5700000001,13,10,4,2022,1,0,819.0,820.0,57.0,338.0,1045.0,565.3333333333334,444.0,440.2298641997535,2
MAT000003,MECH,2022-11-01,1724,552202.63,14,11,4,2022,1,0,1833.0,819.0,820.0,326.0,363.0,1157.3333333333333,693.1666666666666,585.1447114460948,2
MAT000003,MECH,2022-12-01,376,70459.2,4,12,4,2022,1,0,1724.0,1833.0,819.0,304.0,212.0,1458.6666666666667,926.1666666666666,556.6420154222402,2
MAT000003,MECH,2023-01-01,863,278105.20999999996,7,1,1,2023,0,0,376.0,1724.0,1833.0,57.0,164.0,1311.0,938.1666666666666,811.5657705941029,2
MAT000003,MECH,2023-02-01,1601,246047.71,13,2,1,2023,0,0,863.0,376.0,1724.0,820.0,961.0,987.6666666666666,1072.5,682.5923624926764,2
MAT000003,MECH,2023-03-01,924,302419.88,11,3,1,2023,0,0,1601.0,863.0,376.0,819.0,153.0,946.6666666666666,1202.6666666666667,616.7708920931121,2
MAT000003,MECH,2023-04-01,861,199403.3,11,4,2,2023,0,0,924.0,1601.0,863.0,1833.0,338.0,1129.3333333333333,1220.1666666666667,409.61241843153795,2
MAT000003,MECH,2023-05-01,1998,458209.35,17,5,2,2023,0,0,861.0,924.0,1601.0,1724.0,326.0,1128.6666666666667,1058.1666666666667,410.26373631279347,2
MAT000003,MECH,2023-06-01,644,183429.2,12,6,2,2023,0,1,1998.0,861.0,924.0,376.0,304.0,1261.0,1103.8333333333333,639.0375575817121,2
MAT000003,MECH,2023-07-01,1078,349907.35000000003,13,7,3,2023,0,1,644.0,1998.0,861.0,863.0,57.0,1167.6666666666667,1148.5,727.2292165014642,2
MAT000003,MECH,2023-08-01,723,255571.06,7,8,3,2023,0,1,1078.0,644.0,1998.0,1601.0,820.0,1240.0,1184.3333333333333,691.3841189960904,2
MAT000003,MECH,2023-09-01,1002,268975.35,8,9,3,2023,0,0,723.0,1078.0,644.0,924.0,819.0,815.0,1038.0,231.1644436326662,2
MAT000003,MECH,2023-10-01,657,204315.6,3,10,4,2023,1,0,1002.0,723.0,1078.0,861.0,1833.0,934.3333333333334,1051.0,186.92333544352735,2
MAT000003,MECH,2023-11-01,1112,261692.38999999998,9,11,4,2023,1,0,657.0,1002.0,723.0,1998.0,1724.0,794.0,1017.0,183.13110058097755,2
MAT000003,MECH,2023-12-01,1273,300623.89,9,12,4,2023,1,0,1112.0,657.0,1002.0,644.0,376.0,923.6666666666666,869.3333333333334,237.39910137431747,2
MAT000003,MECH,2024-01-01,467,109010.07,6,1,1,2024,0,0,1273.0,1112.0,657.0,1078.0,863.0,1014.0,974.1666666666666,319.4792638028329,2
MAT000003,MECH,2024-02-01,492,157630.33,5,2,1,2024,0,0,467.0,1273.0,1112.0,723.0,1601.0,950.6666666666666,872.3333333333334,426.5329217461806,2
MAT000003,MECH,2024-03-01,89,3684.99,2,3,1,2024,0,0,492.0,467.0,1273.0,1002.0,924.0,744.0,833.8333333333334,458.2979380272184,2
MAT000003,MECH,2024-04-01,179,47964.369999999995,2,4,2,2024,0,0,89.0,492.0,467.0,657.0,861.0,349.3333333333333,681.6666666666666,225.80153527674128,2
MAT000003,MECH,2024-05-01,402,149796.12999999998,4,5,2,2024,0,0,179.0,89.0,492.0,1112.0,1998.0,253.33333333333334,602.0,211.5332913121087,2
MAT000003,MECH,2024-06-01,151,26314.75,2,6,2,2024,0,1,402.0,179.0,89.0,1273.0,644.0,223.33333333333334,483.6666666666667,161.14072524763392,2
MAT000003,MECH,2024-07-01,69,26997.63,1,7,3,2024,0,1,151.0,402.0,179.0,467.0,1078.0,244.0,296.6666666666667,137.54635582231944,2
MAT000003,MECH,2024-08-01,29,553.32,1,8,3,2024,0,1,69.0,151.0,402.0,492.0,723.0,207.33333333333334,230.33333333333334,173.50024015353247,2
MAT000003,MECH,2024-11-01,177,45189.87,1,11,4,2024,1,0,29.0,69.0,151.0,89.0,1002.0,83.0,153.16666666666666,62.19324722186587,2
MAT000004,PACK,2022-02-01,82,19941.58,1,2,1,2022,0,0,325.0,736.0,79.0,697.0,71.0,380.0,545.0,331.9352346467606,0
MAT000004,PACK,2022-03-01,501,82598.85,4,3,1,2022,0,0,82.0,325.0,736.0,265.0,30.0,381.0,442.5,330.57676869374836,0
MAT000004,PACK,2022-04-01,455,89012.21,5,4,2,2022,0,0,501.0,82.0,325.0,1168.0,165.0,302.6666666666667,481.8333333333333,210.3909060138611,0
MAT000004,PACK,2022-05-01,427,102146.13,4,5,2,2022,0,0,455.0,501.0,82.0,79.0,267.0,346.0,363.0,229.7846818219178,0
MAT000004,PACK,2022-06-01,424,98882.22,5,6,2,2022,0,1,427.0,455.0,501.0,736.0,246.0,461.0,421.0,37.36308338453871,0
MAT000004,PACK,2022-07-01,430,89284.14,7,7,3,2022,0,1,424.0,427.0,455.0,325.0,47.0,435.3333333333333,369.0,17.09775813764266,0
MAT000004,PACK,2022-08-01,926,201942.0,8,8,3,2022,0,1,430.0,424.0,427.0,82.0,697.0,427.0,386.5,2.9999999999987117,0
MAT000004,PACK,2022-09-01,667,138999.2,7,9,3,2022,0,0,926.0,430.0,424.0,501.0,265.0,593.3333333333334,527.1666666666666,288.1134035988838,0
MAT000004,PACK,2022-10-01,1313,390323.42000000004,8,10,4,2022,1,0,667.0,926.0,430.0,455.0,1168.0,674.3333333333334,554.8333333333334,248.0813038770421,0
MAT000004,PACK,2022-11-01,1256,342772.49,8,11,4,2022,1,0,1313.0,667.0,926.0,427.0,79.0,968.6666666666666,697.8333333333334,325.1066491681358,0
MAT000004,PACK,2022-12-01,1345,360620.45,9,12,4,2022,1,0,1256.0,1313.0,667.0,424.0,736.0,1078.6666666666667,836.0,357.6511335552193,0
MAT000004,PACK,2023-01-01,829,227715.8,9,1,1,2023,0,0,1345.0,1256.0,1313.0,430.0,325.0,1304.6666666666667,989.5,45.08140784551085,0
MAT000004,PACK,2023-02-01,1242,221422.06,9,2,1,2023,0,0,829.0,1345.0,1256.0,926.0,82.0,1143.3333333333333,1056.0,275.8338872099171,0
MAT000004,PACK,2023-03-01,616,90527.97,7,3,1,2023,0,0,1242.0,829.0,1345.0,667.0,501.0,1138.6666666666667,1108.6666666666667,273.0793535464248,0
MAT000004,PACK,2023-04-01,691,111501.83,7,4,2,2023,0,0,616.0,1242.0,829.0,1313.0,455.0,895.6666666666666,1100.1666666666667,318.2802748103207,0
MAT000004,PACK,2023-05-01,1264,222672.15,15,5,2,2023,0,0,691.0,616.0,1242.0,1256.0,427.0,849.6666666666666,996.5,341.8337802694948,0
MAT000004,PACK,2023-06-01,1068,263149.09,14,6,2,2023,0,1,1264.0,691.0,616.0,1345.0,424.0,857.0,997.8333333333334,354.4615635016016,0
MAT000004,PACK,2023-07-01,797,173888.31,11,7,3,2023,0,1,1068.0,1264.0,691.0,829.0,430.0,1007.6666666666666,951.6666666666666,291.225571221576,0
MAT000004,PACK,2023-08-01,734,204966.33,8,8,3,2023,0,1,797.0,1068.0,1264.0,1242.0,926.0,1043.0,946.3333333333334,234.50159914166878,0
MAT000004,PACK,2023-09-01,494,137937.6,4,9,3,2023,0,0,734.0,797.0,1068.0,616.0,667.0,866.3333333333334,861.6666666666666,177.46642875015334,0
MAT000004,PACK,2023-10-01,1518,395440.05,9,10,4,2023,1,0,494.0,734.0,797.0,691.0,1313.0,675.0,841.3333333333334,159.88433319121646,0
MAT000004,PACK,2023-11-01,995,224771.09999999998,8,11,4,2023,1,0,1518.0,494.0,734.0,1264.0,1256.0,915.3333333333334,979.1666666666666,535.542092961266,0
MAT000004,PACK,2023-12-01,895,127540.96,7,12,4,2023,1,0,995.0,1518.0,494.0,1068.0,1345.0,1002.3333333333334,934.3333333333334,512.039386505895,0
MAT000004,PACK,2024-01-01,1078,223055.65,12,1,1,2024,0,0,895.0,995.0,1518.0,797.0,829.0,1136.0,905.5,334.57883973736296,0
MAT000004,PACK,2024-02-01,1216,305949.08,10,2,1,2024,0,0,1078.0,895.0,995.0,734.0,1242.0,989.3333333333334,952.3333333333334,91.63150840913475,0
MAT000004,PACK,2024-03-01,487,124552.42,5,3,1,2024,0,0,1216.0,1078.0,895.0,494.0,616.0,1063.0,1032.6666666666667,161.0248428038357,0
MAT000004,PACK,2024-04-01,191,27785.57,3,4,2,2024,0,0,487.0,1216.0,1078.0,1518.0,691.0,927.0,1031.5,387.24798256414454,0
MAT000004,PACK,2024-05-01,751,142893.63999999998,7,5,2,2024,0,0,191.0,487.0,1216.0,995.0,1264.0,631.3333333333334,810.3333333333334,527.522827310187,0
MAT000004,PACK,2024-06-01,180,23162.31,2,6,2,2024,0,1,751.0,191.0,487.0,895.0,1068.0,476.3333333333333,769.6666666666666,280.1523395107265,0
MAT000004,PACK,2024-07-01,114,53752.14,1,7,3,2024,0,1,180.0,751.0,191.0,1078.0,797.0,374.0,650.5,326.53789979112696,0
MAT000004,PACK,2024-08-01,386,125566.61,4,8,3,2024,0,1,114.0,180.0,751.0,1216.0,734.0,348.3333333333333,489.8333333333333,350.27750903152975,0
MAT000004,PACK,2024-09-01,258,45534.95,3,9,3,2024,0,0,386.0,114.0,180.0,487.0,494.0,226.66666666666666,351.5,141.8778817622163,0
MAT000004,PACK,2024-10-01,101,13203.990000000002,2,10,4,2024,1,0,258.0,386.0,114.0,191.0,1518.0,252.66666666666666,313.3333333333333,136.07840876984645,0
MAT000004,PACK,2024-12-01,163,16459.74,1,12,4,2024,1,0,101.0,258.0,386.0,751.0,995.0,248.33333333333334,298.3333333333333,142.7456946227571,0
MAT000005,ELEC,2022-04-01,550,89464.06,4,4,2,2022,0,0,753.0,826.0,18.0,806.0,54.0,532.3333333333334,659.5,446.9187099835197,3
MAT000005,ELEC,2022-05-01,356,140277.6,5,5,2,2022,0,0,550.0,753.0,826.0,1074.0,39.0,709.6666666666666,616.8333333333334,143.01165453673133,3
MAT000005,ELEC,2022-06-01,322,97066.45,5,6,2,2022,0,1,356.0,550.0,753.0,480.0,139.0,553.0,497.1666666666667,198.51700179077875,3
MAT000005,ELEC,2022-07-01,169,34301.24,3,7,3,2022,0,1,322.0,356.0,550.0,18.0,339.0,409.3333333333333,470.8333333333333,123.00135500608675,3
MAT000005,ELEC,2022-08-01,457,121963.69,5,8,3,2022,0,1,169.0,322.0,356.0,826.0,148.0,282.3333333333333,496.0,99.6109097103996,3
MAT000005,ELEC,2022-09-01,666,121418.24,7,9,3,2022,0,0,457.0,169.0,322.0,753.0,20.0,316.0,434.5,144.0937195022741,3
MAT000005,ELEC,2022-10-01,1210,350402.73,9,10,4,2022,1,0,666.0,457.0,169.0,550.0,806.0,430.6666666666667,420.0,249.54425125282563,3
MAT000005,ELEC,2022-11-01,622,124734.23999999999,6,11,4,2022,1,0,1210.0,666.0,457.0,356.0,1074.0,777.6666666666666,530.0,388.7214083805179,3
MAT000005,ELEC,2022-12-01,757,239898.89,6,12,4,2022,1,0,622.0,1210.0,666.0,322.0,480.0,832.6666666666666,574.3333333333334,327.5199739456105,3
MAT000005,ELEC,2023-01-01,952,213269.05000000002,9,1,1,2023,0,0,757.0,622.0,1210.0,169.0,18.0,863.0,646.8333333333334,307.9983766190985,3
MAT000005,ELEC,2023-02-01,678,202865.65,6,2,1,2023,0,0,952.0,757.0,622.0,457.0,826.0,777.0,777.3333333333334,165.9066002303707,3
MAT000005,ELEC,2023-03-01,1779,500147.16,14,3,1,2023,0,0,678.0,952.0,757.0,666.0,753.0,795.6666666666666,814.1666666666666,141.03309304320518,3
MAT000005,ELEC,2023-04-01,1051,287997.54,10,4,2,2023,0,0,1779.0,678.0,952.0,1210.0,550.0,1136.3333333333333,999.6666666666666,573.1791459337416,3
MAT000005,ELEC,2023-05-01,1271,313131.69,12,5,2,2023,0,0,1051.0,1779.0,678.0,622.0,356.0,1169.3333333333333,973.1666666666666,559.9574388588238,3
MAT000005,ELEC,2023-06-01,442,56429.21,6,6,2,2023,0,1,1271.0,1051.0,1779.0,757.0,322.0,1367.0,1081.3333333333333,373.3738073298663,3
MAT000005,ELEC,2023-07-01,1087,285547.94,13,7,3,2023,0,1,442.0,1271.0,1051.0,952.0,169.0,921.3333333333334,1028.8333333333333,429.4418858627247,3
MAT000005,ELEC,2023-08-01,626,167942.03999999998,6,8,3,2023,0,1,1087.0,442.0,1271.0,678.0,457.0,933.3333333333334,1051.3333333333333,435.3393312501564,3
MAT000005,ELEC,2023-09-01,2326,680114.23,18,9,3,2023,0,0,626.0,1087.0,442.0,1779.0,666.0,718.3333333333334,1042.6666666666667,332.2654561240657,3
MAT000005,ELEC,2023-10-01,713,143238.32,6,10,4,2023,1,0,2326.0,626.0,1087.0,1051.0,1210.0,1346.3333333333333,1133.8333333333333,879.1702527572993,3
MAT000005,ELEC,2023-11-01,932,198463.49000000002,6,11,4,2023,1,0,713.0,2326.0,626.0,1271.0,622.0,1221.6666666666667,1077.5,957.3694863182832,3
MAT000005,ELEC,2023-12-01,869,226007.97,6,12,4,2023,1,0,932.0,713.0,2326.0,442.0,757.0,1323.6666666666667,1021.0,874.9253301472837,3
MAT000005,ELEC,2024-01-01,1318,438051.61,13,1,1,2024,0,0,869.0,932.0,713.0,1087.0,952.0,838.0,1092.1666666666667,112.74307074051261,3
MAT000005,ELEC,2024-02-01,856,185761.21,8,2,1,2024,0,0,1318.0,869.0,932.0,626.0,678.0,1039.6666666666667,1130.6666666666667,243.0932605674898,3
MAT000005,ELEC,2024-03-01,220,73041.34,2,3,1,2024,0,0,856.0,1318.0,869.0,2326.0,1779.0,1014.3333333333334,1169.0,263.0633637231408,3
MAT000005,ELEC,2024-04-01,48,6347.04,1,4,2,2024,0,0,220.0,856.0,1318.0,713.0,1051.0,798.0,818.0,551.2930255317948,3
MAT000005,ELEC,2024-05-01,54,23806.510000000002,2,5,2,2024,0,0,48.0,220.0,856.0,932.0,1271.0,374.6666666666667,707.1666666666666,425.6258137535052,3
MAT000005,ELEC,2024-06-01,203,45809.880000000005,3,6,2,2024,0,1,54.0,48.0,220.0,869.0,442.0,107.33333333333333,560.8333333333334,97.61830429449938,3
MAT000005,ELEC,2024-07-01,319,37011.45,3,7,3,2024,0,1,203.0,54.0,48.0,1318.0,1087.0,101.66666666666667,449.8333333333333,87.80850376434776,3
MAT000005,ELEC,2024-08-01,294,61653.369999999995,3,8,3,2024,0,1,319.0,203.0,54.0,856.0,626.0,192.0,283.3333333333333,132.842011427109,3
MAT000005,ELEC,2024-09-01,262,91445.02,4,9,3,2024,0,0,294.0,319.0,203.0,220.0,2326.0,272.0,189.66666666666666,61.04916051839011,3
MAT000005,ELEC,2024-10-01,15,5966.4,1,10,4,2024,1,0,262.0,294.0,319.0,48.0,713.0,291.6666666666667,196.66666666666666,28.57154761880249,3
MAT000006,MECH,2022-04-01,927,158845.67,8,4,2,2022,0,0,683.0,87.0,260.0,277.0,130.0,343.3333333333333,364.5,306.61430712433065,2
MAT000006,MECH,2022-05-01,1326,386124.14,14,5,2,2022,0,0,927.0,683.0,87.0,502.0,192.0,565.6666666666666,472.8333333333333,432.1172680341915,2
MAT000006,MECH,2022-06-01,558,176443.07,5,6,2,2022,0,1,1326.0,927.0,683.0,378.0,118.0,978.6666666666666,610.1666666666666,324.5987266354155,2
MAT000006,MECH,2022-07-01,483,144057.81,5,7,3,2022,0,1,558.0,1326.0,927.0,260.0,100.0,937.0,640.1666666666666,384.0976438355225,2
MAT000006,MECH,2022-08-01,1073,242190.81,11,8,3,2022,0,1,483.0,558.0,1326.0,87.0,90.0,789.0,677.3333333333334,466.5651079967295,2
MAT000006,MECH,2022-09-01,888,190679.52,6,9,3,2022,0,0,1073.0,483.0,558.0,683.0,579.0,704.6666666666666,841.6666666666666,321.1827102029828,2
MAT000006,MECH,2022-10-01,1339,458908.9,8,10,4,2022,1,0,888.0,1073.0,483.0,927.0,277.0,814.6666666666666,875.8333333333334,301.7587336488096,2
MAT000006,MECH,2022-11-01,1204,225696.51,8,11,4,2022,1,0,1339.0,888.0,1073.0,1326.0,502.0,1100.0,944.5,226.70906466217863,2
MAT000006,MECH,2022-12-01,1225,218875.95,7,12,4,2022,1,0,1204.0,1339.0,888.0,558.0,378.0,1143.6666666666667,924.1666666666666,231.47426062811655,2
MAT000006,MECH,2023-01-01,1072,311434.52,10,1,1,2023,0,0,1225.0,1204.0,1339.0,483.0,260.0,1256.0,1035.3333333333333,72.64296249465517,2
MAT000006,MECH,2023-02-01,633,129569.25,8,2,1,2023,0,0,1072.0,1225.0,1204.0,1073.0,87.0,1167.0,1133.5,82.9397371589751,2
MAT000006,MECH,2023-03-01,863,317388.57,8,3,1,2023,0,0,633.0,1072.0,1225.0,888.0,683.0,976.6666666666666,1060.1666666666667,307.29844342810003,2
MAT000006,MECH,2023-04-01,1447,406999.37,15,4,2,2023,0,0,863.0,633.0,1072.0,1339.0,927.0,856.0,1056.0,219.58369702689646,2
MAT000006,MECH,2023-05-01,1756,399159.82,16,5,2,2023,0,0,1447.0,863.0,633.0,1204.0,1326.0,981.0,1074.0,419.6331731405417,2
MAT000006,MECH,2023-06-01,775,206923.12,10,6,2,2023,0,1,1756.0,1447.0,863.0,1225.0,558.0,1355.3333333333333,1166.0,453.5022969438338,2
MAT000006,MECH,2023-07-01,1094,290046.7,15,7,3,2023,0,1,775.0,1756.0,1447.0,1072.0,483.0,1326.0,1091.0,501.5685396832619,2
MAT000006,MECH,2023-08-01,1252,264871.53,11,8,3,2023,0,1,1094.0,775.0,1756.0,633.0,1073.0,1208.3333333333333,1094.6666666666667,500.39417795707135,2
MAT000006,MECH,2023-09-01,390,129919.63,7,9,3,2023,0,0,1252.0,1094.0,775.0,863.0,888.0,1040.3333333333333,1197.8333333333333,242.98628219167674,2
MAT000006,MECH,2023-10-01,1554,279043.63,9,10,4,2023,1,0,390.0,1252.0,1094.0,1447.0,1339.0,912.0,1119.0,458.91611433899317,2
MAT000006,MECH,2023-11-01,1130,303061.66000000003,6,11,4,2023,1,0,1554.0,390.0,1252.0,1756.0,1204.0,1065.3333333333333,1136.8333333333333,604.0342153664254,2
MAT000006,MECH,2023-12-01,1426,385097.56,9,12,4,2023,1,0,1130.0,1554.0,390.0,775.0,1225.0,1024.6666666666667,1032.5,589.1055366683743,2
MAT000006,MECH,2024-01-01,480,128039.53,4,1,1,2024,0,0,1426.0,1130.0,1554.0,1094.0,1072.0,1370.0,1141.0,217.47643550509102,2
MAT000006,MECH,2024-02-01,544,179885.46,7,2,1,2024,0,0,480.0,1426.0,1130.0,1252.0,633.0,1012.0,1038.6666666666667,483.9132153599442,2
MAT000006,MECH,2024-03-01,436,178660.03999999998,7,3,1,2024,0,0,544.0,480.0,1426.0,390.0,863.0,816.6666666666666,920.6666666666666,528.6675073553631,2
MAT000006,MECH,2024-04-01,427,66378.45,5,4,2,2024,0,0,436.0,544.0,480.0,1554.0,1447.0,486.6666666666667,928.3333333333334,54.307764945104054,2
MAT000006,MECH,2024-05-01,600,139495.69,6,5,2,2024,0,0,427.0,436.0,544.0,1130.0,1756.0,469.0,740.5,65.10760324262694,2
MAT000006,MECH,2024-06-01,57,18437.79,2,6,2,2024,0,1,600.0,427.0,436.0,1426.0,775.0,487.6666666666667,652.1666666666666,97.38754198218928,2
MAT000006,MECH,2024-07-01,286,34401.12,5,7,3,2024,0,1,57.0,600.0,427.0,480.0,1094.0,361.3333333333333,424.0,277.3920210340099,2
MAT000006,MECH,2024-09-01,257,49096.810000000005,3,9,3,2024,0,0,286.0,57.0,600.0,544.0,1252.0,314.3333333333333,391.6666666666667,272.60655409093255,2
MAT000006,MECH,2024-11-01,551,105532.05,4,11,4,2024,1,0,257.0,286.0,57.0,436.0,390.0,200.0,343.8333333333333,124.68760964907094,2
MAT000007,MECH,2022-03-01,911,182716.44999999998,8,3,1,2022,0,0,667.0,668.0,1100.0,626.0,114.0,811.6666666666666,926.3333333333334,249.70449201673028,2
MAT000007,MECH,2022-04-01,396,130470.88,4,4,2,2022,0,0,911.0,667.0,668.0,1467.0,124.0,748.6666666666666,973.8333333333334,140.58567968798712,2
MAT000007,MECH,2022-05-01,506,151732.62,5,5,2,2022,0,0,396.0,911.0,667.0,1030.0,178.0,658.0,795.3333333333334,257.61793415831903,2
MAT000007,MECH,2022-06-01,312,61739.17,5,6,2,2022,0,1,506.0,396.0,911.0,1100.0,259.0,604.3333333333334,708.0,271.2163957679058,2
MAT000007,MECH,2022-07-01,421,78719.95999999999,8,7,3,2022,0,1,312.0,506.0,396.0,668.0,150.0,404.6666666666667,576.6666666666666,97.28994466713061,2
MAT000007,MECH,2022-08-01,628,189467.31,5,8,3,2022,0,1,421.0,312.0,506.0,667.0,46.0,413.0,535.5,97.24710792614864,2
MAT000007,MECH,2022-09-01,838,211629.01,8,9,3,2022,0,0,628.0,421.0,312.0,911.0,626.0,453.6666666666667,529.0,160.51272016053224,2
MAT000007,MECH,2022-10-01,1121,256063.04,6,10,4,2022,1,0,838.0,628.0,421.0,396.0,1467.0,629.0,516.8333333333334,208.50179855339377,2
MAT000007,MECH,2022-11-01,1315,338632.37,8,11,4,2022,1,0,1121.0,838.0,628.0,506.0,1030.0,862.3333333333334,637.6666666666666,247.3991376972307,2
MAT000007,MECH,2022-12-01,782,159175.66999999998,7,12,4,2022,1,0,1315.0,1121.0,838.0,312.0,1100.0,1091.3333333333333,772.5,239.8798310265649,2
MAT000007,MECH,2023-01-01,990,304665.61,11,1,1,2023,0,0,782.0,1315.0,1121.0,421.0,668.0,1072.6666666666667,850.8333333333334,269.7671835737871,2
MAT000007,MECH,2023-02-01,779,163745.42,6,2,1,2023,0,0,990.0,782.0,1315.0,628.0,667.0,1029.0,945.6666666666666,268.6317181570338,2
MAT000007,MECH,2023-03-01,1167,196353.27,10,3,1,2023,0,0,779.0,990.0,782.0,838.0,911.0,850.3333333333334,970.8333333333334,120.96418202647165,2
MAT000007,MECH,2023-04-01,296,69705.67,4,4,2,2023,0,0,1167.0,779.0,990.0,1121.0,396.0,978.6666666666666,1025.6666666666667,194.24812311405577,2
MAT000007,MECH,2023-05-01,1496,362258.72000000003,11,5,2,2023,0,0,296.0,1167.0,779.0,1315.0,506.0,747.3333333333334,888.1666666666666,436.3626167917382,2
MAT000007,MECH,2023-06-01,1035,218519.52,10,6,2,2023,0,1,1496.0,296.0,1167.0,782.0,312.0,986.3333333333334,918.3333333333334,620.0647815618408,2
MAT000007,MECH,2023-07-01,983,248401.41,10,7,3,2023,0,1,1035.0,1496.0,296.0,990.0,421.0,942.3333333333334,960.5,605.3431533711547,2
MAT000007,MECH,2023-08-01,711,227176.0,6,8,3,2023,0,1,983.0,1035.0,1496.0,779.0,628.0,1171.3333333333333,959.3333333333334,282.3691437344621,2
MAT000007,MECH,2023-09-01,455,110509.52,5,9,3,2023,0,0,711.0,983.0,1035.0,1167.0,838.0,909.6666666666666,948.0,174.00383137544202,2
MAT000007,MECH,2023-10-01,839,181629.08000000002,7,10,4,2023,1,0,455.0,711.0,983.0,296.0,1121.0,716.3333333333334,829.3333333333334,264.04040094904656,2
MAT000007,MECH,2023-11-01,1204,373073.37,10,11,4,2023,1,0,839.0,455.0,711.0,1496.0,1315.0,668.3333333333334,919.8333333333334,195.523229651449,2
MAT000007,MECH,2023-12-01,894,151580.36,8,12,4,2023,1,0,1204.0,839.0,455.0,1035.0,782.0,832.6666666666666,871.1666666666666,374.5401625104219,2
MAT000007,MECH,2024-01-01,112,19204.04,2,1,1,2024,0,0,894.0,1204.0,839.0,983.0,990.0,979.0,847.6666666666666,196.78668654154407,2
MAT000007,MECH,2024-03-01,967,240310.03999999998,10,3,1,2024,0,0,112.0,894.0,1204.0,711.0,779.0,736.6666666666666,702.5,562.7444653955588,2
MAT000007,MECH,2024-04-01,618,176999.54,6,4,2,2024,0,0,967.0,112.0,894.0,455.0,1167.0,657.6666666666666,745.1666666666666,473.9687050147228,2
MAT000007,MECH,2024-05-01,959,226528.06,10,5,2,2024,0,0,618.0,967.0,112.0,839.0,296.0,565.6666666666666,772.3333333333334,429.89572379047144,2
MAT000007,MECH,2024-06-01,225,48182.53,3,6,2,2024,0,1,959.0,618.0,967.0,1204.0,1496.0,848.0,792.3333333333334,199.22600231897422,2
MAT000007,MECH,2024-07-01,69,2355.1,2,7,3,2024,0,1,225.0,959.0,618.0,894.0,1035.0,600.6666666666666,629.1666666666666,367.30686535012296,2
MAT000007,MECH,2024-08-01,316,27807.129999999997,4,8,3,2024,0,1,69.0,225.0,959.0,112.0,983.0,417.6666666666667,491.6666666666667,475.2529151234461,2
MAT000007,MECH,2024-09-01,85,33340.71,2,9,3,2024,0,0,316.0,69.0,225.0,967.0,711.0,203.33333333333334,525.6666666666666,124.91730598013045,2
MAT000007,MECH,2024-11-01,221,35576.58,1,11,4,2024,1,0,85.0,316.0,69.0,618.0,455.0,156.66666666666666,378.6666666666667,138.21842617152592,2
MAT000008,PACK,2022-06-01,751,90138.17,8,6,2,2022,0,1,43.0,508.0,659.0,675.0,161.0,403.3333333333333,442.0,321.06126102869115,0
MAT000008,PACK,2022-07-01,905,225265.36,10,7,3,2022,0,1,751.0,43.0,508.0,356.0,91.0,434.0,454.6666666666667,359.75408267315055,0
MAT000008,PACK,2022-08-01,601,85016.96,5,8,3,2022,0,1,905.0,751.0,43.0,411.0,342.0,566.3333333333334,546.1666666666666,459.71440409599234,0
MAT000008,PACK,2022-09-01,238,65925.54999999999,4,9,3,2022,0,0,601.0,905.0,751.0,659.0,174.0,752.3333333333334,577.8333333333334,152.00438590163517,0
MAT000008,PACK,2022-10-01,1063,313972.34,7,10,4,2022,1,0,238.0,601.0,905.0,508.0,1073.0,581.3333333333334,507.6666666666667,333.93462434035393,0
MAT000008,PACK,2022-11-01,1494,449840.29,12,11,4,2022,1,0,1063.0,238.0,601.0,43.0,829.0,634.0,600.1666666666666,413.488814842675,0
MAT000008,PACK,2022-12-01,1572,323549.41000000003,9,12,4,2022,1,0,1494.0,1063.0,238.0,751.0,675.0,931.6666666666666,842.0,638.2165254310901,0
MAT000008,PACK,2023-01-01,1204,295578.08,12,1,1,2023,0,0,1572.0,1494.0,1063.0,905.0,356.0,1376.3333333333333,978.8333333333334,274.1429067718754,0
MAT000008,PACK,2023-02-01,1030,379017.48000000004,8,2,1,2023,0,0,1204.0,1572.0,1494.0,601.0,411.0,1423.3333333333333,1028.6666666666667,193.9106323369948,0
MAT000008,PACK,2023-03-01,941,257954.22999999998,12,3,1,2023,0,0,1030.0,1204.0,1572.0,238.0,659.0,1268.6666666666667,1100.1666666666667,276.72609803437985,0
MAT000008,PACK,2023-04-01,817,193394.36000000002,9,4,2,2023,0,0,941.0,1030.0,1204.0,1063.0,508.0,1058.3333333333333,1217.3333333333333,133.76970259865726,0
MAT000008,PACK,2023-05-01,1225,292190.88,11,5,2,2023,0,0,817.0,941.0,1030.0,1494.0,43.0,929.3333333333334,1176.3333333333333,106.97819092381953,0
MAT000008,PACK,2023-06-01,994,250633.31,13,6,2,2023,0,1,1225.0,817.0,941.0,1572.0,751.0,994.3333333333334,1131.5,209.16341298930175,0
MAT000008,PACK,2023-07-01,881,256062.32,10,7,3,2023,0,1,994.0,1225.0,817.0,1204.0,905.0,1012.0,1035.1666666666667,204.59472133952985,0
MAT000008,PACK,2023-08-01,773,265307.21,9,8,3,2023,0,1,881.0,994.0,1225.0,1030.0,601.0,1033.3333333333333,981.3333333333334,175.34062088783995,0
MAT000008,PACK,2023-09-01,850,261523.9,10,9,3,2023,0,0,773.0,881.0,994.0,941.0,238.0,882.6666666666666,938.5,110.50942644558964,0
MAT000008,PACK,2023-10-01,956,203327.64,7,10,4,2023,1,0,850.0,773.0,881.0,817.0,1063.0,834.6666666666666,923.3333333333334,55.608752308725514,0
MAT000008,PACK,2023-11-01,1162,155245.54,9,11,4,2023,1,0,956.0,850.0,773.0,1225.0,1494.0,859.6666666666666,946.5,91.88217092196498,0
MAT000008,PACK,2023-12-01,818,175596.75,8,12,4,2023,1,0,1162.0,956.0,850.0,994.0,1572.0,989.3333333333334,936.0,158.64845833897405,0
MAT000008,PACK,2024-01-01,198,66907.15000000001,4,1,1,2024,0,0,818.0,1162.0,956.0,881.0,1204.0,978.6666666666666,906.6666666666666,173.11653108046377,0
MAT000008,PACK,2024-02-01,427,119524.31000000001,5,2,1,2024,0,0,198.0,818.0,1162.0,773.0,1030.0,726.0,792.8333333333334,488.5406840786137,0
MAT000008,PACK,2024-03-01,405,76031.44,6,3,1,2024,0,0,427.0,198.0,818.0,850.0,941.0,481.0,735.1666666666666,313.5075756660433,0
MAT000008,PACK,2024-04-01,217,32570.440000000002,2,4,2,2024,0,0,405.0,427.0,198.0,956.0,817.0,343.3333333333333,661.0,126.34212810196442,0
MAT000008,PACK,2024-05-01,950,247649.62,9,5,2,2024,0,0,217.0,405.0,427.0,1162.0,1225.0,349.6666666666667,537.8333333333334,115.41808061709045,0
MAT000008,PACK,2024-06-01,418,123915.69,6,6,2,2024,0,1,950.0,217.0,405.0,818.0,994.0,524.0,502.5,380.71380326959496,0
MAT000008,PACK,2024-08-01,243,28969.120000000003,3,8,3,2024,0,1,418.0,950.0,217.0,198.0,881.0,528.3333333333334,435.8333333333333,378.75101760039297,0
MAT000008,PACK,2024-09-01,314,62002.07,4,9,3,2024,0,0,243.0,418.0,950.0,427.0,773.0,537.0,443.3333333333333,368.2159692354473,0
MAT000008,PACK,2024-10-01,132,11148.48,2,10,4,2024,1,0,314.0,243.0,418.0,405.0,850.0,325.0,424.5,88.01704380402613,0
MAT000009,ELEC,2022-04-01,506,139763.01,4,4,2,2022,0,0,414.0,356.0,388.0,731.0,74.0,386.0,579.8333333333334,29.051678092669494,3
MAT000009,ELEC,2022-05-01,617,165693.93,6,5,2,2022,0,0,506.0,414.0,356.0,1140.0,214.0,425.3333333333333,542.3333333333334,75.63949585589143,3
MAT000009,ELEC,2022-06-01,472,75611.15,9,6,2,2022,0,1,617.0,506.0,414.0,450.0,192.0,512.3333333333334,455.1666666666667,101.64808573373823,3
MAT000009,ELEC,2022-07-01,645,176516.52,9,7,3,2022,0,1,472.0,617.0,506.0,388.0,17.0,531.6666666666666,458.8333333333333,75.83095234357401,3
MAT000009,ELEC,2022-08-01,536,100894.21,5,8,3,2022,0,1,645.0,472.0,617.0,356.0,522.0,578.0,501.6666666666667,92.86010984270943,3
MAT000009,ELEC,2022-09-01,338,111513.97,5,9,3,2022,0,0,536.0,645.0,472.0,414.0,117.0,551.0,531.6666666666666,87.46999485537918,3
MAT000009,ELEC,2022-10-01,1448,381373.17,9,10,4,2022,1,0,338.0,536.0,645.0,506.0,731.0,506.3333333333333,519.0,155.6352573594216,3
MAT000009,ELEC,2022-11-01,972,242222.7,7,11,4,2022,1,0,1448.0,338.0,536.0,617.0,1140.0,774.0,676.0,592.0371609958281,3
MAT000009,ELEC,2022-12-01,1095,426124.69,10,12,4,2022,1,0,972.0,1448.0,338.0,472.0,450.0,919.3333333333334,735.1666666666666,556.8710203748561,3
MAT000009,ELEC,2023-01-01,1121,262501.38,9,1,1,2023,0,0,1095.0,972.0,1448.0,645.0,388.0,1171.6666666666667,839.0,247.0877037275092,3
MAT000009,ELEC,2023-02-01,663,203666.41,7,2,1,2023,0,0,1121.0,1095.0,972.0,536.0,356.0,1062.6666666666667,918.3333333333334,79.58852513606075,3
MAT000009,ELEC,2023-03-01,1109,250116.19,12,3,1,2023,0,0,663.0,1121.0,1095.0,338.0,414.0,959.6666666666666,939.5,257.2495545833527,3
MAT000009,ELEC,2023-04-01,704,272483.56,6,4,2,2023,0,0,1109.0,663.0,1121.0,1448.0,506.0,964.3333333333334,1068.0,261.03128803523407,3
MAT000009,ELEC,2023-05-01,1438,311942.73,14,5,2,2023,0,0,704.0,1109.0,663.0,972.0,617.0,825.3333333333334,944.0,246.51639566838824,3
MAT000009,ELEC,2023-06-01,393,100595.23,7,6,2,2023,0,1,1438.0,704.0,1109.0,1095.0,472.0,1083.6666666666667,1021.6666666666666,367.65518265534257,3
MAT000009,ELEC,2023-07-01,770,244882.01,8,7,3,2023,0,1,393.0,1438.0,704.0,1121.0,645.0,845.0,904.6666666666666,536.5789783433563,3
MAT000009,ELEC,2023-08-01,922,247961.38,13,8,3,2023,0,1,770.0,393.0,1438.0,663.0,536.0,867.0,846.1666666666666,529.2097882692648,3
MAT000009,ELEC,2023-09-01,1371,262962.76,12,9,3,2023,0,0,922.0,770.0,393.0,1109.0,338.0,695.0,889.3333333333334,272.3582199971207,3
MAT000009,ELEC,2023-10-01,735,82009.56,5,10,4,2023,1,0,1371.0,922.0,770.0,704.0,1448.0,1021.0,933.0,312.49159988710096,3
MAT000009,ELEC,2023-11-01,558,137694.97,4,11,4,2023,1,0,735.0,1371.0,922.0,1438.0,972.0,1009.3333333333334,938.1666666666666,326.8705146282444,3
MAT000009,ELEC,2023-12-01,312,26418.34,4,12,4,2023,1,0,558.0,735.0,1371.0,393.0,1095.0,888.0,791.5,427.54999707636534,3
MAT000009,ELEC,2024-01-01,613,199309.66999999998,7,1,1,2024,0,0,312.0,558.0,735.0,770.0,1121.0,535.0,778.0,212.43587267690924,3
MAT000009,ELEC,2024-02-01,812,220484.07,8,2,1,2024,0,0,613.0,312.0,558.0,922.0,663.0,494.3333333333333,751.8333333333334,160.2820430782355,3
MAT000009,ELEC,2024-03-01,457,126250.32999999999,4,3,1,2024,0,0,812.0,613.0,312.0,1371.0,1109.0,579.0,733.5,251.72802783957133,3
MAT000009,ELEC,2024-04-01,218,43893.86,2,4,2,2024,0,0,457.0,812.0,613.0,735.0,704.0,627.3333333333334,581.1666666666666,177.9335081802563,3
MAT000009,ELEC,2024-05-01,523,162131.9,6,5,2,2024,0,0,218.0,457.0,812.0,558.0,1438.0,495.6666666666667,495.0,298.88180495529224,3
MAT000009,ELEC,2024-06-01,128,17345.29,2,6,2,2024,0,1,523.0,218.0,457.0,312.0,393.0,399.3333333333333,489.1666666666667,160.46910398370562,3
MAT000009,ELEC,2024-07-01,239,81166.79,2,7,3,2024,0,1,128.0,523.0,218.0,613.0,770.0,289.6666666666667,458.5,207.02254305590327,3
MAT000009,ELEC,2024-08-01,96,23931.129999999997,2,8,3,2024,0,1,239.0,128.0,523.0,812.0,922.0,296.6666666666667,396.1666666666667,203.71630600748023,3
MAT000009,ELEC,2024-09-01,167,58974.67,2,9,3,2024,0,0,96.0,239.0,128.0,457.0,1371.0,154.33333333333334,276.8333333333333,75.04887296511077,3
MAT000010,PACK,2022-04-01,1452,319115.24,12,4,2,2022,0,0,221.0,181.0,540.0,750.0,14.0,314.0,391.5,196.74094642447986,0
MAT000010,PACK,2022-05-01,575,87197.51,5,5,2,2022,0,0,1452.0,221.0,181.0,196.0,191.0,618.0,508.5,722.5420402993864,0
MAT000010,PACK,2022-06-01,253,57517.9,6,6,2,2022,0,1,575.0,1452.0,221.0,461.0,113.0,749.3333333333334,571.6666666666666,633.7462688910549,0
MAT000010,PACK,2022-07-01,392,103738.34,7,7,3,2022,0,1,253.0,575.0,1452.0,540.0,301.0,760.0,537.0,620.539281593035,0
MAT000010,PACK,2022-08-01,760,219103.96,6,8,3,2022,0,1,392.0,253.0,575.0,181.0,98.0,406.6666666666667,512.3333333333334,161.50025799772996,0
MAT000010,PACK,2022-09-01,937,145029.93,9,9,3,2022,0,0,760.0,392.0,253.0,221.0,441.0,468.3333333333333,608.8333333333334,261.9777344228576,0
MAT000010,PACK,2022-10-01,1758,453916.57,13,10,4,2022,1,0,937.0,760.0,392.0,1452.0,750.0,696.3333333333334,728.1666666666666,278.0221813692807,0
MAT000010,PACK,2022-11-01,1728,467613.63,10,11,4,2022,1,0,1758.0,937.0,760.0,575.0,196.0,1151.6666666666667,779.1666666666666,532.5057120194422,0
MAT000010,PACK,2022-12-01,1576,384745.07999999996,12,12,4,2022,1,0,1728.0,1758.0,937.0,253.0,461.0,1474.3333333333333,971.3333333333334,465.5860106718554,0
MAT000010,PACK,2023-01-01,918,321064.33,9,1,1,2023,0,0,1576.0,1728.0,1758.0,392.0,540.0,1687.3333333333333,1191.8333333333333,97.57731976916082,0
MAT000010,PACK,2023-02-01,1194,274263.49,10,2,1,2023,0,0,918.0,1576.0,1728.0,760.0,181.0,1407.3333333333333,1279.5,430.5360999188489,0
MAT000010,PACK,2023-03-01,838,177273.5,10,3,1,2023,0,0,1194.0,918.0,1576.0,937.0,221.0,1229.3333333333333,1351.8333333333333,330.41993483041097,0
MAT000010,PACK,2023-04-01,893,211118.7,10,4,2,2023,0,0,838.0,1194.0,918.0,1758.0,1452.0,983.3333333333334,1335.3333333333333,186.77615836431855,0
MAT000010,PACK,2023-05-01,1596,399320.95999999996,13,5,2,2023,0,0,893.0,838.0,1194.0,1728.0,575.0,975.0,1191.1666666666667,191.64289707682792,0
MAT000010,PACK,2023-06-01,738,199225.99,11,6,2,2023,0,1,1596.0,893.0,838.0,1576.0,253.0,1109.0,1169.1666666666667,422.6499733822299,0
MAT000010,PACK,2023-07-01,673,183763.86000000002,8,7,3,2023,0,1,738.0,1596.0,893.0,918.0,392.0,1075.6666666666667,1029.5,457.23772081197876,0
MAT000010,PACK,2023-08-01,938,191715.97,11,8,3,2023,0,1,673.0,738.0,1596.0,1194.0,760.0,1002.3333333333334,988.6666666666666,515.1566104917349,0
MAT000010,PACK,2023-09-01,664,198188.84,8,9,3,2023,0,0,938.0,673.0,738.0,838.0,937.0,783.0,946.0,138.11227316933028,0
MAT000010,PACK,2023-10-01,1156,156866.63999999998,7,10,4,2023,1,0,664.0,938.0,673.0,893.0,1758.0,758.3333333333334,917.0,155.66095635493522,0
MAT000010,PACK,2023-11-01,2042,495426.86,14,11,4,2023,1,0,1156.0,664.0,938.0,1596.0,1728.0,919.3333333333334,960.8333333333334,246.53059309816507,0
MAT000010,PACK,2023-12-01,1058,140401.63,10,12,4,2023,1,0,2042.0,1156.0,664.0,738.0,1576.0,1287.3333333333333,1035.1666666666667,698.3246618395581,0
MAT000010,PACK,2024-01-01,844,236810.59,6,1,1,2024,0,0,1058.0,2042.0,1156.0,673.0,918.0,1418.6666666666667,1088.5,542.0418188049084,0
MAT000010,PACK,2024-02-01,1355,320883.18,11,2,1,2024,0,0,844.0,1058.0,2042.0,938.0,1194.0,1314.6666666666667,1117.0,638.9126179168268,0
MAT000010,PACK,2024-03-01,387,43731.19,6,3,1,2024,0,0,1355.0,844.0,1058.0,664.0,838.0,1085.6666666666667,1186.5,256.6209916069477,0
MAT000010,PACK,2024-04-01,237,73324.98,2,4,2,2024,0,0,387.0,1355.0,844.0,1156.0,893.0,862.0,1140.3333333333333,484.2509679907721,0
MAT000010,PACK,2024-05-01,470,48676.91,5,5,2,2024,0,0,237.0,387.0,1355.0,2042.0,1596.0,659.6666666666666,987.1666666666666,606.828916032627,0
MAT000010,PACK,2024-06-01,240,74941.61,4,6,2,2024,0,1,470.0,237.0,387.0,1058.0,738.0,364.6666666666667,725.1666666666666,118.09459485231788,0
MAT000010,PACK,2024-07-01,326,56698.090000000004,4,7,3,2024,0,1,240.0,470.0,237.0,844.0,673.0,315.6666666666667,588.8333333333334,133.66500414593605,0
MAT000010,PACK,2024-09-01,85,16288.55,1,9,3,2024,0,0,326.0,240.0,470.0,1355.0,938.0,345.3333333333333,502.5,116.2124491323245,0
MAT000010,PACK,2024-10-01,164,68294.52,1,10,4,2024,1,0,85.0,326.0,240.0,387.0,664.0,217.0,290.8333333333333,122.13517101965253,0
MAT000010,PACK,2024-11-01,201,64578.61,2,11,4,2024,1,0,164.0,85.0,326.0,237.0,1156.0,191.66666666666666,253.66666666666666,122.85899777115677,0
MAT000011,CHEM,2022-03-01,746,233446.21,6,3,1,2022,0,0,908.0,246.0,203.0,591.0,12.0,452.3333333333333,424.1666666666667,395.2041666447019,4
MAT000011,CHEM,2022-04-01,330,15251.15,3,4,2,2022,0,0,746.0,908.0,246.0,317.0,53.0,633.3333333333334,450.0,345.081632854218,4
MAT000011,CHEM,2022-05-01,905,211639.65,7,5,2,2022,0,0,330.0,746.0,908.0,280.0,19.0,661.3333333333334,452.1666666666667,298.1565584275035,4
MAT000011,CHEM,2022-06-01,249,59609.1,2,6,2,2022,0,1,905.0,330.0,746.0,203.0,258.0,660.3333333333334,556.3333333333334,296.9180582809562,4
MAT000011,CHEM,2022-07-01,458,101341.58,6,7,3,2022,0,1,249.0,905.0,330.0,246.0,77.0,494.6666666666667,564.0,357.65952151918634,4
MAT000011,CHEM,2022-08-01,820,180939.28,9,8,3,2022,0,1,458.0,249.0,905.0,908.0,772.0,537.3333333333334,599.3333333333334,335.1183870415548,4
MAT000011,CHEM,2022-09-01,254,73607.42,4,9,3,2022,0,0,820.0,458.0,249.0,746.0,591.0,509.0,584.6666666666666,288.89617512179,4
MAT000011,CHEM,2022-10-01,1148,275848.11,7,10,4,2022,1,0,254.0,820.0,458.0,330.0,317.0,510.6666666666667,502.6666666666667,286.6519376061032,4
MAT000011,CHEM,2022-11-01,659,157502.03,5,11,4,2022,1,0,1148.0,254.0,820.0,905.0,280.0,740.6666666666666,639.0,452.24919384486833,4
MAT000011,CHEM,2022-12-01,1187,276175.24,6,12,4,2022,1,0,659.0,1148.0,254.0,249.0,203.0,687.0,598.0,447.6572349465604,4
MAT000011,CHEM,2023-01-01,714,194393.2,9,1,1,2023,0,0,1187.0,659.0,1148.0,458.0,246.0,998.0,754.3333333333334,294.22950225971556,4
MAT000011,CHEM,2023-02-01,657,205750.77000000002,6,2,1,2023,0,0,714.0,1187.0,659.0,820.0,908.0,853.3333333333334,797.0,290.26941508421675,4
MAT000011,CHEM,2023-03-01,1006,283466.31,9,3,1,2023,0,0,657.0,714.0,1187.0,254.0,746.0,852.6666666666666,769.8333333333334,290.9404291832493,4
MAT000011,CHEM,2023-04-01,746,110539.8,7,4,2,2023,0,0,1006.0,657.0,714.0,1148.0,330.0,792.3333333333334,895.1666666666666,187.2226838108387,4
MAT000011,CHEM,2023-05-01,1473,392578.78,16,5,2,2023,0,0,746.0,1006.0,657.0,659.0,905.0,803.0,828.1666666666666,181.34773227145672,4
MAT000011,CHEM,2023-06-01,547,105894.54000000001,7,6,2,2023,0,1,1473.0,746.0,1006.0,1187.0,249.0,1075.0,963.8333333333334,368.3788810450457,4
MAT000011,CHEM,2023-07-01,1226,340621.08,16,7,3,2023,0,1,547.0,1473.0,746.0,714.0,458.0,922.0,857.1666666666666,487.4433300395031,4
MAT000011,CHEM,2023-08-01,543,166084.73,6,8,3,2023,0,1,1226.0,547.0,1473.0,657.0,820.0,1082.0,942.5,479.50078206401287,4
MAT000011,CHEM,2023-09-01,612,86939.03,6,9,3,2023,0,0,543.0,1226.0,547.0,1006.0,254.0,772.0,923.5,393.1806200717425,4
MAT000011,CHEM,2023-10-01,343,103284.54000000001,3,10,4,2023,1,0,612.0,543.0,1226.0,746.0,1148.0,793.6666666666666,857.8333333333334,375.99778368141114,4
MAT000011,CHEM,2023-11-01,2257,576808.95,15,11,4,2023,1,0,343.0,612.0,543.0,1473.0,659.0,499.3333333333333,790.6666666666666,139.71518648068735,4
MAT000011,CHEM,2023-12-01,843,281804.48,5,12,4,2023,1,0,2257.0,343.0,612.0,547.0,1187.0,1070.6666666666667,921.3333333333334,1036.1613452225158,4
MAT000011,CHEM,2024-01-01,608,175722.59,8,1,1,2024,0,0,843.0,2257.0,343.0,1226.0,714.0,1147.6666666666667,970.6666666666666,992.7060659295547,4
MAT000011,CHEM,2024-02-01,349,110876.59999999999,4,2,1,2024,0,0,608.0,843.0,2257.0,543.0,657.0,1236.0,867.6666666666666,891.9848653424565,4
MAT000011,CHEM,2024-03-01,687,120912.31,6,3,1,2024,0,0,349.0,608.0,843.0,612.0,1006.0,600.0,835.3333333333334,247.09714688761542,4
MAT000011,CHEM,2024-04-01,314,57274.59,3,4,2,2024,0,0,687.0,349.0,608.0,343.0,746.0,548.0,847.8333333333334,176.80780525757274,4
MAT000011,CHEM,2024-05-01,454,93823.49,3,5,2,2024,0,0,314.0,687.0,349.0,2257.0,1473.0,450.0,843.0,205.99271831790486,4
MAT000011,CHEM,2024-06-01,503,171956.64,6,6,2,2024,0,1,454.0,314.0,687.0,843.0,547.0,485.0,542.5,188.4223978193668,4
MAT000011,CHEM,2024-07-01,588,213424.98,7,7,3,2024,0,1,503.0,454.0,314.0,608.0,1226.0,423.6666666666667,485.8333333333333,98.08329793258898,4
MAT000011,CHEM,2024-08-01,395,24042.58,3,8,3,2024,0,1,588.0,503.0,454.0,349.0,543.0,515.0,482.5,67.80117993073381,4
MAT000011,CHEM,2024-09-01,552,125900.02,4,9,3,2024,0,0,395.0,588.0,503.0,687.0,612.0,495.3333333333333,490.1666666666667,96.72814137226591,4
MAT000011,CHEM,2024-10-01,6,1265.28,1,10,4,2024,1,0,552.0,395.0,588.0,314.0,343.0,511.6666666666667,467.6666666666667,102.62715689978491,4
MAT000011,CHEM,2024-11-01,236,81752.76,1,11,4,2024,1,0,6.0,552.0,395.0,454.0,2257.0,317.6666666666667,416.3333333333333,281.0948831503927,4
MAT000012,CONS,2022-05-01,900,213318.42,9,5,2,2022,0,0,555.0,238.0,862.0,839.0,79.0,551.6666666666666,533.0,312.01335441505285,1
MAT000012,CONS,2022-06-01,712,171435.06,7,6,2,2022,0,1,900.0,555.0,238.0,519.0,281.0,564.3333333333334,543.1666666666666,331.0986761274248,1
MAT000012,CONS,2022-07-01,945,245175.13,13,7,3,2022,0,1,712.0,900.0,555.0,185.0,222.0,722.3333333333334,575.3333333333334,172.73196963310934,1
MAT000012,CONS,2022-08-01,953,276664.18,7,8,3,2022,0,1,945.0,712.0,900.0,862.0,97.0,852.3333333333334,702.0,123.59746491467142,1
MAT000012,CONS,2022-09-01,1227,350053.69,11,9,3,2022,0,0,953.0,945.0,712.0,238.0,8.0,870.0,717.1666666666666,136.89046716261913,1
MAT000012,CONS,2022-10-01,945,231800.76,8,10,4,2022,1,0,1227.0,953.0,945.0,555.0,286.0,1041.6666666666667,882.0,160.55321028660097,1
MAT000012,CONS,2022-11-01,1336,254795.28,10,11,4,2022,1,0,945.0,1227.0,953.0,900.0,839.0,1041.6666666666667,947.0,160.55321028660097,1
MAT000012,CONS,2022-12-01,1496,347020.2,11,12,4,2022,1,0,1336.0,945.0,1227.0,712.0,519.0,1169.3333333333333,1019.6666666666666,201.77793073905175,1
MAT000012,CONS,2023-01-01,590,178409.78,6,1,1,2023,0,0,1496.0,1336.0,945.0,945.0,185.0,1259.0,1150.3333333333333,283.45546387395717,1
MAT000012,CONS,2023-02-01,813,225384.52000000002,7,2,1,2023,0,0,590.0,1496.0,1336.0,953.0,862.0,1140.6666666666667,1091.1666666666667,483.5548917479107,1
MAT000012,CONS,2023-03-01,905,186998.11000000002,13,3,1,2023,0,0,813.0,590.0,1496.0,1227.0,238.0,966.3333333333334,1067.8333333333333,472.0617897408491,1
MAT000012,CONS,2023-04-01,204,58021.68,1,4,2,2023,0,0,905.0,813.0,590.0,945.0,555.0,769.3333333333334,1014.1666666666666,161.97633572017133,1
MAT000012,CONS,2023-05-01,1953,561657.74,20,5,2,2023,0,0,204.0,905.0,813.0,1336.0,900.0,640.6666666666666,890.6666666666666,380.95187797585885,1
MAT000012,CONS,2023-06-01,146,58238.53,6,6,2,2023,0,1,1953.0,204.0,905.0,1496.0,712.0,1020.6666666666666,993.5,880.2183441245322,1
MAT000012,CONS,2023-07-01,542,194293.72,10,7,3,2023,0,1,146.0,1953.0,204.0,590.0,945.0,767.6666666666666,768.5,1026.9383298588739,1
MAT000012,CONS,2023-08-01,657,197945.78,8,8,3,2023,0,1,542.0,146.0,1953.0,813.0,953.0,880.3333333333334,760.5,949.8233169033773,1
MAT000012,CONS,2023-09-01,1374,300763.85,13,9,3,2023,0,0,657.0,542.0,146.0,905.0,1227.0,448.3333333333333,734.5,268.06777749914954,1
MAT000012,CONS,2023-10-01,759,216643.0,6,10,4,2023,1,0,1374.0,657.0,542.0,204.0,945.0,857.6666666666666,812.6666666666666,450.8395871408515,1
MAT000012,CONS,2023-11-01,1041,208987.25,11,11,4,2023,1,0,759.0,1374.0,657.0,1953.0,1336.0,930.0,905.1666666666666,387.88271423202156,1
MAT000012,CONS,2023-12-01,536,74677.58,4,12,4,2023,1,0,1041.0,759.0,1374.0,146.0,1496.0,1058.0,753.1666666666666,307.85223728275884,1
MAT000012,CONS,2024-01-01,327,53931.5,8,1,1,2024,0,0,536.0,1041.0,759.0,542.0,590.0,778.6666666666666,818.1666666666666,253.07377053605055,1
MAT000012,CONS,2024-02-01,618,223187.48,7,2,1,2024,0,0,327.0,536.0,1041.0,657.0,813.0,634.6666666666666,782.3333333333334,367.0835508890771,1
MAT000012,CONS,2024-03-01,642,181806.37,4,3,1,2024,0,0,618.0,327.0,536.0,1374.0,905.0,493.6666666666667,775.8333333333334,150.04777017114827,1
MAT000012,CONS,2024-04-01,251,66827.91,2,4,2,2024,0,0,642.0,618.0,327.0,759.0,204.0,529.0,653.8333333333334,175.34822496963116,1
MAT000012,CONS,2024-05-01,498,91382.76999999999,3,5,2,2024,0,0,251.0,642.0,618.0,1041.0,1953.0,503.6666666666667,569.1666666666666,219.14454894734146,1
MAT000012,CONS,2024-06-01,280,53904.41,5,6,2,2024,0,1,498.0,251.0,642.0,536.0,146.0,463.6666666666667,478.6666666666667,197.74815633358952,1
MAT000012,CONS,2024-07-01,118,42113.12,3,7,3,2024,0,1,280.0,498.0,251.0,327.0,542.0,343.0,436.0,135.0148140020217,1
MAT000012,CONS,2024-08-01,248,54135.06,3,8,3,2024,0,1,118.0,280.0,498.0,618.0,657.0,298.6666666666667,401.1666666666667,190.68647915710721,1
MAT000012,CONS,2024-09-01,276,34719.43,2,9,3,2024,0,0,248.0,118.0,280.0,642.0,1374.0,215.33333333333334,339.5,85.79821287960455,1
MAT000012,CONS,2024-10-01,755,169333.53999999998,6,10,4,2024,1,0,276.0,248.0,118.0,251.0,759.0,214.0,278.5,84.30895563343557,1
MAT000012,CONS,2024-11-01,234,39720.98,2,11,4,2024,1,0,755.0,276.0,248.0,498.0,1041.0,426.3333333333333,362.5,284.9777769113476,1
MAT000013,CONS,2022-04-01,583,171373.4,7,4,2,2022,0,0,532.0,904.0,709.0,559.0,163.0,715.0,651.8333333333334,186.07256648952838,1
MAT000013,CONS,2022-05-01,520,111125.96,6,5,2,2022,0,0,583.0,532.0,904.0,827.0,248.0,673.0,655.8333333333334,201.6705233790996,1
MAT000013,CONS,2022-06-01,330,54245.08,5,6,2,2022,0,1,520.0,583.0,532.0,380.0,146.0,545.0,604.6666666666666,33.451457367354806,1
MAT000013,CONS,2022-07-01,574,148126.66,9,7,3,2022,0,1,330.0,520.0,583.0,709.0,270.0,477.6666666666667,596.3333333333334,131.70547951142083,1
MAT000013,CONS,2022-08-01,585,131603.39,6,8,3,2022,0,1,574.0,330.0,520.0,904.0,288.0,474.6666666666667,573.8333333333334,128.16135663035598,1
MAT000013,CONS,2022-09-01,320,71998.33,5,9,3,2022,0,0,585.0,574.0,330.0,532.0,391.0,496.3333333333333,520.6666666666666,144.15385299510137,1
MAT000013,CONS,2022-10-01,743,207517.82,4,10,4,2022,1,0,320.0,585.0,574.0,583.0,559.0,493.0,485.3333333333333,149.92331373072022,1
MAT000013,CONS,2022-11-01,1453,340889.4,11,11,4,2022,1,0,743.0,320.0,585.0,520.0,827.0,549.3333333333334,512.0,213.74361588906766,1
MAT000013,CONS,2022-12-01,1016,263779.37,9,12,4,2022,1,0,1453.0,743.0,320.0,330.0,380.0,838.6666666666666,667.5,572.5262730507075,1
MAT000013,CONS,2023-01-01,1042,258719.12,14,1,1,2023,0,0,1016.0,1453.0,743.0,574.0,709.0,1070.6666666666667,781.8333333333334,358.14289513172423,1
MAT000013,CONS,2023-02-01,769,235665.89,9,2,1,2023,0,0,1042.0,1016.0,1453.0,585.0,904.0,1170.3333333333333,859.8333333333334,245.14145576244994,1
MAT000013,CONS,2023-03-01,772,141616.24,9,3,1,2023,0,0,769.0,1042.0,1016.0,320.0,532.0,942.3333333333334,890.5,150.67293497285166,1
MAT000013,CONS,2023-04-01,975,277101.13,12,4,2,2023,0,0,772.0,769.0,1042.0,743.0,583.0,861.0,965.8333333333334,156.75777492679543,1
MAT000013,CONS,2023-05-01,579,178837.07,7,5,2,2023,0,0,975.0,772.0,769.0,1453.0,520.0,838.6666666666666,1004.5,118.07765806168918,1
MAT000013,CONS,2023-06-01,900,247967.09,13,6,2,2023,0,1,579.0,975.0,772.0,1016.0,330.0,775.3333333333334,858.8333333333334,198.0210426528787,1
MAT000013,CONS,2023-07-01,739,140647.12,10,7,3,2023,0,1,900.0,579.0,975.0,1042.0,574.0,818.0,839.5,210.34970881843375,1
MAT000013,CONS,2023-08-01,1137,269616.75,13,8,3,2023,0,1,739.0,900.0,579.0,769.0,585.0,739.3333333333334,789.0,160.5002596051894,1
MAT000013,CONS,2023-09-01,1660,390486.64,14,9,3,2023,0,0,1137.0,739.0,900.0,772.0,320.0,925.3333333333334,850.3333333333334,200.20572752379783,1
MAT000013,CONS,2023-10-01,1502,270797.14,9,10,4,2023,1,0,1660.0,1137.0,739.0,975.0,743.0,1178.6666666666667,998.3333333333334,461.9116077057743,1
MAT000013,CONS,2023-11-01,1103,344860.92,6,11,4,2023,1,0,1502.0,1660.0,1137.0,579.0,1453.0,1433.0,1086.1666666666667,268.2405636737289,1
MAT000013,CONS,2023-12-01,749,193920.97999999998,6,12,4,2023,1,0,1103.0,1502.0,1660.0,900.0,1016.0,1421.6666666666667,1173.5,287.0580661352911,1
MAT000013,CONS,2024-01-01,832,186258.84,7,1,1,2024,0,0,749.0,1103.0,1502.0,739.0,1042.0,1118.0,1148.3333333333333,376.7240369288902,1
MAT000013,CONS,2024-02-01,455,84671.75,5,2,1,2024,0,0,832.0,749.0,1103.0,1137.0,769.0,894.6666666666666,1163.8333333333333,185.13328531988284,1
MAT000013,CONS,2024-03-01,385,57740.57,4,3,1,2024,0,0,455.0,832.0,749.0,1660.0,772.0,678.6666666666666,1050.1666666666667,198.09677769548182,1
MAT000013,CONS,2024-04-01,154,13397.960000000001,2,4,2,2024,0,0,385.0,455.0,832.0,1502.0,975.0,557.3333333333334,837.6666666666666,240.42947683953633,1
MAT000013,CONS,2024-05-01,663,163172.53999999998,6,5,2,2024,0,0,154.0,385.0,455.0,1103.0,579.0,331.3333333333333,613.0,157.51296242955104,1
MAT000013,CONS,2024-06-01,537,144042.98,6,6,2,2024,0,1,663.0,154.0,385.0,749.0,900.0,400.6666666666667,539.6666666666666,254.86140024203968,1
MAT000013,CONS,2024-07-01,153,31449.66,2,7,3,2024,0,1,537.0,663.0,154.0,832.0,739.0,451.3333333333333,504.3333333333333,265.0930654191715,1
MAT000013,CONS,2024-08-01,516,186202.97999999998,3,8,3,2024,0,1,153.0,537.0,663.0,455.0,1137.0,451.0,391.1666666666667,265.6539101914365,1
MAT000013,CONS,2024-09-01,143,48072.31,1,9,3,2024,0,0,516.0,153.0,537.0,385.0,1660.0,402.0,401.3333333333333,215.89580820386445,1
MAT000013,CONS,2024-10-01,412,171551.43,2,10,4,2024,1,0,143.0,516.0,153.0,154.0,1502.0,270.6666666666667,361.0,212.52372416587568,1
MAT000013,CONS,2024-11-01,39,16806.27,1,11,4,2024,1,0,412.0,143.0,516.0,663.0,1103.0,357.0,404.0,192.4863631533409,1
MAT000014,PACK,2022-03-01,1049,193129.55,8,3,1,2022,0,0,494.0,933.0,315.0,300.0,236.0,580.6666666666666,611.3333333333334,317.9848004753267,0
MAT000014,PACK,2022-04-01,300,86506.63,3,4,2,2022,0,0,1049.0,494.0,933.0,601.0,353.0,825.3333333333334,736.1666666666666,292.7461926880234,0
MAT000014,PACK,2022-05-01,105,26811.03,3,5,2,2022,0,0,300.0,1049.0,494.0,1025.0,256.0,614.3333333333334,686.0,388.7291259133195,0
MAT000014,PACK,2022-06-01,853,217110.83,10,6,2,2022,0,1,105.0,300.0,1049.0,315.0,1.0,484.6666666666667,532.6666666666666,498.35763597373864,0
MAT000014,PACK,2022-07-01,690,130090.34,10,7,3,2022,0,1,853.0,105.0,300.0,933.0,14.0,419.3333333333333,622.3333333333334,388.01589314528525,0
MAT000014,PACK,2022-08-01,584,115086.44,7,8,3,2022,0,1,690.0,853.0,105.0,494.0,345.0,549.3333333333334,581.8333333333334,393.3399716953941,0
MAT000014,PACK,2022-09-01,553,35701.01,5,9,3,2022,0,0,584.0,690.0,853.0,1049.0,300.0,709.0,596.8333333333334,135.50276749941355,0
MAT000014,PACK,2022-10-01,1264,408235.79,8,10,4,2022,1,0,553.0,584.0,690.0,300.0,601.0,609.0,514.1666666666666,71.84010022264785,0
MAT000014,PACK,2022-11-01,1246,167428.73,7,11,4,2022,1,0,1264.0,553.0,584.0,105.0,1025.0,800.3333333333334,674.8333333333334,401.84615630031044,0
MAT000014,PACK,2022-12-01,815,251271.33000000002,5,12,4,2022,1,0,1246.0,1264.0,553.0,853.0,315.0,1021.0,865.0,405.3998026639878,0
MAT000014,PACK,2023-01-01,1348,308999.49,11,1,1,2023,0,0,815.0,1246.0,1264.0,690.0,933.0,1108.3333333333333,858.6666666666666,254.19349585175004,0
MAT000014,PACK,2023-02-01,475,141050.51,6,2,1,2023,0,0,1348.0,815.0,1246.0,584.0,494.0,1136.3333333333333,968.3333333333334,282.917538044805,0
MAT000014,PACK,2023-03-01,714,208578.4,11,3,1,2023,0,0,475.0,1348.0,815.0,553.0,1049.0,879.3333333333334,950.1666666666666,440.0412859418235,0
MAT000014,PACK,2023-04-01,635,159286.36,7,4,2,2023,0,0,714.0,475.0,1348.0,1264.0,300.0,845.6666666666666,977.0,451.1477954432823,0
MAT000014,PACK,2023-05-01,1074,244450.72,10,5,2,2023,0,0,635.0,714.0,475.0,1246.0,105.0,608.0,872.1666666666666,121.7661693575039,0
MAT000014,PACK,2023-06-01,627,144066.56,10,6,2,2023,0,1,1074.0,635.0,714.0,815.0,853.0,807.6666666666666,843.5,234.00925907607515,0
MAT000014,PACK,2023-07-01,1019,225926.2,13,7,3,2023,0,1,627.0,1074.0,635.0,1348.0,690.0,778.6666666666666,812.1666666666666,255.7974459085424,0
MAT000014,PACK,2023-08-01,801,130005.79,7,8,3,2023,0,1,1019.0,627.0,1074.0,475.0,584.0,906.6666666666666,757.3333333333334,243.7546580751508,0
MAT000014,PACK,2023-09-01,553,193297.81,5,9,3,2023,0,0,801.0,1019.0,627.0,714.0,553.0,815.6666666666666,811.6666666666666,196.41113342510315,0
MAT000014,PACK,2023-10-01,1417,434256.81,12,10,4,2023,1,0,553.0,801.0,1019.0,635.0,1264.0,791.0,784.8333333333334,233.16088865845478,0
MAT000014,PACK,2023-11-01,1007,207663.05,10,11,4,2023,1,0,1417.0,553.0,801.0,1074.0,1246.0,923.6666666666666,915.1666666666666,444.8700184698152,0
MAT000014,PACK,2023-12-01,667,186452.16,3,12,4,2023,1,0,1007.0,1417.0,553.0,627.0,815.0,992.3333333333334,904.0,432.18668805660093,0
MAT000014,PACK,2024-01-01,726,200131.30000000002,8,1,1,2024,0,0,667.0,1007.0,1417.0,1019.0,1348.0,1030.3333333333333,910.6666666666666,375.54404979087826,0
MAT000014,PACK,2024-02-01,874,282135.22,8,2,1,2024,0,0,726.0,667.0,1007.0,801.0,475.0,800.0,861.8333333333334,181.6782870901206,0
MAT000014,PACK,2024-03-01,261,34502.38,5,3,1,2024,0,0,874.0,726.0,667.0,553.0,714.0,755.6666666666666,874.0,106.64114277957451,0
MAT000014,PACK,2024-05-01,327,84131.04,4,5,2,2024,0,0,261.0,874.0,726.0,1417.0,635.0,620.3333333333334,825.3333333333334,319.8692441191143,0
MAT000014,PACK,2024-06-01,172,53190.759999999995,4,6,2,2024,0,1,327.0,261.0,874.0,1007.0,1074.0,487.3333333333333,643.6666666666666,336.4852646600345,0
MAT000014,PACK,2024-07-01,253,90947.73000000001,2,7,3,2024,0,1,172.0,327.0,261.0,667.0,627.0,253.33333333333334,504.5,77.78388864882854,0
MAT000014,PACK,2024-09-01,690,251739.93,5,9,3,2024,0,0,253.0,172.0,327.0,726.0,1019.0,250.66666666666666,435.5,77.52633961005354,0
MAT000014,PACK,2024-10-01,11,1049.84,1,10,4,2024,1,0,690.0,253.0,172.0,874.0,801.0,371.6666666666667,429.5,278.6437390887034,0
MAT000015,ELEC,2022-04-01,894,268107.08,8,4,2,2022,0,0,284.0,650.0,307.0,846.0,120.0,413.6666666666667,513.1666666666666,204.99349583177823,3
MAT000015,ELEC,2022-05-01,414,81927.08,6,5,2,2022,0,0,894.0,284.0,650.0,272.0,181.0,609.3333333333334,521.1666666666666,307.02660036767713,3
MAT000015,ELEC,2022-06-01,514,85496.79000000001,5,6,2,2022,0,1,414.0,894.0,284.0,720.0,156.0,530.6666666666666,544.8333333333334,321.299444962691,3
MAT000015,ELEC,2022-07-01,183,20464.18,4,7,3,2022,0,1,514.0,414.0,894.0,307.0,232.0,607.3333333333334,510.5,253.24559884296767,3
MAT000015,ELEC,2022-08-01,376,110005.29000000001,3,8,3,2022,0,1,183.0,514.0,414.0,650.0,334.0,370.3333333333333,489.8333333333333,169.76552457237403,3
MAT000015,ELEC,2022-09-01,991,187309.71000000002,8,9,3,2022,0,0,376.0,183.0,514.0,284.0,447.0,357.6666666666667,444.1666666666667,166.2598368017163,3
MAT000015,ELEC,2022-10-01,567,170098.07,4,10,4,2022,1,0,991.0,376.0,183.0,894.0,846.0,516.6666666666666,562.0,421.96721831598876,3
MAT000015,ELEC,2022-11-01,1192,280534.7,10,11,4,2022,1,0,567.0,991.0,376.0,414.0,272.0,644.6666666666666,507.5,314.77028661125775,3
MAT000015,ELEC,2022-12-01,982,258746.28,10,12,4,2022,1,0,1192.0,567.0,991.0,514.0,720.0,916.6666666666666,637.1666666666666,319.06164503639945,3
MAT000015,ELEC,2023-01-01,941,193207.65,9,1,1,2023,0,0,982.0,1192.0,567.0,183.0,307.0,913.6666666666666,715.1666666666666,318.05397864723113,3
MAT000015,ELEC,2023-02-01,1003,245126.24,9,2,1,2023,0,0,941.0,982.0,1192.0,376.0,650.0,1038.3333333333333,841.5,134.64892622421226,3
MAT000015,ELEC,2023-03-01,907,252514.5,12,3,1,2023,0,0,1003.0,941.0,982.0,991.0,284.0,975.3333333333334,946.0,31.53305144341955,3
MAT000015,ELEC,2023-04-01,688,189354.14,11,4,2,2023,0,0,907.0,1003.0,941.0,567.0,894.0,950.3333333333334,932.0,48.67579823005821,3
MAT000015,ELEC,2023-05-01,918,304041.48,6,5,2,2023,0,0,688.0,907.0,1003.0,1192.0,414.0,866.0,952.1666666666666,161.45277947437134,3
MAT000015,ELEC,2023-06-01,867,174316.3,11,6,2,2023,0,1,918.0,688.0,907.0,982.0,514.0,837.6666666666666,906.5,129.73177457097125,3
MAT000015,ELEC,2023-07-01,479,116370.06,9,7,3,2023,0,1,867.0,918.0,688.0,941.0,183.0,824.3333333333334,887.3333333333334,120.79045216130828,3
MAT000015,ELEC,2023-08-01,648,87605.22,6,8,3,2023,0,1,479.0,867.0,918.0,1003.0,376.0,754.6666666666666,810.3333333333334,240.09234334591613,3
MAT000015,ELEC,2023-09-01,764,230470.78999999998,10,9,3,2023,0,0,648.0,479.0,867.0,907.0,991.0,664.6666666666666,751.1666666666666,194.5362005728837,3
MAT000015,ELEC,2023-10-01,1508,378954.42,12,10,4,2023,1,0,764.0,648.0,479.0,688.0,567.0,630.3333333333334,727.3333333333334,143.31899153054775,3
MAT000015,ELEC,2023-11-01,488,143132.67,4,11,4,2023,1,0,1508.0,764.0,648.0,918.0,1192.0,973.3333333333334,864.0,466.6533331428517,3
MAT000015,ELEC,2023-12-01,472,158398.63,5,12,4,2023,1,0,488.0,1508.0,764.0,867.0,982.0,920.0,792.3333333333334,527.5907504875346,3
MAT000015,ELEC,2024-01-01,915,155919.37,8,1,1,2024,0,0,472.0,488.0,1508.0,479.0,941.0,822.6666666666666,726.5,593.5699902566953,3
MAT000015,ELEC,2024-02-01,628,229296.45,5,2,1,2024,0,0,915.0,472.0,488.0,648.0,1003.0,625.0,799.1666666666666,251.2747500247487,3
MAT000015,ELEC,2024-03-01,611,160000.52,4,3,1,2024,0,0,628.0,915.0,472.0,764.0,907.0,671.6666666666666,795.8333333333334,224.70499178552595,3
MAT000015,ELEC,2024-04-01,329,40676.97,4,4,2,2024,0,0,611.0,628.0,915.0,1508.0,688.0,718.0,770.3333333333334,170.81861725233568,3
MAT000015,ELEC,2024-05-01,92,15340.37,2,5,2,2024,0,0,329.0,611.0,628.0,488.0,918.0,522.6666666666666,573.8333333333334,167.9355034926602,3
MAT000015,ELEC,2024-06-01,491,134720.49,5,6,2,2024,0,1,92.0,329.0,611.0,472.0,867.0,344.0,507.8333333333333,259.82494106609533,3
MAT000015,ELEC,2024-07-01,534,94543.73,6,7,3,2024,0,1,491.0,92.0,329.0,915.0,479.0,304.0,511.0,200.6713731452494,3
MAT000015,ELEC,2024-08-01,388,124934.04999999999,4,8,3,2024,0,1,534.0,491.0,92.0,628.0,648.0,372.3333333333333,447.5,243.72593898338613,3
MAT000015,ELEC,2024-09-01,143,44158.229999999996,3,9,3,2024,0,0,388.0,534.0,491.0,611.0,764.0,471.0,407.5,75.02666192761048,3
MAT000015,ELEC,2024-10-01,349,62482.39,2,10,4,2024,1,0,143.0,388.0,534.0,329.0,1508.0,355.0,329.5,197.57783276471056,3
MAT000015,ELEC,2024-11-01,291,113920.68,1,11,4,2024,1,0,349.0,143.0,388.0,92.0,488.0,293.3333333333333,332.8333333333333,131.64472390997392,3
MAT000015,ELEC,2024-12-01,185,65384.55,1,12,4,2024,1,0,291.0,349.0,143.0,491.0,472.0,261.0,366.0,106.22617379911561,3
MAT000016,CONS,2022-04-01,295,51009.0,4,4,2,2022,0,0,318.0,587.0,685.0,595.0,14.0,530.0,634.8333333333334,190.0236827345477,1
MAT000016,CONS,2022-05-01,843,106750.61,8,5,2,2022,0,0,295.0,318.0,587.0,1005.0,471.0,400.0,584.8333333333334,162.35455029040622,1
MAT000016,CONS,2022-06-01,527,146409.11,6,6,2,2022,0,1,843.0,295.0,318.0,619.0,285.0,485.3333333333333,557.8333333333334,309.96182560653074,1
MAT000016,CONS,2022-07-01,874,246626.42,11,7,3,2022,0,1,527.0,843.0,295.0,685.0,214.0,555.0,542.5,275.07089995126717,1
MAT000016,CONS,2022-08-01,952,197746.7,8,8,3,2022,0,1,874.0,527.0,843.0,587.0,298.0,748.0,574.0,192.01822830137775,1
MAT000016,CONS,2022-09-01,776,232674.05,8,9,3,2022,0,0,952.0,874.0,527.0,318.0,163.0,784.3333333333334,634.8333333333334,226.24396861205685,1
MAT000016,CONS,2022-10-01,1484,342832.93,8,10,4,2022,1,0,776.0,952.0,874.0,295.0,595.0,867.3333333333334,711.1666666666666,88.18919056966874,1
MAT000016,CONS,2022-11-01,1776,544303.66,12,11,4,2022,1,0,1484.0,776.0,952.0,843.0,1005.0,1070.6666666666667,909.3333333333334,368.61542742176886,1
MAT000016,CONS,2022-12-01,1292,298438.21,6,12,4,2022,1,0,1776.0,1484.0,776.0,527.0,619.0,1345.3333333333333,1064.8333333333333,514.2191491313148,1
MAT000016,CONS,2023-01-01,1500,287260.51,14,1,1,2023,0,0,1292.0,1776.0,1484.0,874.0,685.0,1517.3333333333333,1192.3333333333333,243.71568134474518,1
MAT000016,CONS,2023-02-01,643,159812.78,5,2,1,2023,0,0,1500.0,1292.0,1776.0,952.0,587.0,1522.6666666666667,1296.6666666666667,242.79483794622445,1
MAT000016,CONS,2023-03-01,458,61642.98,5,3,1,2023,0,0,643.0,1500.0,1292.0,776.0,318.0,1145.0,1245.1666666666667,447.01118554237553,1
MAT000016,CONS,2023-04-01,1110,280147.38,10,4,2,2023,0,0,458.0,643.0,1500.0,1484.0,295.0,867.0,1192.1666666666667,555.9433424369789,1
MAT000016,CONS,2023-05-01,843,291053.7,7,5,2,2023,0,0,1110.0,458.0,643.0,1776.0,843.0,737.0,1129.8333333333333,336.01041650520307,1
MAT000016,CONS,2023-06-01,669,103818.38,9,6,2,2023,0,1,843.0,1110.0,458.0,1292.0,527.0,803.6666666666666,974.3333333333334,327.77482107894343,1
MAT000016,CONS,2023-07-01,255,55407.1,5,7,3,2023,0,1,669.0,843.0,1110.0,1500.0,874.0,874.0,870.5,222.12834128044096,1
MAT000016,CONS,2023-08-01,1669,502699.04,14,8,3,2023,0,1,255.0,669.0,843.0,643.0,952.0,589.0,663.0,302.0529754860893,1
MAT000016,CONS,2023-09-01,1126,347948.42000000004,9,9,3,2023,0,0,1669.0,255.0,669.0,458.0,776.0,864.3333333333334,834.0,726.9562114277128,1
MAT000016,CONS,2023-10-01,1294,245792.56,8,10,4,2023,1,0,1126.0,1669.0,255.0,1110.0,1484.0,1016.6666666666666,945.3333333333334,713.3122271020829,1
MAT000016,CONS,2023-11-01,707,209748.41000000003,6,11,4,2023,1,0,1294.0,1126.0,1669.0,843.0,1776.0,1363.0,976.0,277.99820143303117,1
MAT000016,CONS,2023-12-01,733,154082.04,5,12,4,2023,1,0,707.0,1294.0,1126.0,669.0,1292.0,1042.3333333333333,953.3333333333334,302.311649351019,1
MAT000016,CONS,2024-01-01,350,20072.41,4,1,1,2024,0,0,733.0,707.0,1294.0,255.0,1500.0,911.3333333333334,964.0,331.6539361040864,1
MAT000016,CONS,2024-02-01,934,245167.3,6,2,1,2024,0,0,350.0,733.0,707.0,1669.0,643.0,596.6666666666666,979.8333333333334,214.01479699622033,1
MAT000016,CONS,2024-03-01,127,39037.62,2,3,1,2024,0,0,934.0,350.0,733.0,1126.0,458.0,672.3333333333334,857.3333333333334,296.6889504739491,1
MAT000016,CONS,2024-04-01,317,56326.83,3,4,2,2024,0,0,127.0,934.0,350.0,1294.0,1110.0,470.3333333333333,690.8333333333334,416.7401268576539,1
MAT000016,CONS,2024-05-01,383,97803.62,4,5,2,2024,0,0,317.0,127.0,934.0,707.0,843.0,459.3333333333333,528.0,421.90796784764973,1
MAT000016,CONS,2024-07-01,314,48717.3,6,7,3,2024,0,1,383.0,317.0,127.0,733.0,669.0,275.6666666666667,474.0,132.91099778924777,1
MAT000016,CONS,2024-08-01,670,137134.74,4,8,3,2024,0,1,314.0,383.0,317.0,350.0,255.0,338.0,404.1666666666667,39.000000000001236,1
MAT000016,CONS,2024-09-01,128,2695.08,2,9,3,2024,0,0,670.0,314.0,383.0,934.0,1669.0,455.6666666666667,457.5,188.79706918629182,1
MAT000017,PACK,2022-03-01,1095,257280.03,9,3,1,2022,0,0,511.0,951.0,522.0,310.0,78.0,661.3333333333334,627.1666666666666,250.9189776269091,0
MAT000017,PACK,2022-04-01,684,155780.97999999998,6,4,2,2022,0,0,1095.0,511.0,951.0,826.0,85.0,852.3333333333334,758.0,304.2455148943585,0
MAT000017,PACK,2022-05-01,432,70224.17,5,5,2,2022,0,0,684.0,1095.0,511.0,643.0,286.0,763.3333333333334,734.3333333333334,299.97388775247305,0
MAT000017,PACK,2022-06-01,451,133643.52000000002,6,6,2,2022,0,1,432.0,684.0,1095.0,522.0,550.0,737.0,699.1666666666666,334.6625165745336,0
MAT000017,PACK,2022-07-01,434,79479.2,7,7,3,2022,0,1,451.0,432.0,684.0,951.0,428.0,522.3333333333334,687.3333333333334,140.3293744493052,0
MAT000017,PACK,2022-08-01,425,89668.58,6,8,3,2022,0,1,434.0,451.0,432.0,511.0,412.0,439.0,601.1666666666666,10.440306508909696,0
MAT000017,PACK,2022-09-01,427,144449.84,4,9,3,2022,0,0,425.0,434.0,451.0,1095.0,310.0,436.6666666666667,586.8333333333334,13.203534880224922,0
MAT000017,PACK,2022-10-01,546,82923.88,5,10,4,2022,1,0,427.0,425.0,434.0,684.0,826.0,428.6666666666667,475.5,4.725815626250983,0
MAT000017,PACK,2022-11-01,776,178266.61,9,11,4,2022,1,0,546.0,427.0,425.0,432.0,643.0,466.0,452.5,69.28924880527987,0
MAT000017,PACK,2022-12-01,1194,373080.66000000003,7,12,4,2022,1,0,776.0,546.0,427.0,451.0,522.0,583.0,509.8333333333333,177.41758650145127,0
MAT000017,PACK,2023-01-01,929,302313.95,10,1,1,2023,0,0,1194.0,776.0,546.0,434.0,951.0,838.6666666666666,633.6666666666666,328.51382517838294,0
MAT000017,PACK,2023-02-01,897,170565.41999999998,8,2,1,2023,0,0,929.0,1194.0,776.0,425.0,511.0,966.3333333333334,716.1666666666666,211.48601214579912,0
MAT000017,PACK,2023-03-01,679,155394.94,6,3,1,2023,0,0,897.0,929.0,1194.0,427.0,1095.0,1006.6666666666666,794.8333333333334,163.02249333553047,0
MAT000017,PACK,2023-04-01,1184,267728.38,13,4,2,2023,0,0,679.0,897.0,929.0,546.0,684.0,835.0,836.8333333333334,136.0441104936183,0
MAT000017,PACK,2023-05-01,1131,218103.99,15,5,2,2023,0,0,1184.0,679.0,897.0,776.0,432.0,920.0,943.1666666666666,253.28442510347887,0
MAT000017,PACK,2023-06-01,1120,320027.35000000003,12,6,2,2023,0,1,1131.0,1184.0,679.0,1194.0,451.0,998.0,1002.3333333333334,277.53017853919914,0
MAT000017,PACK,2023-07-01,453,107593.25,7,7,3,2023,0,1,1120.0,1131.0,1184.0,929.0,434.0,1145.0,990.0,34.21987726453298,0
MAT000017,PACK,2023-08-01,742,137015.3,10,8,3,2023,0,1,453.0,1120.0,1131.0,897.0,425.0,901.3333333333334,910.6666666666666,388.30700912207755,0
MAT000017,PACK,2023-09-01,554,181346.88999999998,6,9,3,2023,0,0,742.0,453.0,1120.0,679.0,427.0,771.6666666666666,884.8333333333334,334.48816620821333,0
MAT000017,PACK,2023-10-01,2102,545595.6900000001,14,10,4,2023,1,0,554.0,742.0,453.0,1184.0,546.0,583.0,864.0,146.66628787829939,0
MAT000017,PACK,2023-11-01,1903,588874.88,11,11,4,2023,1,0,2102.0,554.0,742.0,1131.0,776.0,1132.6666666666667,1017.0,844.7137582242478,0
MAT000017,PACK,2023-12-01,1834,378545.25,10,12,4,2023,1,0,1903.0,2102.0,554.0,1120.0,1194.0,1519.6666666666667,1145.6666666666667,842.1902002121211,0
MAT000017,PACK,2024-01-01,443,82288.69,8,1,1,2024,0,0,1834.0,1903.0,2102.0,453.0,929.0,1946.3333333333333,1264.6666666666667,139.15578799795696,0
MAT000017,PACK,2024-02-01,598,138002.94,7,2,1,2024,0,0,443.0,1834.0,1903.0,742.0,897.0,1393.3333333333333,1263.0,823.7355967380146,0
MAT000017,PACK,2024-03-01,959,235663.42,12,3,1,2024,0,0,598.0,443.0,1834.0,554.0,679.0,958.3333333333334,1239.0,762.2993725127506,0
MAT000017,PACK,2024-04-01,334,109907.82999999999,4,4,2,2024,0,0,959.0,598.0,443.0,2102.0,1184.0,666.6666666666666,1306.5,264.76467538803877,0
MAT000017,PACK,2024-05-01,435,143799.36000000002,3,5,2,2024,0,0,334.0,959.0,598.0,1903.0,1131.0,630.3333333333334,1011.8333333333334,313.7520252258678,0
MAT000017,PACK,2024-06-01,192,47825.21,2,6,2,2024,0,1,435.0,334.0,959.0,1834.0,1120.0,576.0,767.1666666666666,335.51005946171017,0
MAT000017,PACK,2024-07-01,374,113991.8,6,7,3,2024,0,1,192.0,435.0,334.0,443.0,453.0,320.3333333333333,493.5,122.0751134889249,0
MAT000017,PACK,2024-08-01,11,169.95,1,8,3,2024,0,1,374.0,192.0,435.0,598.0,742.0,333.6666666666667,482.0,126.42125348743336,0
MAT000017,PACK,2024-09-01,44,5460.4,1,9,3,2024,0,0,11.0,374.0,192.0,959.0,554.0,192.33333333333334,384.1666666666667,181.50022956826808,0
MAT000017,PACK,2024-10-01,388,63669.71000000001,3,10,4,2024,1,0,44.0,11.0,374.0,334.0,2102.0,143.0,231.66666666666666,200.73116349984306,0
MAT000017,PACK,2024-12-01,263,28269.87,1,12,4,2024,1,0,388.0,44.0,11.0,435.0,1903.0,147.66666666666666,240.66666666666666,208.78777103397138,0
MAT000018,CHEM,2022-03-01,169,27548.69,1,3,1,2022,0,0,228.0,1243.0,469.0,892.0,202.0,646.6666666666666,703.3333333333334,530.3115436546082,4
MAT000018,CHEM,2022-04-01,887,181001.40999999997,10,4,2,2022,0,0,169.0,228.0,1243.0,304.0,264.0,546.6666666666666,582.8333333333334,603.7634746598484,4
MAT000018,CHEM,2022-05-01,515,116319.43000000001,7,5,2,2022,0,0,887.0,169.0,228.0,1084.0,190.0,428.0,680.0,398.59879578342935,4
MAT000018,CHEM,2022-06-01,575,109235.54000000001,7,6,2,2022,0,1,515.0,887.0,169.0,469.0,76.0,523.6666666666666,585.1666666666666,359.0784501099076,4
MAT000018,CHEM,2022-07-01,290,14975.25,4,7,3,2022,0,1,575.0,515.0,887.0,1243.0,96.0,659.0,602.8333333333334,199.71980372511896,4
MAT000018,CHEM,2022-08-01,102,44562.62,2,8,3,2022,0,1,290.0,575.0,515.0,228.0,33.0,460.0,444.0,150.24979201316734,4
MAT000018,CHEM,2022-09-01,1303,364898.97000000003,10,9,3,2022,0,0,102.0,290.0,575.0,169.0,892.0,322.3333333333333,423.0,238.151912302491,4
MAT000018,CHEM,2022-10-01,947,291437.38,6,10,4,2022,1,0,1303.0,102.0,290.0,887.0,304.0,565.0,612.0,646.0023219772512,4
MAT000018,CHEM,2022-11-01,1588,274415.39,10,11,4,2022,1,0,947.0,1303.0,102.0,515.0,1084.0,784.0,622.0,616.8687056416463,4
MAT000018,CHEM,2022-12-01,390,126182.23000000001,4,12,4,2022,1,0,1588.0,947.0,1303.0,575.0,469.0,1279.3333333333333,800.8333333333334,321.1546875468789,4
MAT000018,CHEM,2023-01-01,1516,514759.56,13,1,1,2023,0,0,390.0,1588.0,947.0,290.0,1243.0,975.0,770.0,599.4906171075575,4
MAT000018,CHEM,2023-02-01,569,197866.57,8,2,1,2023,0,0,1516.0,390.0,1588.0,102.0,228.0,1164.6666666666667,974.3333333333334,671.8462125615753,4
MAT000018,CHEM,2023-03-01,949,174447.64,8,3,1,2023,0,0,569.0,1516.0,390.0,1303.0,169.0,825.0,1052.1666666666667,605.0793336414657,4
MAT000018,CHEM,2023-04-01,1340,271648.12,14,4,2,2023,0,0,949.0,569.0,1516.0,947.0,887.0,1011.3333333333334,993.1666666666666,476.56723904747525,4
MAT000018,CHEM,2023-05-01,828,194554.19999999998,10,5,2,2023,0,0,1340.0,949.0,569.0,1588.0,515.0,952.6666666666666,1058.6666666666667,385.5130780315156,4
MAT000018,CHEM,2023-06-01,353,83405.43,7,6,2,2023,0,1,828.0,1340.0,949.0,390.0,575.0,1039.0,932.0,267.60231688085224,4
MAT000018,CHEM,2023-07-01,631,219362.14,10,7,3,2023,0,1,353.0,828.0,1340.0,1516.0,290.0,840.3333333333334,925.8333333333334,493.615572417781,4
MAT000018,CHEM,2023-08-01,1270,316705.73,10,8,3,2023,0,1,631.0,353.0,828.0,569.0,102.0,604.0,778.3333333333334,238.6482767589166,4
MAT000018,CHEM,2023-09-01,562,146566.39,5,9,3,2023,0,0,1270.0,631.0,353.0,949.0,1303.0,751.3333333333334,895.1666666666666,470.19393162112766,4
MAT000018,CHEM,2023-10-01,1175,289754.7,8,10,4,2023,1,0,562.0,1270.0,631.0,1340.0,947.0,821.0,830.6666666666666,390.3728986494839,4
MAT000018,CHEM,2023-11-01,977,258803.32,7,11,4,2023,1,0,1175.0,562.0,1270.0,828.0,1588.0,1002.3333333333334,803.1666666666666,384.2867852702372,4
MAT000018,CHEM,2023-12-01,594,160172.53,5,12,4,2023,1,0,977.0,1175.0,562.0,353.0,390.0,904.6666666666666,828.0,312.8359527505326,4
MAT000018,CHEM,2024-01-01,355,30296.73,4,1,1,2024,0,0,594.0,977.0,1175.0,631.0,1516.0,915.3333333333334,868.1666666666666,295.3681318851671,4
MAT000018,CHEM,2024-02-01,179,57125.579999999994,3,2,1,2024,0,0,355.0,594.0,977.0,1270.0,569.0,642.0,822.1666666666666,313.7658362537266,4
MAT000018,CHEM,2024-03-01,708,187021.93,6,3,1,2024,0,0,179.0,355.0,594.0,562.0,949.0,376.0,640.3333333333334,208.29546322471992,4
MAT000018,CHEM,2024-04-01,631,208233.76,5,4,2,2024,0,0,708.0,179.0,355.0,1175.0,1340.0,414.0,664.6666666666666,269.3900517836555,4
MAT000018,CHEM,2024-05-01,398,70445.45,4,5,2,2024,0,0,631.0,708.0,179.0,977.0,828.0,506.0,574.0,285.79538134826555,4
MAT000018,CHEM,2024-06-01,158,36868.0,4,6,2,2024,0,1,398.0,631.0,708.0,594.0,353.0,579.0,477.5,161.4094173212965,4
MAT000018,CHEM,2024-07-01,255,77247.73999999999,5,7,3,2024,0,1,158.0,398.0,631.0,355.0,631.0,395.6666666666667,404.8333333333333,236.50863268247517,4
MAT000018,CHEM,2024-08-01,24,9585.42,2,8,3,2024,0,1,255.0,158.0,398.0,179.0,1270.0,270.3333333333333,388.1666666666667,120.73248665265729,4
MAT000018,CHEM,2024-11-01,143,2882.88,1,11,4,2024,1,0,24.0,255.0,158.0,708.0,562.0,145.66666666666666,362.3333333333333,115.99281586949336,4
MAT000019,CHEM,2022-03-01,378,45732.81,3,3,1,2022,0,0,574.0,719.0,185.0,103.0,101.0,492.6666666666667,528.3333333333334,276.1346290006622,4
MAT000019,CHEM,2022-04-01,1203,268180.98,10,4,2,2022,0,0,378.0,574.0,719.0,464.0,31.0,557.0,574.1666666666666,171.1344500677757,4
MAT000019,CHEM,2022-05-01,687,127045.36,6,5,2,2022,0,0,1203.0,378.0,574.0,1125.0,608.0,718.3333333333334,697.3333333333334,431.0224278774056,4
MAT000019,CHEM,2022-06-01,536,168090.12,7,6,2,2022,0,1,687.0,1203.0,378.0,185.0,112.0,756.0,624.3333333333334,416.80571013363044,4
MAT000019,CHEM,2022-07-01,790,227580.06,9,7,3,2022,0,1,536.0,687.0,1203.0,719.0,42.0,808.6666666666666,682.8333333333334,349.7489575872004,4
MAT000019,CHEM,2022-08-01,622,116917.72,6,8,3,2022,0,1,790.0,536.0,687.0,574.0,387.0,671.0,694.6666666666666,127.75366922323585,4
MAT000019,CHEM,2022-09-01,887,242717.51,10,9,3,2022,0,0,622.0,790.0,536.0,378.0,103.0,649.3333333333334,702.6666666666666,129.18720266858205,4
MAT000019,CHEM,2022-10-01,1128,257190.34,6,10,4,2022,1,0,887.0,622.0,790.0,1203.0,464.0,766.3333333333334,787.5,134.07584917998201,4
MAT000019,CHEM,2022-11-01,1832,536275.89,13,11,4,2022,1,0,1128.0,887.0,622.0,687.0,1125.0,879.0,775.0,253.09484388268353,4
MAT000019,CHEM,2022-12-01,2322,739442.15,13,12,4,2022,1,0,1832.0,1128.0,887.0,536.0,185.0,1282.3333333333333,965.8333333333334,491.04005267730787,4
MAT000019,CHEM,2023-01-01,466,67464.84,5,1,1,2023,0,0,2322.0,1832.0,1128.0,790.0,719.0,1760.6666666666667,1263.5,600.1877484032253,4
MAT000019,CHEM,2023-02-01,615,134394.21,6,2,1,2023,0,0,466.0,2322.0,1832.0,622.0,574.0,1540.0,1209.5,961.8378241678791,4
MAT000019,CHEM,2023-03-01,697,187229.8,8,3,1,2023,0,0,615.0,466.0,2322.0,887.0,378.0,1134.3333333333333,1208.3333333333333,1031.244070690025,4
MAT000019,CHEM,2023-04-01,853,167071.37,7,4,2,2023,0,0,697.0,615.0,466.0,1128.0,1203.0,592.6666666666666,1176.6666666666667,117.10821206616174,4
MAT000019,CHEM,2023-05-01,1670,349390.08999999997,13,5,2,2023,0,0,853.0,697.0,615.0,1832.0,687.0,721.6666666666666,1130.8333333333333,120.90216430375892,4
MAT000019,CHEM,2023-06-01,593,150912.55,8,6,2,2023,0,1,1670.0,853.0,697.0,2322.0,536.0,1073.3333333333333,1103.8333333333333,522.5823699029016,4
MAT000019,CHEM,2023-07-01,1009,228242.89,9,7,3,2023,0,1,593.0,1670.0,853.0,466.0,790.0,1038.6666666666667,815.6666666666666,561.9931790807902,4
MAT000019,CHEM,2023-08-01,620,212923.16,5,8,3,2023,0,1,1009.0,593.0,1670.0,615.0,622.0,1090.6666666666667,906.1666666666666,543.1246020328422,4
MAT000019,CHEM,2023-09-01,240,78038.68,5,9,3,2023,0,0,620.0,1009.0,593.0,697.0,887.0,740.6666666666666,907.0,232.77528505692626,4
MAT000019,CHEM,2023-10-01,1836,335823.99,12,10,4,2023,1,0,240.0,620.0,1009.0,853.0,1128.0,623.0,830.8333333333334,384.5087775331013,4
MAT000019,CHEM,2023-11-01,1306,350495.68,10,11,4,2023,1,0,1836.0,240.0,620.0,1670.0,1832.0,898.6666666666666,994.6666666666666,833.6937887098195,4
MAT000019,CHEM,2023-12-01,1525,457500.89,10,12,4,2023,1,0,1306.0,1836.0,240.0,593.0,2322.0,1127.3333333333333,934.0,812.8624319854703,4
MAT000019,CHEM,2024-01-01,695,216115.4,6,1,1,2024,0,0,1525.0,1306.0,1836.0,1009.0,466.0,1555.6666666666667,1089.3333333333333,266.327492635164,4
MAT000019,CHEM,2024-02-01,569,184521.84,3,2,1,2024,0,0,695.0,1525.0,1306.0,620.0,615.0,1175.3333333333333,1037.0,430.15152369058666,4
MAT000019,CHEM,2024-03-01,266,81219.44,3,3,1,2024,0,0,569.0,695.0,1525.0,240.0,697.0,929.6666666666666,1028.5,519.4086381004203,4
MAT000019,CHEM,2024-04-01,134,12777.48,3,4,2,2024,0,0,266.0,569.0,695.0,1836.0,853.0,510.0,1032.8333333333333,220.5017006737135,4
MAT000019,CHEM,2024-05-01,435,101253.12,6,5,2,2024,0,0,134.0,266.0,569.0,1306.0,1670.0,323.0,749.1666666666666,223.0313879255562,4
MAT000019,CHEM,2024-06-01,48,8761.44,1,6,2,2024,0,1,435.0,134.0,266.0,1525.0,593.0,278.3333333333333,604.0,150.87853834569475,4
MAT000019,CHEM,2024-07-01,25,5932.39,2,7,3,2024,0,1,48.0,435.0,134.0,695.0,1009.0,205.66666666666666,357.8333333333333,203.21007192886205,4
MAT000019,CHEM,2024-08-01,226,38703.45,3,8,3,2024,0,1,25.0,48.0,435.0,569.0,620.0,169.33333333333334,246.16666666666666,230.36131040896012,4
MAT000019,CHEM,2024-09-01,150,32289.08,3,9,3,2024,0,0,226.0,25.0,48.0,266.0,240.0,99.66666666666667,189.0,110.0106055493437,4
MAT000019,CHEM,2024-10-01,471,53801.33,2,10,4,2024,1,0,150.0,226.0,25.0,134.0,1836.0,133.66666666666666,169.66666666666666,101.49055785309923,4
MAT000019,CHEM,2024-11-01,22,2946.9,1,11,4,2024,1,0,471.0,150.0,226.0,435.0,1306.0,282.3333333333333,225.83333333333334,167.75080725091388,4
MAT000020,ELEC,2022-04-01,1119,208775.85,11,4,2,2022,0,0,504.0,37.0,688.0,1036.0,188.0,409.6666666666667,466.1666666666667,335.5954906331927,3
MAT000020,ELEC,2022-05-01,948,324584.33,7,5,2,2022,0,0,1119.0,504.0,37.0,152.0,211.0,553.3333333333334,480.0,542.6843772703737,3
MAT000020,ELEC,2022-06-01,511,184127.33,7,6,2,2022,0,1,948.0,1119.0,504.0,380.0,191.0,857.0,612.6666666666666,317.4381829585094,3
MAT000020,ELEC,2022-07-01,756,107603.09,11,7,3,2022,0,1,511.0,948.0,1119.0,688.0,130.0,859.3333333333334,634.5,313.5479761269931,3
MAT000020,ELEC,2022-08-01,1161,223971.46,9,8,3,2022,0,1,756.0,511.0,948.0,37.0,422.0,738.3333333333334,645.8333333333334,219.03500481277723,3
MAT000020,ELEC,2022-09-01,543,120304.02,5,9,3,2022,0,0,1161.0,756.0,511.0,504.0,123.0,809.3333333333334,833.1666666666666,328.26564446090515,3
MAT000020,ELEC,2022-10-01,1673,424674.27,11,10,4,2022,1,0,543.0,1161.0,756.0,1119.0,1036.0,820.0,839.6666666666666,313.93152119530794,3
MAT000020,ELEC,2022-11-01,1376,357931.84,12,11,4,2022,1,0,1673.0,543.0,1161.0,948.0,152.0,1125.6666666666667,932.0,565.8280068477819,3
MAT000020,ELEC,2022-12-01,1144,312149.41000000003,10,12,4,2022,1,0,1376.0,1673.0,543.0,511.0,380.0,1197.3333333333333,1003.3333333333334,585.8040059041365,3
MAT000020,ELEC,2023-01-01,544,136021.96,4,1,1,2023,0,0,1144.0,1376.0,1673.0,756.0,688.0,1397.6666666666667,1108.8333333333333,265.1647286750891,3
MAT000020,ELEC,2023-02-01,483,83602.99,6,2,1,2023,0,0,544.0,1144.0,1376.0,1161.0,37.0,1021.3333333333334,1073.5,429.34989616085113,3
MAT000020,ELEC,2023-03-01,807,208283.0,10,3,1,2023,0,0,483.0,544.0,1144.0,543.0,504.0,723.6666666666666,960.5,365.29485807130334,3
MAT000020,ELEC,2023-04-01,1042,285892.02,12,4,2,2023,0,0,807.0,483.0,544.0,1673.0,1119.0,611.3333333333334,1004.5,172.1752982670094,3
MAT000020,ELEC,2023-05-01,1014,258956.80000000002,10,5,2,2023,0,0,1042.0,807.0,483.0,1376.0,948.0,777.3333333333334,899.3333333333334,280.6783449668564,3
MAT000020,ELEC,2023-06-01,592,74110.95999999999,7,6,2,2023,0,1,1014.0,1042.0,807.0,1144.0,511.0,954.3333333333334,839.0,128.3601703541002,3
MAT000020,ELEC,2023-07-01,450,69443.79,6,7,3,2023,0,1,592.0,1014.0,1042.0,544.0,756.0,882.6666666666666,747.0,252.11373094961252,3
MAT000020,ELEC,2023-08-01,603,98667.85,5,8,3,2023,0,1,450.0,592.0,1014.0,483.0,1161.0,685.3333333333334,731.3333333333334,293.35530220763627,3
MAT000020,ELEC,2023-09-01,733,154521.11,5,9,3,2023,0,0,603.0,450.0,592.0,807.0,543.0,548.3333333333334,751.3333333333334,85.33658847958256,3
MAT000020,ELEC,2023-10-01,756,259762.2,6,10,4,2023,1,0,733.0,603.0,450.0,1042.0,1673.0,595.3333333333334,739.0,141.65568584894015,3
MAT000020,ELEC,2023-11-01,346,78280.94,4,11,4,2023,1,0,756.0,733.0,603.0,1014.0,1376.0,697.3333333333334,691.3333333333334,82.50050504896085,3
MAT000020,ELEC,2023-12-01,1270,369805.97,8,12,4,2023,1,0,346.0,756.0,733.0,592.0,1144.0,611.6666666666666,580.0,230.36131040896083,3
MAT000020,ELEC,2024-01-01,875,233938.63999999998,8,1,1,2024,0,0,1270.0,346.0,756.0,450.0,544.0,790.6666666666666,693.0,462.9744413391884,3
MAT000020,ELEC,2024-02-01,421,141206.08000000002,3,2,1,2024,0,0,875.0,1270.0,346.0,603.0,483.0,830.3333333333334,763.8333333333334,463.6165800889067,3
MAT000020,ELEC,2024-03-01,312,33387.229999999996,6,3,1,2024,0,0,421.0,875.0,1270.0,733.0,807.0,855.3333333333334,733.5,424.8415390864382,3
MAT000020,ELEC,2024-04-01,535,124289.68000000001,5,4,2,2024,0,0,312.0,421.0,875.0,756.0,1042.0,536.0,663.3333333333334,298.598392493999,3
MAT000020,ELEC,2024-05-01,111,21941.37,1,5,2,2024,0,0,535.0,312.0,421.0,346.0,1014.0,422.6666666666667,626.5,111.50934191059334,3
MAT000020,ELEC,2024-06-01,307,93295.37,5,6,2,2024,0,1,111.0,535.0,312.0,1270.0,592.0,319.3333333333333,587.3333333333334,212.09510445395387,3
MAT000020,ELEC,2024-07-01,382,137123.73,3,7,3,2024,0,1,307.0,111.0,535.0,875.0,450.0,317.6666666666667,426.8333333333333,212.20116242220166,3
MAT000020,ELEC,2024-09-01,340,58058.28,3,9,3,2024,0,0,382.0,307.0,111.0,421.0,603.0,266.6666666666667,344.6666666666667,139.92974427666766,3
MAT000021,ELEC,2022-03-01,496,120051.03,7,3,1,2022,0,0,129.0,505.0,748.0,617.0,62.0,460.6666666666667,551.0,311.87230292754975,3
MAT000021,ELEC,2022-04-01,918,209382.91,9,4,2,2022,0,0,496.0,129.0,505.0,570.0,20.0,376.6666666666667,530.8333333333334,214.53282577110045,3
MAT000021,ELEC,2022-05-01,80,23752.8,2,5,2,2022,0,0,918.0,496.0,129.0,737.0,107.0,514.3333333333334,588.8333333333334,394.8193679815282,3
MAT000021,ELEC,2022-06-01,359,115792.67000000001,3,6,2,2022,0,1,80.0,918.0,496.0,748.0,24.0,498.0,479.3333333333333,419.00357993697384,3
MAT000021,ELEC,2022-07-01,945,245950.5,9,7,3,2022,0,1,359.0,80.0,918.0,505.0,45.0,452.3333333333333,414.5,426.7251262034301,3
MAT000021,ELEC,2022-08-01,1237,401360.66000000003,12,8,3,2022,0,1,945.0,359.0,80.0,129.0,258.0,461.3333333333333,487.8333333333333,441.48650413498865,3
MAT000021,ELEC,2022-09-01,301,44516.87,3,9,3,2022,0,0,1237.0,945.0,359.0,496.0,617.0,847.0,672.5,447.12861684307364,3
MAT000021,ELEC,2022-10-01,1541,450367.55,11,10,4,2022,1,0,301.0,1237.0,945.0,918.0,570.0,827.6666666666666,640.0,478.904304985175,3
MAT000021,ELEC,2022-11-01,1107,277229.66,11,11,4,2022,1,0,1541.0,301.0,1237.0,80.0,737.0,1026.3333333333333,743.8333333333334,646.2857984926898,3
MAT000021,ELEC,2022-12-01,1309,362285.08,9,12,4,2022,1,0,1107.0,1541.0,301.0,359.0,748.0,983.0,915.0,629.2312770357178,3
MAT000021,ELEC,2023-01-01,1150,139674.73,11,1,1,2023,0,0,1309.0,1107.0,1541.0,945.0,505.0,1319.0,1073.3333333333333,217.17274230437,3
MAT000021,ELEC,2023-02-01,638,214857.36,6,2,1,2023,0,0,1150.0,1309.0,1107.0,1237.0,129.0,1188.6666666666667,1107.5,106.40645343837711,3
MAT000021,ELEC,2023-03-01,436,100708.57,6,3,1,2023,0,0,638.0,1150.0,1309.0,301.0,496.0,1032.3333333333333,1007.6666666666666,350.63418734249717,3
MAT000021,ELEC,2023-04-01,571,206283.47999999998,9,4,2,2023,0,0,436.0,638.0,1150.0,1541.0,918.0,741.3333333333334,1030.1666666666667,368.04528706849806,3
MAT000021,ELEC,2023-05-01,911,263974.09,10,5,2,2023,0,0,571.0,436.0,638.0,1107.0,80.0,548.3333333333334,868.5,102.88990880223855,3
MAT000021,ELEC,2023-06-01,977,297099.4,12,6,2,2023,0,1,911.0,571.0,436.0,1309.0,359.0,639.3333333333334,835.8333333333334,244.7617889567999,3
MAT000021,ELEC,2023-07-01,714,221060.77000000002,13,7,3,2023,0,1,977.0,911.0,571.0,1150.0,945.0,819.6666666666666,780.5,217.86540187311343,3
MAT000021,ELEC,2023-08-01,643,174177.15,7,8,3,2023,0,1,714.0,977.0,911.0,638.0,1237.0,867.3333333333334,707.8333333333334,136.8295776991702,3
MAT000021,ELEC,2023-09-01,727,148065.66,11,9,3,2023,0,0,643.0,714.0,977.0,436.0,301.0,778.0,708.6666666666666,175.9573812035171,3
MAT000021,ELEC,2023-10-01,893,254693.21000000002,8,10,4,2023,1,0,727.0,643.0,714.0,571.0,1541.0,694.6666666666666,757.1666666666666,45.214304521169865,3
MAT000021,ELEC,2023-11-01,977,210773.56,7,11,4,2023,1,0,893.0,727.0,643.0,911.0,1107.0,754.3333333333334,810.8333333333334,127.22159145889167,3
MAT000021,ELEC,2023-12-01,1038,319335.77,6,12,4,2023,1,0,977.0,893.0,727.0,977.0,1309.0,865.6666666666666,821.8333333333334,127.22159145889205,3
MAT000021,ELEC,2024-01-01,1071,311202.38,11,1,1,2024,0,0,1038.0,977.0,893.0,714.0,1150.0,969.3333333333334,832.0,72.80338819954278,3
MAT000021,ELEC,2024-02-01,562,123207.9,4,2,1,2024,0,0,1071.0,1038.0,977.0,643.0,638.0,1028.6666666666667,891.5,47.68997099321178,3
MAT000021,ELEC,2024-03-01,350,107463.57,2,3,1,2024,0,0,562.0,1071.0,1038.0,727.0,436.0,890.3333333333334,878.0,284.82333705883946,3
MAT000021,ELEC,2024-04-01,504,73235.04000000001,7,4,2,2024,0,0,350.0,562.0,1071.0,893.0,571.0,661.0,815.1666666666666,370.5549891716474,3
MAT000021,ELEC,2024-05-01,565,133569.37,8,5,2,2024,0,0,504.0,350.0,562.0,977.0,911.0,472.0,750.3333333333334,109.56276739841653,3
MAT000021,ELEC,2024-06-01,222,55993.44,3,6,2,2024,0,1,565.0,504.0,350.0,1038.0,977.0,473.0,681.6666666666666,110.80162453682493,3
MAT000021,ELEC,2024-07-01,213,41233.85,6,7,3,2024,0,1,222.0,565.0,504.0,1071.0,714.0,430.3333333333333,545.6666666666666,182.98178415714725,3
MAT000021,ELEC,2024-08-01,62,16989.86,1,8,3,2024,0,1,213.0,222.0,565.0,562.0,643.0,333.3333333333333,402.6666666666667,200.67967842642346,3
MAT000021,ELEC,2024-09-01,391,162057.26,3,9,3,2024,0,0,62.0,213.0,222.0,350.0,727.0,165.66666666666666,319.3333333333333,89.89067434018159,3
MAT000021,ELEC,2024-10-01,203,96569.13,1,10,4,2024,1,0,391.0,62.0,213.0,504.0,893.0,222.0,326.1666666666667,164.68454693746858,3
MAT000022,ELEC,2022-04-01,1101,217654.32,8,4,2,2022,0,0,293.0,687.0,181.0,468.0,156.0,387.0,526.1666666666666,265.77434037167694,3
MAT000022,ELEC,2022-05-01,477,114363.71,7,5,2,2022,0,0,1101.0,293.0,687.0,1138.0,302.0,693.6666666666666,631.6666666666666,404.0412520193122,3
MAT000022,ELEC,2022-06-01,353,106868.80000000002,5,6,2,2022,0,1,477.0,1101.0,293.0,390.0,235.0,623.6666666666666,521.5,423.49655645982926,3
MAT000022,ELEC,2022-07-01,302,43950.32,3,7,3,2022,0,1,353.0,477.0,1101.0,181.0,401.0,643.6666666666666,515.3333333333334,400.8856861167949,3
MAT000022,ELEC,2022-08-01,864,211016.1,7,8,3,2022,0,1,302.0,353.0,477.0,687.0,94.0,377.3333333333333,535.5,90.00185183280041,3
MAT000022,ELEC,2022-09-01,897,220986.12,9,9,3,2022,0,0,864.0,302.0,353.0,293.0,17.0,506.3333333333333,565.0,310.7962891241357,3
MAT000022,ELEC,2022-10-01,927,184786.55000000002,6,10,4,2022,1,0,897.0,864.0,302.0,1101.0,468.0,687.6666666666666,665.6666666666666,334.40444574397236,3
MAT000022,ELEC,2022-11-01,1554,345581.74,9,11,4,2022,1,0,927.0,897.0,864.0,477.0,1138.0,896.0,636.6666666666666,31.51190251317769,3
MAT000022,ELEC,2022-12-01,1139,329283.78,7,12,4,2022,1,0,1554.0,927.0,897.0,353.0,390.0,1126.0,816.1666666666666,370.96226223161835,3
MAT000022,ELEC,2023-01-01,655,148101.45,8,1,1,2023,0,0,1139.0,1554.0,927.0,302.0,181.0,1206.6666666666667,947.1666666666666,318.92998186644877,3
MAT000022,ELEC,2023-02-01,846,140856.34,6,2,1,2023,0,0,655.0,1139.0,1554.0,864.0,687.0,1116.0,1006.0,449.9411072573832,3
MAT000022,ELEC,2023-03-01,769,217421.29,7,3,1,2023,0,0,846.0,655.0,1139.0,897.0,293.0,880.0,1003.0,243.78474111395897,3
MAT000022,ELEC,2023-04-01,739,222506.05000000002,9,4,2,2023,0,0,769.0,846.0,655.0,927.0,1101.0,756.6666666666666,981.6666666666666,96.09543867079923,3
MAT000022,ELEC,2023-05-01,1536,346906.46,14,5,2,2023,0,0,739.0,769.0,846.0,1554.0,477.0,784.6666666666666,950.3333333333334,55.193598662646885,3
MAT000022,ELEC,2023-06-01,1160,292442.14,12,6,2,2023,0,1,1536.0,739.0,769.0,1139.0,353.0,1014.6666666666666,947.3333333333334,451.73701789130956,3
MAT000022,ELEC,2023-07-01,743,161656.33,8,7,3,2023,0,1,1160.0,1536.0,739.0,655.0,302.0,1145.0,950.8333333333334,398.71167527425126,3
MAT000022,ELEC,2023-08-01,772,274736.81,7,8,3,2023,0,1,743.0,1160.0,1536.0,846.0,864.0,1146.3333333333333,965.5,396.67661051961875,3
MAT000022,ELEC,2023-09-01,830,261731.04,7,9,3,2023,0,0,772.0,743.0,1160.0,769.0,897.0,891.6666666666666,953.1666666666666,232.8354211311785,3
MAT000022,ELEC,2023-10-01,1279,420569.25,9,10,4,2023,1,0,830.0,772.0,743.0,739.0,927.0,781.6666666666666,963.3333333333334,44.29823171790524,3
MAT000022,ELEC,2023-11-01,1208,304214.34,10,11,4,2023,1,0,1279.0,830.0,772.0,1536.0,1554.0,960.3333333333334,1053.3333333333333,277.492942853207,3
MAT000022,ELEC,2023-12-01,92,27833.68,1,12,4,2023,1,0,1208.0,1279.0,830.0,1160.0,1139.0,1105.6666666666667,998.6666666666666,241.35934482288687,3
MAT000022,ELEC,2024-01-01,882,238638.61,10,1,1,2024,0,0,92.0,1208.0,1279.0,743.0,655.0,859.6666666666666,820.6666666666666,665.7659748990882,3
MAT000022,ELEC,2024-02-01,481,152676.28,5,2,1,2024,0,0,882.0,92.0,1208.0,772.0,846.0,727.3333333333334,843.8333333333334,573.8513163994079,3
MAT000022,ELEC,2024-03-01,338,73050.0,6,3,1,2024,0,0,481.0,882.0,92.0,830.0,769.0,485.0,795.3333333333334,395.0151895813628,3
MAT000022,ELEC,2024-04-01,88,29181.68,1,4,2,2024,0,0,338.0,481.0,882.0,1279.0,739.0,567.0,713.3333333333334,282.01241107440643,3
MAT000022,ELEC,2024-05-01,1139,336293.38,8,5,2,2024,0,0,88.0,338.0,481.0,1208.0,1536.0,302.3333333333333,514.8333333333334,198.91287875181288,3
MAT000022,ELEC,2024-06-01,309,96524.53,4,6,2,2024,0,1,1139.0,88.0,338.0,92.0,1160.0,521.6666666666666,503.3333333333333,549.0449283376847,3
MAT000022,ELEC,2024-07-01,415,145163.24,6,7,3,2024,0,1,309.0,1139.0,88.0,882.0,743.0,512.0,539.5,554.1272417053686,3
MAT000022,ELEC,2024-08-01,279,79969.01000000001,4,8,3,2024,0,1,415.0,309.0,1139.0,481.0,772.0,621.0,461.6666666666667,451.72115292512035,3
MAT000022,ELEC,2024-09-01,503,107747.94,3,9,3,2024,0,0,279.0,415.0,309.0,338.0,830.0,334.3333333333333,428.0,71.45161533046961,3
MAT000023,CHEM,2022-05-01,180,43307.35,2,5,2,2022,0,0,428.0,138.0,12.0,484.0,555.0,192.66666666666666,312.0,213.31979123685028,4
MAT000023,CHEM,2022-06-01,1045,299378.83,10,6,2,2022,0,1,180.0,428.0,138.0,312.0,312.0,248.66666666666666,261.3333333333333,156.7205581068845,4
MAT000023,CHEM,2022-07-01,556,123680.32999999999,7,7,3,2022,0,1,1045.0,180.0,428.0,498.0,19.0,551.0,383.5,445.4245166130844,4
MAT000023,CHEM,2022-08-01,791,263798.01,8,8,3,2022,0,1,556.0,1045.0,180.0,12.0,340.0,593.6666666666666,393.1666666666667,433.7284096451756,4
MAT000023,CHEM,2022-09-01,698,233426.98,6,9,3,2022,0,0,791.0,556.0,1045.0,138.0,757.0,797.3333333333334,523.0,244.561512371291,4
MAT000023,CHEM,2022-10-01,257,79478.64,4,10,4,2022,1,0,698.0,791.0,556.0,428.0,332.0,681.6666666666666,616.3333333333334,118.34835585394994,4
MAT000023,CHEM,2022-11-01,685,198699.69,7,11,4,2022,1,0,257.0,698.0,791.0,180.0,484.0,582.0,587.8333333333334,285.2735529277116,4
MAT000023,CHEM,2022-12-01,2603,705633.22,16,12,4,2022,1,0,685.0,257.0,698.0,1045.0,312.0,546.6666666666666,672.0,250.9428885888843,4
MAT000023,CHEM,2023-01-01,1159,275999.77,13,1,1,2023,0,0,2603.0,685.0,257.0,556.0,498.0,1181.6666666666667,931.6666666666666,1249.3747769717993,4
MAT000023,CHEM,2023-02-01,952,248841.36,10,2,1,2023,0,0,1159.0,2603.0,685.0,791.0,12.0,1482.3333333333333,1032.1666666666667,999.0442098993083,4
MAT000023,CHEM,2023-03-01,1342,361094.06,14,3,1,2023,0,0,952.0,1159.0,2603.0,698.0,138.0,1571.3333333333333,1059.0,899.4244455946997,4
MAT000023,CHEM,2023-04-01,924,244848.65,12,4,2,2023,0,0,1342.0,952.0,1159.0,257.0,428.0,1151.0,1166.3333333333333,195.12303810672805,4
MAT000023,CHEM,2023-05-01,1270,384284.92,12,5,2,2023,0,0,924.0,1342.0,952.0,685.0,180.0,1072.6666666666667,1277.5,233.66928196349,4
MAT000023,CHEM,2023-06-01,752,214145.03,9,6,2,2023,0,1,1270.0,924.0,1342.0,2603.0,1045.0,1178.6666666666667,1375.0,223.46662688941493,4
MAT000023,CHEM,2023-07-01,701,160664.34,11,7,3,2023,0,1,752.0,1270.0,924.0,1159.0,556.0,982.0,1066.5,263.8257000369745,4
MAT000023,CHEM,2023-08-01,875,222221.23,7,8,3,2023,0,1,701.0,752.0,1270.0,952.0,791.0,907.6666666666666,990.1666666666666,314.8242896177691,4
MAT000023,CHEM,2023-09-01,682,166482.43,10,9,3,2023,0,0,875.0,701.0,752.0,1342.0,698.0,776.0,977.3333333333334,89.44830909525142,4
MAT000023,CHEM,2023-10-01,869,216508.02,9,10,4,2023,1,0,682.0,875.0,701.0,924.0,257.0,752.6666666666666,867.3333333333334,106.36885509082519,4
MAT000023,CHEM,2023-11-01,1168,321561.28,10,11,4,2023,1,0,869.0,682.0,875.0,1270.0,685.0,808.6666666666666,858.1666666666666,109.73756573449664,4
MAT000023,CHEM,2023-12-01,1028,318644.88,5,12,4,2023,1,0,1168.0,869.0,682.0,752.0,2603.0,906.3333333333334,841.1666666666666,245.14145576244945,4
MAT000023,CHEM,2024-01-01,1077,134234.42,11,1,1,2024,0,0,1028.0,1168.0,869.0,701.0,1159.0,1021.6666666666666,887.1666666666666,149.60057932151517,4
MAT000023,CHEM,2024-02-01,190,7445.35,3,2,1,2024,0,0,1077.0,1028.0,1168.0,875.0,952.0,1091.0,949.8333333333334,71.0422409556429,4
MAT000023,CHEM,2024-03-01,213,65488.880000000005,3,3,1,2024,0,0,190.0,1077.0,1028.0,682.0,1342.0,765.0,835.6666666666666,498.56694635725665,4
MAT000023,CHEM,2024-04-01,333,91353.08,5,4,2,2024,0,0,213.0,190.0,1077.0,869.0,924.0,493.3333333333333,757.5,505.600962551826,4
MAT000023,CHEM,2024-05-01,436,132508.11,5,5,2,2024,0,0,333.0,213.0,190.0,1168.0,1270.0,245.33333333333334,668.1666666666666,76.78758580221792,4
MAT000023,CHEM,2024-07-01,618,207618.5,6,7,3,2024,0,1,436.0,333.0,213.0,1028.0,752.0,327.3333333333333,546.1666666666666,111.60794475902227,4
MAT000023,CHEM,2024-08-01,283,65044.19,3,8,3,2024,0,1,618.0,436.0,333.0,1077.0,701.0,462.3333333333333,477.8333333333333,144.31331654886515,4
MAT000023,CHEM,2024-09-01,24,1053.84,1,9,3,2024,0,0,283.0,618.0,436.0,190.0,875.0,445.6666666666667,345.5,167.70907349733034,4
MAT000023,CHEM,2024-10-01,73,9935.3,1,10,4,2024,1,0,24.0,283.0,618.0,213.0,682.0,308.3333333333333,317.8333333333333,297.8092230494767,4
MAT000023,CHEM,2024-11-01,538,172539.79,3,11,4,2024,1,0,73.0,24.0,283.0,333.0,869.0,126.66666666666667,294.5,137.58754788618404,4
MAT000024,ELEC,2022-04-01,714,198229.16,6,4,2,2022,0,0,211.0,409.0,357.0,524.0,116.0,325.6666666666667,375.5,102.65151403332214,3
MAT000024,ELEC,2022-05-01,722,182288.64,7,5,2,2022,0,0,714.0,211.0,409.0,238.0,114.0,444.6666666666667,407.1666666666667,253.38968671462015,3
MAT000024,ELEC,2022-06-01,442,93611.0,4,6,2,2022,0,1,722.0,714.0,211.0,514.0,183.0,549.0,487.8333333333333,292.74391539364234,3
MAT000024,ELEC,2022-07-01,588,119300.06,6,7,3,2022,0,1,442.0,722.0,714.0,357.0,490.0,626.0,475.8333333333333,159.39887076137023,3
MAT000024,ELEC,2022-08-01,538,205225.78,5,8,3,2022,0,1,588.0,442.0,722.0,409.0,315.0,584.0,514.3333333333334,140.04285058509777,3
MAT000024,ELEC,2022-09-01,425,117618.72,4,9,3,2022,0,0,538.0,588.0,442.0,211.0,219.0,522.6666666666666,535.8333333333334,74.19793348425108,3
MAT000024,ELEC,2022-10-01,1659,385576.99,12,10,4,2022,1,0,425.0,538.0,588.0,714.0,524.0,517.0,571.5,83.50449089719676,3
MAT000024,ELEC,2022-11-01,1754,460314.44,9,11,4,2022,1,0,1659.0,425.0,538.0,722.0,238.0,874.0,729.0,682.1737315376487,3
MAT000024,ELEC,2022-12-01,983,264793.02,8,12,4,2022,1,0,1754.0,1659.0,425.0,442.0,514.0,1279.3333333333333,901.0,741.3975541727484,3
MAT000024,ELEC,2023-01-01,962,265136.70999999996,10,1,1,2023,0,0,983.0,1754.0,1659.0,588.0,357.0,1465.3333333333333,991.1666666666666,420.40496349749895,3
MAT000024,ELEC,2023-02-01,938,302713.83999999997,8,2,1,2023,0,0,962.0,983.0,1754.0,538.0,409.0,1233.0,1053.5,451.3213932443266,3
MAT000024,ELEC,2023-03-01,323,97780.68000000001,4,3,1,2023,0,0,938.0,962.0,983.0,425.0,211.0,961.0,1120.1666666666667,22.516660498397343,3
MAT000024,ELEC,2023-04-01,1221,237927.69,12,4,2,2023,0,0,323.0,938.0,962.0,1659.0,714.0,741.0,1103.1666666666667,362.19745995796285,3
MAT000024,ELEC,2023-05-01,956,297191.37,8,5,2,2023,0,0,1221.0,323.0,938.0,1754.0,722.0,827.3333333333334,1030.1666666666667,459.11472785495937,3
MAT000024,ELEC,2023-06-01,614,138543.52000000002,8,6,2,2023,0,1,956.0,1221.0,323.0,983.0,442.0,833.3333333333334,897.1666666666666,461.3960699153531,3
MAT000024,ELEC,2023-07-01,574,141840.62,8,7,3,2023,0,1,614.0,956.0,1221.0,962.0,588.0,930.3333333333334,835.6666666666666,304.3128872284797,3
MAT000024,ELEC,2023-08-01,877,253461.16999999998,7,8,3,2023,0,1,574.0,614.0,956.0,938.0,538.0,714.6666666666666,771.0,209.95555085144434,3
MAT000024,ELEC,2023-09-01,607,173458.0,6,9,3,2023,0,0,877.0,574.0,614.0,323.0,425.0,688.3333333333334,760.8333333333334,164.60963924792927,3
MAT000024,ELEC,2023-10-01,1163,300061.53,9,10,4,2023,1,0,607.0,877.0,574.0,1221.0,1659.0,686.0,808.1666666666666,166.2317659173483,3
MAT000024,ELEC,2023-11-01,1086,235208.89,8,11,4,2023,1,0,1163.0,607.0,877.0,956.0,1754.0,882.3333333333334,798.5,278.03836665707377,3
MAT000024,ELEC,2023-12-01,779,222128.75,6,12,4,2023,1,0,1086.0,1163.0,607.0,614.0,983.0,952.0,820.1666666666666,301.24906638859494,3
MAT000024,ELEC,2024-01-01,721,159390.55000000002,7,1,1,2024,0,0,779.0,1086.0,1163.0,574.0,962.0,1009.3333333333334,847.6666666666666,203.1559335420293,3
MAT000024,ELEC,2024-02-01,443,113863.23000000001,3,2,1,2024,0,0,721.0,779.0,1086.0,877.0,938.0,862.0,872.1666666666666,196.145354265657,3
MAT000024,ELEC,2024-03-01,772,227037.94,8,3,1,2024,0,0,443.0,721.0,779.0,607.0,323.0,647.6666666666666,799.8333333333334,179.60326648848405,3
MAT000024,ELEC,2024-04-01,461,193019.56,6,4,2,2024,0,0,772.0,443.0,721.0,1163.0,1221.0,645.3333333333334,827.3333333333334,177.07154862747828,3
MAT000024,ELEC,2024-05-01,164,67523.95999999999,2,5,2,2024,0,0,461.0,772.0,443.0,1086.0,956.0,558.6666666666666,710.3333333333334,184.97116892460136,3
MAT000024,ELEC,2024-06-01,164,39100.81,2,6,2,2024,0,1,164.0,461.0,772.0,779.0,614.0,465.6666666666667,556.6666666666666,304.026862848225,3
MAT000024,ELEC,2024-07-01,187,65682.86,4,7,3,2024,0,1,164.0,164.0,461.0,721.0,574.0,263.0,454.1666666666667,171.47302994931897,3
MAT000024,ELEC,2024-08-01,383,116755.12000000001,3,8,3,2024,0,1,187.0,164.0,164.0,443.0,877.0,171.66666666666666,365.1666666666667,13.279056191362132,3
MAT000024,ELEC,2024-09-01,465,63516.69,6,9,3,2024,0,0,383.0,187.0,164.0,772.0,607.0,244.66666666666666,355.1666666666667,120.35087591427563,3
MAT000024,ELEC,2024-11-01,174,6836.46,1,11,4,2024,1,0,465.0,383.0,187.0,461.0,1163.0,345.0,304.0,142.84257068535297,3
MAT000025,CONS,2022-05-01,232,52063.71,3,5,2,2022,0,0,1075.0,409.0,314.0,363.0,9.0,599.3333333333334,626.3333333333334,414.6689442595542,1
MAT000025,CONS,2022-06-01,729,143560.09,10,6,2,2022,0,1,232.0,1075.0,409.0,885.0,148.0,572.0,604.5,444.50984241071643,1
MAT000025,CONS,2022-07-01,462,127712.29000000001,9,7,3,2022,0,1,729.0,232.0,1075.0,712.0,189.0,678.6666666666666,578.5,423.747959680437,1
MAT000025,CONS,2022-08-01,348,88730.26000000001,5,8,3,2022,0,1,462.0,729.0,232.0,314.0,418.0,474.3333333333333,536.8333333333334,248.72943801113144,1
MAT000025,CONS,2022-09-01,929,354610.8,9,9,3,2022,0,0,348.0,462.0,729.0,409.0,750.0,513.0,542.5,195.55306185278704,1
MAT000025,CONS,2022-10-01,1460,346575.83999999997,11,10,4,2022,1,0,929.0,348.0,462.0,1075.0,1389.0,579.6666666666666,629.1666666666666,307.854402816223,1
MAT000025,CONS,2022-11-01,614,219316.98,5,11,4,2022,1,0,1460.0,929.0,348.0,232.0,363.0,912.3333333333334,693.3333333333334,556.1873185657269,1
MAT000025,CONS,2022-12-01,649,99018.48000000001,6,12,4,2022,1,0,614.0,1460.0,929.0,729.0,885.0,1001.0,757.0,427.5710467279093,1
MAT000025,CONS,2023-01-01,659,84254.77,8,1,1,2023,0,0,649.0,614.0,1460.0,462.0,712.0,907.6666666666666,743.6666666666666,478.65471201413374,1
MAT000025,CONS,2023-02-01,574,153834.94999999998,6,2,1,2023,0,0,659.0,649.0,614.0,348.0,314.0,640.6666666666666,776.5,23.629078131262435,1
MAT000025,CONS,2023-03-01,1238,245817.16,13,3,1,2023,0,0,574.0,659.0,649.0,929.0,409.0,627.3333333333334,814.1666666666666,46.45786621588756,1
MAT000025,CONS,2023-04-01,966,197211.55,9,4,2,2023,0,0,1238.0,574.0,659.0,1460.0,1075.0,823.6666666666666,865.6666666666666,361.33133455781734,1
MAT000025,CONS,2023-05-01,1777,475664.47,19,5,2,2023,0,0,966.0,1238.0,574.0,614.0,232.0,926.0,783.3333333333334,333.802336720401,1
MAT000025,CONS,2023-06-01,545,140701.41999999998,6,6,2,2023,0,1,1777.0,966.0,1238.0,649.0,729.0,1327.0,977.1666666666666,412.76022095158345,1
MAT000025,CONS,2023-07-01,778,194000.97999999998,9,7,3,2023,0,1,545.0,1777.0,966.0,659.0,462.0,1096.0,959.8333333333334,626.2036409986771,1
MAT000025,CONS,2023-08-01,1328,286149.87,12,8,3,2023,0,1,778.0,545.0,1777.0,574.0,348.0,1033.3333333333333,979.6666666666666,654.4863125637795,1
MAT000025,CONS,2023-09-01,275,95697.3,2,9,3,2023,0,0,1328.0,778.0,545.0,1238.0,929.0,883.6666666666666,1105.3333333333333,402.0526499518854,1
MAT000025,CONS,2023-10-01,1990,418921.41,13,10,4,2023,1,0,275.0,1328.0,778.0,966.0,1460.0,793.6666666666666,944.8333333333334,526.6747889669044,1
MAT000025,CONS,2023-11-01,974,207822.02,9,11,4,2023,1,0,1990.0,275.0,1328.0,1777.0,614.0,1197.6666666666667,1115.5,864.8967183041761,1
MAT000025,CONS,2023-12-01,757,295214.23,7,12,4,2023,1,0,974.0,1990.0,275.0,545.0,649.0,1079.6666666666667,981.6666666666666,862.3690238716447,1
MAT000025,CONS,2024-01-01,806,160934.41,8,1,1,2024,0,0,757.0,974.0,1990.0,778.0,659.0,1240.3333333333333,1017.0,658.2342541476654,1
MAT000025,CONS,2024-02-01,311,57783.25,3,2,1,2024,0,0,806.0,757.0,974.0,1328.0,574.0,845.6666666666666,1021.6666666666666,113.80831838373359,1
MAT000025,CONS,2024-03-01,185,14569.039999999999,3,3,1,2024,0,0,311.0,806.0,757.0,275.0,1238.0,624.6666666666666,852.1666666666666,272.74591350437,1
MAT000025,CONS,2024-04-01,134,32039.37,2,4,2,2024,0,0,185.0,311.0,806.0,1990.0,966.0,434.0,837.1666666666666,328.2636135790866,1
MAT000025,CONS,2024-05-01,743,249404.18,6,5,2,2024,0,0,134.0,185.0,311.0,974.0,1777.0,210.0,527.8333333333334,91.10982383914433,1
MAT000025,CONS,2024-06-01,183,18782.07,3,6,2,2024,0,1,743.0,134.0,185.0,757.0,545.0,354.0,489.3333333333333,337.8475987779104,1
MAT000025,CONS,2024-07-01,45,3832.4700000000003,2,7,3,2024,0,1,183.0,743.0,134.0,806.0,778.0,353.3333333333333,393.6666666666667,338.3494249046882,1
MAT000025,CONS,2024-08-01,165,32817.79,2,8,3,2024,0,1,45.0,183.0,743.0,311.0,1328.0,323.6666666666667,266.8333333333333,369.6502851795644,1
MAT000025,CONS,2024-09-01,152,23266.39,2,9,3,2024,0,0,165.0,45.0,183.0,185.0,275.0,131.0,242.5,75.01999733404364,1
MAT000025,CONS,2024-10-01,153,17799.64,2,10,4,2024,1,0,152.0,165.0,45.0,134.0,1990.0,120.66666666666667,237.0,65.85084155372084,1
MAT000025,CONS,2024-11-01,279,78290.19,1,11,4,2024,1,0,153.0,152.0,165.0,743.0,974.0,156.66666666666666,240.16666666666666,7.234178138064384,1
MAT000026,CHEM,2022-04-01,608,96556.37,6,4,2,2022,0,0,672.0,256.0,1047.0,921.0,205.0,658.3333333333334,578.0,395.6770568700355,4
MAT000026,CHEM,2022-05-01,255,52153.3,5,5,2,2022,0,0,608.0,672.0,256.0,522.0,54.0,512.0,525.8333333333334,224.00000000000003,4
MAT000026,CHEM,2022-06-01,689,148654.91,8,6,2,2022,0,1,255.0,608.0,672.0,50.0,103.0,511.6666666666667,481.3333333333333,224.57144371743559,4
MAT000026,CHEM,2022-07-01,785,171415.82,10,7,3,2022,0,1,689.0,255.0,608.0,1047.0,153.0,517.3333333333334,587.8333333333334,230.76900427339314,4
MAT000026,CHEM,2022-08-01,456,148757.53,6,8,3,2022,0,1,785.0,689.0,255.0,256.0,693.0,576.3333333333334,544.1666666666666,282.39216230861183,4
MAT000026,CHEM,2022-09-01,807,229576.78,7,9,3,2022,0,0,456.0,785.0,689.0,672.0,323.0,643.3333333333334,577.5,169.18727296499983,4
MAT000026,CHEM,2022-10-01,1118,241588.68,9,10,4,2022,1,0,807.0,456.0,785.0,608.0,921.0,682.6666666666666,600.0,196.60705311186925,4
MAT000026,CHEM,2022-11-01,591,170515.51,7,11,4,2022,1,0,1118.0,807.0,456.0,255.0,522.0,793.6666666666666,685.0,331.2013486284942,4
MAT000026,CHEM,2022-12-01,350,131462.5,4,12,4,2022,1,0,591.0,1118.0,807.0,689.0,50.0,838.6666666666666,741.0,264.9232593286844,4
MAT000026,CHEM,2023-01-01,1898,395091.06,15,1,1,2023,0,0,350.0,591.0,1118.0,785.0,1047.0,686.3333333333334,684.5,392.775168936802,4
MAT000026,CHEM,2023-02-01,842,200754.3,9,2,1,2023,0,0,1898.0,350.0,591.0,456.0,256.0,946.3333333333334,870.0,832.9299690450172,4
MAT000026,CHEM,2023-03-01,1157,253811.44,12,3,1,2023,0,0,842.0,1898.0,350.0,807.0,672.0,1030.0,934.3333333333334,790.9386828319879,4
MAT000026,CHEM,2023-04-01,810,213992.65,7,4,2,2023,0,0,1157.0,842.0,1898.0,1118.0,608.0,1299.0,992.6666666666666,542.1319027690585,4
MAT000026,CHEM,2023-05-01,332,39930.78,4,5,2,2023,0,0,810.0,1157.0,842.0,591.0,255.0,936.3333333333334,941.3333333333334,191.77156549742514,4
MAT000026,CHEM,2023-06-01,1262,317200.43,16,6,2,2023,0,1,332.0,810.0,1157.0,350.0,689.0,766.3333333333334,898.1666666666666,414.2298073935931,4
MAT000026,CHEM,2023-07-01,196,79124.39,3,7,3,2023,0,1,1262.0,332.0,810.0,1898.0,785.0,801.3333333333334,1050.1666666666667,465.06056953189784,4
MAT000026,CHEM,2023-08-01,514,190735.78,8,8,3,2023,0,1,196.0,1262.0,332.0,842.0,456.0,596.6666666666666,766.5,580.1942203549887,4
MAT000026,CHEM,2023-09-01,1176,303160.21,12,9,3,2023,0,0,514.0,196.0,1262.0,1157.0,807.0,657.3333333333334,711.8333333333334,547.2634953414426,4
MAT000026,CHEM,2023-10-01,1087,294465.62,6,10,4,2023,1,0,1176.0,514.0,196.0,810.0,1118.0,628.6666666666666,715.0,499.96133183810645,4
MAT000026,CHEM,2023-11-01,1162,231652.2,8,11,4,2023,1,0,1087.0,1176.0,514.0,332.0,591.0,925.6666666666666,761.1666666666666,359.28029911662725,4
MAT000026,CHEM,2023-12-01,1316,223265.44999999998,10,12,4,2023,1,0,1162.0,1087.0,1176.0,1262.0,350.0,1141.6666666666667,899.5,47.85742714911776,4
MAT000026,CHEM,2024-01-01,378,56283.89,4,1,1,2024,0,0,1316.0,1162.0,1087.0,196.0,1898.0,1188.3333333333333,908.5,116.74901855404663,4
MAT000026,CHEM,2024-02-01,267,31750.53,4,2,1,2024,0,0,378.0,1316.0,1162.0,514.0,842.0,952.0,938.8333333333334,503.0268382502069,4
MAT000026,CHEM,2024-03-01,196,38985.82,5,3,1,2024,0,0,267.0,378.0,1316.0,1176.0,1157.0,653.6666666666666,897.6666666666666,576.2762647665902,4
MAT000026,CHEM,2024-04-01,329,65737.65,4,4,2,2024,0,0,196.0,267.0,378.0,1087.0,810.0,280.3333333333333,734.3333333333334,91.72967531466082,4
MAT000026,CHEM,2024-05-01,582,104471.04000000001,5,5,2,2024,0,0,329.0,196.0,267.0,1162.0,332.0,264.0,608.0,66.55073252789755,4
MAT000026,CHEM,2024-06-01,23,298.31,1,6,2,2024,0,1,582.0,329.0,196.0,1316.0,1262.0,369.0,511.3333333333333,196.08416560242634,4
MAT000026,CHEM,2024-07-01,321,103865.31,3,7,3,2024,0,1,23.0,582.0,329.0,378.0,196.0,311.3333333333333,295.8333333333333,279.9184405024669,4
MAT000026,CHEM,2024-08-01,2,693.98,1,8,3,2024,0,1,321.0,23.0,582.0,267.0,514.0,308.6666666666667,286.3333333333333,279.7040102203276,4
MAT000026,CHEM,2024-09-01,107,14385.08,1,9,3,2024,0,0,2.0,321.0,23.0,196.0,1176.0,115.33333333333333,242.16666666666666,178.4217849180226,4
MAT000026,CHEM,2024-10-01,402,138840.85,2,10,4,2024,1,0,107.0,2.0,321.0,329.0,1087.0,143.33333333333334,227.33333333333334,162.5740856758331,4
MAT000026,CHEM,2024-11-01,379,142500.7,2,11,4,2024,1,0,402.0,107.0,2.0,582.0,1162.0,170.33333333333334,239.5,207.38450601077486,4
MAT000027,PACK,2022-04-01,1114,290732.0,9,4,2,2022,0,0,1254.0,633.0,226.0,1138.0,166.0,704.3333333333334,614.6666666666666,517.699076040641,0
MAT000027,PACK,2022-05-01,1093,289145.27,8,5,2,2022,0,0,1114.0,1254.0,633.0,198.0,223.0,1000.3333333333334,610.6666666666666,325.73046116894477,0
MAT000027,PACK,2022-06-01,561,117151.67000000001,6,6,2,2022,0,1,1093.0,1114.0,1254.0,239.0,135.0,1153.6666666666667,759.8333333333334,87.52333022305226,0
MAT000027,PACK,2022-07-01,350,88389.33,6,7,3,2022,0,1,561.0,1093.0,1114.0,226.0,116.0,922.6666666666666,813.5,313.38847032610096,0
MAT000027,PACK,2022-08-01,911,242774.50999999998,11,8,3,2022,0,1,350.0,561.0,1093.0,633.0,213.0,668.0,834.1666666666666,382.882488500062,0
MAT000027,PACK,2022-09-01,717,170503.65,8,9,3,2022,0,0,911.0,350.0,561.0,1254.0,434.0,607.3333333333334,880.5,283.3554893298054,0
MAT000027,PACK,2022-10-01,1820,422137.99,11,10,4,2022,1,0,717.0,911.0,350.0,1114.0,1138.0,659.3333333333334,791.0,284.9110972449712,0
MAT000027,PACK,2022-11-01,888,142367.46,10,11,4,2022,1,0,1820.0,717.0,911.0,1093.0,198.0,1149.3333333333333,908.6666666666666,588.8585002641411,0
MAT000027,PACK,2022-12-01,1018,215013.31,8,12,4,2022,1,0,888.0,1820.0,717.0,561.0,239.0,1141.6666666666667,874.5,593.6432711092863,0
MAT000027,PACK,2023-01-01,518,126591.66,4,1,1,2023,0,0,1018.0,888.0,1820.0,350.0,226.0,1242.0,950.6666666666666,504.765291992229,0
MAT000027,PACK,2023-02-01,613,137021.01,7,2,1,2023,0,0,518.0,1018.0,888.0,911.0,633.0,808.0,978.6666666666666,259.42243542145735,0
MAT000027,PACK,2023-03-01,881,225911.39,8,3,1,2023,0,0,613.0,518.0,1018.0,717.0,1254.0,716.3333333333334,929.0,265.5340530578584,0
MAT000027,PACK,2023-04-01,830,137835.05,10,4,2,2023,0,0,881.0,613.0,518.0,1820.0,1114.0,670.6666666666666,956.3333333333334,188.2454072038241,0
MAT000027,PACK,2023-05-01,693,191061.75,5,5,2,2023,0,0,830.0,881.0,613.0,888.0,1093.0,774.6666666666666,791.3333333333334,142.31069296905824,0
MAT000027,PACK,2023-06-01,217,92435.06,4,6,2,2023,0,1,693.0,830.0,881.0,1018.0,561.0,801.3333333333334,758.8333333333334,97.22311110704887,0
MAT000027,PACK,2023-07-01,1055,336975.97,14,7,3,2023,0,1,217.0,693.0,830.0,518.0,350.0,580.0,625.3333333333334,321.7436868067503,0
MAT000027,PACK,2023-08-01,872,210905.59,8,8,3,2023,0,1,1055.0,217.0,693.0,613.0,911.0,655.0,714.8333333333334,420.29037581177164,0
MAT000027,PACK,2023-09-01,987,271858.59,10,9,3,2023,0,0,872.0,1055.0,217.0,881.0,717.0,714.6666666666666,758.0,440.59770009991377,0
MAT000027,PACK,2023-10-01,1719,428453.67,12,10,4,2023,1,0,987.0,872.0,1055.0,830.0,1820.0,971.3333333333334,775.6666666666666,92.50045044935507,0
MAT000027,PACK,2023-11-01,1146,284208.26,8,11,4,2023,1,0,1719.0,987.0,872.0,693.0,888.0,1192.6666666666667,923.8333333333334,459.43044449985416,0
MAT000027,PACK,2023-12-01,964,236640.27,8,12,4,2023,1,0,1146.0,1719.0,987.0,217.0,1018.0,1284.0,999.3333333333334,385.01818138887967,0
MAT000027,PACK,2024-01-01,902,254059.14,8,1,1,2024,0,0,964.0,1146.0,1719.0,1055.0,518.0,1276.3333333333333,1123.8333333333333,394.013113148958,0
MAT000027,PACK,2024-02-01,635,155450.79,6,2,1,2024,0,0,902.0,964.0,1146.0,872.0,613.0,1004.0,1098.3333333333333,126.8227108999022,0
MAT000027,PACK,2024-03-01,191,73807.01000000001,2,3,1,2024,0,0,635.0,902.0,964.0,987.0,881.0,833.6666666666666,1058.8333333333333,174.82086069269167,0
MAT000027,PACK,2024-04-01,316,53236.53,3,4,2,2024,0,0,191.0,635.0,902.0,1719.0,830.0,576.0,926.1666666666666,359.1531706667786,0
MAT000027,PACK,2024-05-01,983,329779.39,8,5,2,2024,0,0,316.0,191.0,635.0,1146.0,693.0,380.6666666666667,692.3333333333334,228.95487182703388,0
MAT000027,PACK,2024-06-01,171,66899.39,3,6,2,2024,0,1,983.0,316.0,191.0,964.0,217.0,496.6666666666667,665.1666666666666,425.7890714113427,0
MAT000027,PACK,2024-07-01,329,58331.3,3,7,3,2024,0,1,171.0,983.0,316.0,902.0,1055.0,490.0,533.0,433.06235116897443,0
MAT000027,PACK,2024-08-01,449,149474.53999999998,3,8,3,2024,0,1,329.0,171.0,983.0,635.0,872.0,494.3333333333333,437.5,430.5082267893768,0
MAT000027,PACK,2024-09-01,268,120380.60999999999,2,9,3,2024,0,0,449.0,329.0,171.0,191.0,987.0,316.3333333333333,406.5,139.43218184240496,0
MAT000028,PACK,2022-04-01,250,52238.43,4,4,2,2022,0,0,434.0,285.0,270.0,637.0,5.0,329.6666666666667,326.0,90.66605391949818,0
MAT000028,PACK,2022-05-01,683,151551.84,7,5,2,2022,0,0,250.0,434.0,285.0,256.0,204.0,323.0,261.5,97.70875088752295,0
MAT000028,PACK,2022-06-01,833,214702.81,11,6,2,2022,0,1,683.0,250.0,434.0,74.0,3.0,455.6666666666667,332.6666666666667,217.3116042307299,0
MAT000028,PACK,2022-07-01,454,133216.66999999998,10,7,3,2022,0,1,833.0,683.0,250.0,270.0,116.0,588.6666666666666,459.1666666666667,302.7314541525763,0
MAT000028,PACK,2022-08-01,664,213628.42,7,8,3,2022,0,1,454.0,833.0,683.0,285.0,254.0,656.6666666666666,489.8333333333333,190.8673186622933,0
MAT000028,PACK,2022-09-01,1069,295615.12,10,9,3,2022,0,0,664.0,454.0,833.0,434.0,504.0,650.3333333333334,553.0,189.86925325953493,0
MAT000028,PACK,2022-10-01,988,358353.0,7,10,4,2022,1,0,1069.0,664.0,454.0,250.0,637.0,729.0,658.8333333333334,312.60998064681183,0
MAT000028,PACK,2022-11-01,1292,277740.61,9,11,4,2022,1,0,988.0,1069.0,664.0,683.0,256.0,907.0,781.8333333333334,214.30585619623204,0
MAT000028,PACK,2022-12-01,1325,127173.51000000001,9,12,4,2022,1,0,1292.0,988.0,1069.0,833.0,74.0,1116.3333333333333,883.3333333333334,157.4304079056312,0
MAT000028,PACK,2023-01-01,548,60870.66,7,1,1,2023,0,0,1325.0,1292.0,988.0,454.0,270.0,1201.6666666666667,965.3333333333334,185.774953460722,0
MAT000028,PACK,2023-02-01,1428,444990.19,12,2,1,2023,0,0,548.0,1325.0,1292.0,664.0,285.0,1055.0,981.0,439.3847971880685,0
MAT000028,PACK,2023-03-01,1445,351563.42,12,3,1,2023,0,0,1428.0,548.0,1325.0,1069.0,434.0,1100.3333333333333,1108.3333333333333,481.0990888926453,0
MAT000028,PACK,2023-04-01,980,270590.68,9,4,2,2023,0,0,1445.0,1428.0,548.0,988.0,250.0,1140.3333333333333,1171.0,513.04613177894,0
MAT000028,PACK,2023-05-01,1209,244535.06,11,5,2,2023,0,0,980.0,1445.0,1428.0,1292.0,683.0,1284.3333333333333,1169.6666666666667,263.697427619864,0
MAT000028,PACK,2023-06-01,926,238918.32,11,6,2,2023,0,1,1209.0,980.0,1445.0,1325.0,833.0,1211.3333333333333,1155.8333333333333,232.50878119618068,0
MAT000028,PACK,2023-07-01,1189,291818.15,16,7,3,2023,0,1,926.0,1209.0,980.0,548.0,454.0,1038.3333333333333,1089.3333333333333,150.24757346903613,0
MAT000028,PACK,2023-08-01,1256,193210.03,12,8,3,2023,0,1,1189.0,926.0,1209.0,1428.0,664.0,1108.0,1196.1666666666667,157.93353032209492,0
MAT000028,PACK,2023-09-01,863,227635.26,9,9,3,2023,0,0,1256.0,1189.0,926.0,1445.0,1069.0,1123.6666666666667,1167.5,174.4314574075829,0
MAT000028,PACK,2023-10-01,797,118939.68,4,10,4,2023,1,0,863.0,1256.0,1189.0,980.0,988.0,1102.6666666666667,1070.5,210.2435096104834,0
MAT000028,PACK,2023-11-01,671,236893.16,5,11,4,2023,1,0,797.0,863.0,1256.0,1209.0,1292.0,972.0,1040.0,248.155193377048,0
MAT000028,PACK,2023-12-01,1020,137079.97,6,12,4,2023,1,0,671.0,797.0,863.0,926.0,1325.0,777.0,950.3333333333334,97.54998718605803,0
MAT000028,PACK,2024-01-01,514,145338.56,5,1,1,2024,0,0,1020.0,671.0,797.0,1189.0,548.0,829.3333333333334,966.0,176.73237771651637,0
MAT000028,PACK,2024-02-01,607,57447.4,4,2,1,2024,0,0,514.0,1020.0,671.0,1256.0,1428.0,735.0,853.5,259.00000000000017,0
MAT000028,PACK,2024-03-01,284,72652.81,3,3,1,2024,0,0,607.0,514.0,1020.0,863.0,1445.0,713.6666666666666,745.3333333333334,269.33683991116663,0
MAT000028,PACK,2024-04-01,711,214154.71,6,4,2,2024,0,0,284.0,607.0,514.0,797.0,980.0,468.3333333333333,648.8333333333334,166.27186572999474,0
MAT000028,PACK,2024-05-01,706,161114.6,5,5,2,2024,0,0,711.0,284.0,607.0,671.0,1209.0,534.0,634.5,222.66342313006882,0
MAT000028,PACK,2024-06-01,296,89272.49,4,6,2,2024,0,1,706.0,711.0,284.0,1020.0,926.0,567.0,640.3333333333334,245.09793960782304,0
MAT000028,PACK,2024-07-01,179,39097.31,4,7,3,2024,0,1,296.0,706.0,711.0,514.0,1189.0,571.0,519.6666666666666,238.17010727629122,0
MAT000028,PACK,2024-08-01,437,44763.82,3,8,3,2024,0,1,179.0,296.0,706.0,607.0,1256.0,393.6666666666667,463.8333333333333,276.74235912366834,0
MAT000028,PACK,2024-09-01,274,121325.04,3,9,3,2024,0,0,437.0,179.0,296.0,284.0,863.0,304.0,435.5,129.18591254467367,0
MAT000028,PACK,2024-10-01,581,122786.57,3,10,4,2024,1,0,274.0,437.0,179.0,711.0,797.0,296.6666666666667,433.8333333333333,130.4849927514019,0
MAT000028,PACK,2024-11-01,203,2709.9500000000003,2,11,4,2024,1,0,581.0,274.0,437.0,706.0,671.0,430.6666666666667,412.1666666666667,153.59796005589854,0
MAT000028,PACK,2024-12-01,127,12118.34,1,12,4,2024,1,0,203.0,581.0,274.0,296.0,1020.0,352.6666666666667,328.3333333333333,200.90379123683405,0
MAT000029,CHEM,2022-06-01,466,94265.49,6,6,2,2022,0,1,520.0,737.0,564.0,233.0,41.0,607.0,488.8333333333333,114.71268456452401,4
MAT000029,CHEM,2022-07-01,546,173246.13,8,7,3,2022,0,1,466.0,520.0,737.0,614.0,1.0,574.3333333333334,527.6666666666666,143.43755900507134,4
MAT000029,CHEM,2022-08-01,863,196350.16999999998,9,8,3,2022,0,1,546.0,466.0,520.0,265.0,454.0,510.6666666666667,516.3333333333334,40.80849584747431,4
MAT000029,CHEM,2022-09-01,603,234953.87,5,9,3,2022,0,0,863.0,546.0,466.0,564.0,172.0,625.0,616.0,209.95951990800512,4
MAT000029,CHEM,2022-10-01,580,68755.01,5,10,4,2022,1,0,603.0,863.0,546.0,737.0,263.0,670.6666666666666,622.5,168.98619272985982,4
MAT000029,CHEM,2022-11-01,1196,322539.1,12,11,4,2022,1,0,580.0,603.0,863.0,520.0,872.0,682.0,596.3333333333334,157.17188043667352,4
MAT000029,CHEM,2022-12-01,864,262972.35000000003,6,12,4,2022,1,0,1196.0,580.0,603.0,466.0,233.0,793.0,709.0,349.19765176759137,4
MAT000029,CHEM,2023-01-01,738,177869.11,10,1,1,2023,0,0,864.0,1196.0,580.0,546.0,614.0,880.0,775.3333333333334,308.3115307606902,4
MAT000029,CHEM,2023-02-01,798,236915.78999999998,6,2,1,2023,0,0,738.0,864.0,1196.0,863.0,265.0,932.6666666666666,807.3333333333334,236.59529440234718,4
MAT000029,CHEM,2023-03-01,700,205888.09,10,3,1,2023,0,0,798.0,738.0,864.0,603.0,564.0,800.0,796.5,63.02380502635481,4
MAT000029,CHEM,2023-04-01,656,89124.23,10,4,2,2023,0,0,700.0,798.0,738.0,580.0,737.0,745.3333333333334,812.6666666666666,49.40985056983395,4
MAT000029,CHEM,2023-05-01,1457,285900.04,17,5,2,2023,0,0,656.0,700.0,798.0,1196.0,520.0,718.0,825.3333333333334,72.6911273815449,4
MAT000029,CHEM,2023-06-01,681,150547.34,8,6,2,2023,0,1,1457.0,656.0,700.0,864.0,466.0,937.6666666666666,868.8333333333334,450.293607919692,4
MAT000029,CHEM,2023-07-01,1332,305996.79000000004,13,7,3,2023,0,1,681.0,1457.0,656.0,738.0,546.0,931.3333333333334,838.3333333333334,455.4122674383435,4
MAT000029,CHEM,2023-08-01,407,134403.52000000002,4,8,3,2023,0,1,1332.0,681.0,1457.0,798.0,863.0,1156.6666666666667,937.3333333333334,416.6537331326017,4
MAT000029,CHEM,2023-09-01,1717,374218.3,13,9,3,2023,0,0,407.0,1332.0,681.0,700.0,603.0,806.6666666666666,872.1666666666666,475.131911508092,4
MAT000029,CHEM,2023-10-01,1797,549086.95,14,10,4,2023,1,0,1717.0,407.0,1332.0,656.0,580.0,1152.0,1041.6666666666667,673.2941407735552,4
MAT000029,CHEM,2023-11-01,698,247881.48,4,11,4,2023,1,0,1797.0,1717.0,407.0,1457.0,1196.0,1307.0,1231.8333333333333,780.4485889538145,4
MAT000029,CHEM,2023-12-01,475,152637.19,3,12,4,2023,1,0,698.0,1797.0,1717.0,681.0,864.0,1404.0,1105.3333333333333,612.7209805449786,4
MAT000029,CHEM,2024-01-01,609,167792.13,7,1,1,2024,0,0,475.0,698.0,1797.0,1332.0,738.0,990.0,1071.0,707.720990221429,4
MAT000029,CHEM,2024-02-01,394,66211.67,5,2,1,2024,0,0,609.0,475.0,698.0,407.0,798.0,594.0,950.5,112.25417586887359,4
MAT000029,CHEM,2024-03-01,333,78083.68,5,3,1,2024,0,0,394.0,609.0,475.0,1717.0,700.0,492.6666666666667,948.3333333333334,108.58330135584079,4
MAT000029,CHEM,2024-04-01,443,157487.66999999998,5,4,2,2024,0,0,333.0,394.0,609.0,1797.0,656.0,445.3333333333333,717.6666666666666,144.9839071529435,4
MAT000029,CHEM,2024-05-01,771,200223.14,6,5,2,2024,0,0,443.0,333.0,394.0,698.0,1457.0,390.0,492.0,55.10898293381942,4
MAT000029,CHEM,2024-06-01,600,112795.54,6,6,2,2024,0,1,771.0,443.0,333.0,475.0,681.0,515.6666666666666,504.1666666666667,227.8625316574301,4
MAT000029,CHEM,2024-07-01,310,81354.44,3,7,3,2024,0,1,600.0,771.0,443.0,609.0,1332.0,604.6666666666666,525.0,164.0497891901521,4
MAT000029,CHEM,2024-08-01,145,32366.9,1,8,3,2024,0,1,310.0,600.0,771.0,394.0,407.0,560.3333333333334,475.1666666666667,233.04577518876707,4
MAT000029,CHEM,2024-09-01,434,129936.3,6,9,3,2024,0,0,145.0,310.0,600.0,333.0,1717.0,351.6666666666667,433.6666666666667,230.34394572754323,4
MAT000029,CHEM,2024-10-01,174,48246.72,1,10,4,2024,1,0,434.0,145.0,310.0,443.0,1797.0,296.3333333333333,450.5,144.98390715294363,4
MAT000029,CHEM,2024-11-01,155,11208.05,1,11,4,2024,1,0,174.0,434.0,145.0,771.0,698.0,251.0,405.6666666666667,159.1445883465726,4
MAT000029,CHEM,2024-12-01,234,24654.24,1,12,4,2024,1,0,155.0,174.0,434.0,600.0,475.0,254.33333333333334,303.0,155.88564184469774,4
MAT000030,CONS,2022-04-01,143,23033.739999999998,4,4,2,2022,0,0,477.0,77.0,126.0,179.0,52.0,226.66666666666666,370.8333333333333,218.1750062067912,1
MAT000030,CONS,2022-05-01,713,220082.3,7,5,2,2022,0,0,143.0,477.0,77.0,209.0,61.0,232.33333333333334,364.8333333333333,214.44191132643212,1
MAT000030,CONS,2022-06-01,339,88240.68999999999,4,6,2,2022,0,1,713.0,143.0,477.0,1157.0,177.0,444.3333333333333,448.8333333333333,286.400651768346,1
MAT000030,CONS,2022-07-01,529,111210.15,7,7,3,2022,0,1,339.0,713.0,143.0,126.0,179.0,398.3333333333333,312.5,289.5951196642191,1
MAT000030,CONS,2022-08-01,561,133838.18,5,8,3,2022,0,1,529.0,339.0,713.0,77.0,137.0,527.0,379.6666666666667,187.00802121834252,1
MAT000030,CONS,2022-09-01,1020,361965.48,8,9,3,2022,0,0,561.0,529.0,339.0,477.0,250.0,476.3333333333333,460.3333333333333,120.00555542696088,1
MAT000030,CONS,2022-10-01,1417,350229.93,9,10,4,2022,1,0,1020.0,561.0,529.0,143.0,179.0,703.3333333333334,550.8333333333334,274.70772346865925,1
MAT000030,CONS,2022-11-01,783,227455.78,5,11,4,2022,1,0,1417.0,1020.0,561.0,713.0,209.0,999.3333333333334,763.1666666666666,428.3740577268112,1
MAT000030,CONS,2022-12-01,1954,755454.95,9,12,4,2022,1,0,783.0,1417.0,1020.0,339.0,1157.0,1073.3333333333333,774.8333333333334,320.34720746922915,1
MAT000030,CONS,2023-01-01,1030,326412.53,8,1,1,2023,0,0,1954.0,783.0,1417.0,529.0,126.0,1384.6666666666667,1044.0,586.1692019658942,1
MAT000030,CONS,2023-02-01,349,102653.97,2,2,1,2023,0,0,1030.0,1954.0,783.0,561.0,77.0,1255.6666666666667,1127.5,617.25548465229,1
MAT000030,CONS,2023-03-01,1270,215552.14,10,3,1,2023,0,0,349.0,1030.0,1954.0,1020.0,477.0,1111.0,1092.1666666666667,805.5600536272885,1
MAT000030,CONS,2023-04-01,968,269688.76,8,4,2,2023,0,0,1270.0,349.0,1030.0,1417.0,143.0,883.0,1133.8333333333333,477.7729586320264,1
MAT000030,CONS,2023-05-01,670,134114.71,8,5,2,2023,0,0,968.0,1270.0,349.0,783.0,713.0,862.3333333333334,1059.0,469.5043485776605,1
MAT000030,CONS,2023-06-01,495,108067.31,6,6,2,2023,0,1,670.0,968.0,1270.0,1954.0,339.0,969.3333333333334,1040.1666666666667,300.00222221399184,1
MAT000030,CONS,2023-07-01,469,57313.96,6,7,3,2023,0,1,495.0,670.0,968.0,1030.0,529.0,711.0,797.0,239.15058017909973,1
MAT000030,CONS,2023-08-01,1039,233020.21,9,8,3,2023,0,1,469.0,495.0,670.0,349.0,561.0,544.6666666666666,703.5,109.31758016592458,1
MAT000030,CONS,2023-09-01,997,274466.01,11,9,3,2023,0,0,1039.0,469.0,495.0,1270.0,1020.0,667.6666666666666,818.5,321.84675442411,1
MAT000030,CONS,2023-10-01,1572,434572.76,10,10,4,2023,1,0,997.0,1039.0,469.0,968.0,1417.0,835.0,773.0,317.66019580677715,1
MAT000030,CONS,2023-11-01,1095,260188.24,6,11,4,2023,1,0,1572.0,997.0,1039.0,670.0,783.0,1202.6666666666667,873.6666666666666,320.54068904482835,1
MAT000030,CONS,2023-12-01,926,208615.37,6,12,4,2023,1,0,1095.0,1572.0,997.0,495.0,1954.0,1221.3333333333333,944.5,307.6139355317527,1
MAT000030,CONS,2024-01-01,595,118814.61,5,1,1,2024,0,0,926.0,1095.0,1572.0,469.0,1030.0,1197.6666666666667,1016.3333333333334,335.013930058637,1
MAT000030,CONS,2024-02-01,335,107116.23,3,2,1,2024,0,0,595.0,926.0,1095.0,1039.0,349.0,872.0,1037.3333333333333,254.33639141892397,1
MAT000030,CONS,2024-03-01,609,182697.30000000002,6,3,1,2024,0,0,335.0,595.0,926.0,997.0,1270.0,618.6666666666666,920.0,296.2099480661201,1
MAT000030,CONS,2024-04-01,499,96591.96,7,4,2,2024,0,0,609.0,335.0,595.0,1572.0,968.0,513.0,855.3333333333334,154.31137352768354,1
MAT000030,CONS,2024-05-01,480,66051.93000000001,4,5,2,2024,0,0,499.0,609.0,335.0,1095.0,670.0,481.0,676.5,137.88400922514654,1
MAT000030,CONS,2024-06-01,101,40035.39,1,6,2,2024,0,1,480.0,499.0,609.0,926.0,495.0,529.3333333333334,574.0,69.64433453866582,1
MAT000030,CONS,2024-07-01,394,133526.5,4,7,3,2024,0,1,101.0,480.0,499.0,595.0,469.0,360.0,436.5,224.5016703724059,1
MAT000030,CONS,2024-08-01,220,28129.300000000003,2,8,3,2024,0,1,394.0,101.0,480.0,335.0,1039.0,325.0,403.0,198.69826370655687,1
MAT000030,CONS,2024-09-01,319,131080.36,2,9,3,2024,0,0,220.0,394.0,101.0,609.0,997.0,238.33333333333334,383.8333333333333,147.35784109891748,1
MAT000030,CONS,2024-11-01,38,9686.58,1,11,4,2024,1,0,319.0,220.0,394.0,499.0,1572.0,311.0,335.5,87.27542609463688,1
MAT000031,MECH,2022-04-01,665,189817.62,5,4,2,2022,0,0,339.0,268.0,486.0,469.0,186.0,364.3333333333333,433.0,111.1860302975753,2
MAT000031,MECH,2022-05-01,619,117050.43,5,5,2,2022,0,0,665.0,339.0,268.0,445.0,118.0,424.0,465.6666666666667,211.70970691019343,2
MAT000031,MECH,2022-06-01,630,147328.93,10,6,2,2022,0,1,619.0,665.0,339.0,591.0,276.0,541.0,494.6666666666667,176.44262523551387,2
MAT000031,MECH,2022-07-01,513,122165.79000000001,8,7,3,2022,0,1,630.0,619.0,665.0,486.0,202.0,638.0,501.1666666666667,24.020824298928627,2
MAT000031,MECH,2022-08-01,1344,309362.39,11,8,3,2022,0,1,513.0,630.0,619.0,268.0,555.0,587.3333333333334,505.6666666666667,64.6090808890928,2
MAT000031,MECH,2022-09-01,318,114259.27,4,9,3,2022,0,0,1344.0,513.0,630.0,339.0,332.0,829.0,685.0,449.8232986406996,2
MAT000031,MECH,2022-10-01,2274,753421.33,16,10,4,2022,1,0,318.0,1344.0,513.0,665.0,469.0,725.0,681.5,544.864203265364,2
MAT000031,MECH,2022-11-01,393,41593.4,5,11,4,2022,1,0,2274.0,318.0,1344.0,619.0,445.0,1312.0,949.6666666666666,978.3925592521643,2
MAT000031,MECH,2022-12-01,2084,493790.38,12,12,4,2022,1,0,393.0,2274.0,318.0,630.0,591.0,995.0,912.0,1108.2811015261425,2
MAT000031,MECH,2023-01-01,196,59030.04,2,1,1,2023,0,0,2084.0,393.0,2274.0,513.0,486.0,1583.6666666666667,1154.3333333333333,1035.514525892,2
MAT000031,MECH,2023-02-01,715,218666.89,6,2,1,2023,0,0,196.0,2084.0,393.0,1344.0,268.0,891.0,1101.5,1037.8530724529364,2
MAT000031,MECH,2023-03-01,928,303775.17,11,3,1,2023,0,0,715.0,196.0,2084.0,318.0,339.0,998.3333333333334,996.6666666666666,975.3688191311702,2
MAT000031,MECH,2023-04-01,744,179835.95,8,4,2,2023,0,0,928.0,715.0,196.0,2274.0,665.0,613.0,1098.3333333333333,376.5089640367146,2
MAT000031,MECH,2023-05-01,1025,189326.83,10,5,2,2023,0,0,744.0,928.0,715.0,393.0,619.0,795.6666666666666,843.3333333333334,115.51767541520786,2
MAT000031,MECH,2023-06-01,794,223118.78,10,6,2,2023,0,1,1025.0,744.0,928.0,2084.0,630.0,899.0,948.6666666666666,142.72701215957665,2
MAT000031,MECH,2023-07-01,1023,278368.49,17,7,3,2023,0,1,794.0,1025.0,744.0,196.0,513.0,854.3333333333334,733.6666666666666,149.90107849289575,2
MAT000031,MECH,2023-08-01,1280,321511.6,12,8,3,2023,0,1,1023.0,794.0,1025.0,715.0,1344.0,947.3333333333334,871.5,132.794327188074,2
MAT000031,MECH,2023-09-01,699,148281.0,8,9,3,2023,0,0,1280.0,1023.0,794.0,928.0,318.0,1032.3333333333333,965.6666666666666,243.1343935631757,2
MAT000031,MECH,2023-10-01,1044,165934.01,7,10,4,2023,1,0,699.0,1280.0,1023.0,744.0,2274.0,1000.6666666666666,927.5,291.14314921243334,2
MAT000031,MECH,2023-11-01,635,158898.37,7,11,4,2023,1,0,1044.0,699.0,1280.0,1025.0,393.0,1007.6666666666666,977.5,292.199133012631,2
MAT000031,MECH,2023-12-01,1207,328638.87,11,12,4,2023,1,0,635.0,1044.0,699.0,794.0,2084.0,792.6666666666666,912.5,220.00075757445325,2
MAT000031,MECH,2024-01-01,578,204004.9,7,1,1,2024,0,0,1207.0,635.0,1044.0,1023.0,196.0,962.0,981.3333333333334,294.68457713290655,2
MAT000031,MECH,2024-02-01,824,269007.55,7,2,1,2024,0,0,578.0,1207.0,635.0,1280.0,715.0,806.6666666666666,907.1666666666666,347.86827008701636,2
MAT000031,MECH,2024-03-01,944,227982.01,10,3,1,2024,0,0,824.0,578.0,1207.0,699.0,928.0,869.6666666666666,831.1666666666666,316.9768656121978,2
MAT000031,MECH,2024-04-01,669,198936.90999999997,6,4,2,2024,0,0,944.0,824.0,578.0,1044.0,744.0,782.0,872.0,186.57974166559467,2
MAT000031,MECH,2024-05-01,517,136585.31,5,5,2,2024,0,0,669.0,944.0,824.0,635.0,1025.0,812.3333333333334,809.5,137.87071238422385,2
MAT000031,MECH,2024-06-01,253,34890.96,3,6,2,2024,0,1,517.0,669.0,944.0,1207.0,794.0,710.0,789.8333333333334,216.43243749493763,2
MAT000031,MECH,2024-08-01,271,18471.489999999998,3,8,3,2024,0,1,253.0,517.0,669.0,578.0,1023.0,479.6666666666667,630.8333333333334,210.49782263323652,2
MAT000031,MECH,2024-09-01,363,88077.95,4,9,3,2024,0,0,271.0,253.0,517.0,824.0,1280.0,347.0,579.6666666666666,147.49915253993913,2
MAT000031,MECH,2024-10-01,382,5454.52,2,10,4,2024,1,0,363.0,271.0,253.0,944.0,699.0,295.6666666666667,502.8333333333333,59.00282479113681,2
MAT000031,MECH,2024-11-01,136,9607.04,1,11,4,2024,1,0,382.0,363.0,271.0,669.0,1044.0,338.6666666666667,409.1666666666667,59.36609582357231,2
MAT000032,PACK,2022-02-01,841,249051.96,6,2,1,2022,0,0,71.0,465.0,928.0,138.0,76.0,488.0,430.1666666666667,428.9627023413573,0
MAT000032,PACK,2022-03-01,666,119665.67,7,3,1,2022,0,0,841.0,71.0,465.0,298.0,166.0,459.0,547.3333333333334,385.03506333839255,0
MAT000032,PACK,2022-04-01,333,98953.51999999999,5,4,2,2022,0,0,666.0,841.0,71.0,681.0,180.0,526.0,608.6666666666666,403.6396908134778,0
MAT000032,PACK,2022-05-01,442,83731.19,5,5,2,2022,0,0,333.0,666.0,841.0,928.0,140.0,613.3333333333334,550.6666666666666,258.06265389113025,0
MAT000032,PACK,2022-06-01,292,35328.44,3,6,2,2022,0,1,442.0,333.0,666.0,465.0,12.0,480.3333333333333,469.6666666666667,169.77730511859735,0
MAT000032,PACK,2022-07-01,448,146390.74,6,7,3,2022,0,1,292.0,442.0,333.0,71.0,184.0,355.6666666666667,440.8333333333333,77.52633961005327,0
MAT000032,PACK,2022-08-01,341,108084.26000000001,6,8,3,2022,0,1,448.0,292.0,442.0,841.0,138.0,394.0,503.6666666666667,88.3855191759373,0
MAT000032,PACK,2022-09-01,634,192777.21,6,9,3,2022,0,0,341.0,448.0,292.0,666.0,298.0,360.3333333333333,420.3333333333333,79.77677189090389,0
MAT000032,PACK,2022-10-01,1423,511320.18,10,10,4,2022,1,0,634.0,341.0,448.0,333.0,681.0,474.3333333333333,415.0,148.2644034599449,0
MAT000032,PACK,2022-11-01,1185,224381.81,7,11,4,2022,1,0,1423.0,634.0,341.0,442.0,928.0,799.3333333333334,596.6666666666666,559.6269590837574,0
MAT000032,PACK,2022-12-01,386,116884.61,5,12,4,2022,1,0,1185.0,1423.0,634.0,292.0,465.0,1080.6666666666667,720.5,404.7151261484223,0
MAT000032,PACK,2023-01-01,927,232255.81,11,1,1,2023,0,0,386.0,1185.0,1423.0,448.0,71.0,998.0,736.1666666666666,543.2025404947956,0
MAT000032,PACK,2023-02-01,296,59525.659999999996,4,2,1,2023,0,0,927.0,386.0,1185.0,341.0,841.0,832.6666666666666,816.0,407.76749911356757,0
MAT000032,PACK,2023-03-01,1346,293331.79000000004,12,3,1,2023,0,0,296.0,927.0,386.0,634.0,666.0,536.3333333333334,808.5,341.3068023543236,0
MAT000032,PACK,2023-04-01,773,289932.23,8,4,2,2023,0,0,1346.0,296.0,927.0,1423.0,333.0,856.3333333333334,927.1666666666666,528.554948263029,0
MAT000032,PACK,2023-05-01,1150,224531.96,10,5,2,2023,0,0,773.0,1346.0,296.0,1185.0,442.0,805.0,818.8333333333334,525.730919767898,0
MAT000032,PACK,2023-06-01,831,231973.56,12,6,2,2023,0,1,1150.0,773.0,1346.0,386.0,292.0,1089.6666666666667,813.0,291.22557122157616,0
MAT000032,PACK,2023-07-01,671,140495.85,8,7,3,2023,0,1,831.0,1150.0,773.0,927.0,448.0,918.0,887.1666666666666,203.00000000000009,0
MAT000032,PACK,2023-08-01,264,74115.78,5,8,3,2023,0,1,671.0,831.0,1150.0,296.0,341.0,884.0,844.5,243.85856556619055,0
MAT000032,PACK,2023-09-01,905,162320.52000000002,7,9,3,2023,0,0,264.0,671.0,831.0,1346.0,634.0,588.6666666666666,839.1666666666666,292.32915238363336,0
MAT000032,PACK,2023-10-01,847,281096.79,5,10,4,2023,1,0,905.0,264.0,671.0,773.0,1423.0,613.3333333333334,765.6666666666666,324.36758983186576,0
MAT000032,PACK,2023-11-01,592,149265.66999999998,6,11,4,2023,1,0,847.0,905.0,264.0,1150.0,1185.0,672.0,778.0,354.52644471181577,0
MAT000032,PACK,2023-12-01,1535,427201.85,10,12,4,2023,1,0,592.0,847.0,905.0,831.0,386.0,781.3333333333334,685.0,166.51226181075515,0
MAT000032,PACK,2024-01-01,372,96810.54999999999,6,1,1,2024,0,0,1535.0,592.0,847.0,671.0,927.0,991.3333333333334,802.3333333333334,487.7871803700189,0
MAT000032,PACK,2024-02-01,971,263550.77,6,2,1,2024,0,0,372.0,1535.0,592.0,264.0,296.0,833.0,752.5,617.8211715375252,0
MAT000032,PACK,2024-03-01,549,127304.03,5,3,1,2024,0,0,971.0,372.0,1535.0,905.0,1346.0,959.3333333333334,870.3333333333334,581.5877692432445,0
MAT000032,PACK,2024-04-01,412,45186.56,3,4,2,2024,0,0,549.0,971.0,372.0,847.0,773.0,630.6666666666666,811.0,307.7374422024942,0
MAT000032,PACK,2024-05-01,722,129187.23000000001,6,5,2,2024,0,0,412.0,549.0,971.0,592.0,1150.0,644.0,738.5,291.35716912408407,0
MAT000032,PACK,2024-06-01,362,125282.32,5,6,2,2024,0,1,722.0,412.0,549.0,1535.0,831.0,561.0,760.1666666666666,155.34799644668786,0
MAT000032,PACK,2024-07-01,670,120986.72,6,7,3,2024,0,1,362.0,722.0,412.0,372.0,671.0,498.6666666666667,564.6666666666666,195.02136635080143,0
MAT000032,PACK,2024-08-01,77,24526.57,2,8,3,2024,0,1,670.0,362.0,722.0,971.0,264.0,584.6666666666666,614.3333333333334,194.57988933426154,0
MAT000032,PACK,2024-09-01,220,78924.78,4,9,3,2024,0,0,77.0,670.0,362.0,549.0,905.0,369.6666666666667,465.3333333333333,296.5743301995869,0
MAT000032,PACK,2024-11-01,240,44995.2,1,11,4,2024,1,0,220.0,77.0,670.0,412.0,847.0,322.3333333333333,410.5,309.46136000045885,0
MAT000033,CHEM,2022-03-01,717,224977.44,6,3,1,2022,0,0,467.0,750.0,643.0,117.0,86.0,620.0,532.5,142.89506639488994,4
MAT000033,CHEM,2022-04-01,533,176442.57,6,4,2,2022,0,0,717.0,467.0,750.0,775.0,13.0,644.6666666666666,632.5,154.74602848969448,4
MAT000033,CHEM,2022-05-01,184,27966.36,3,5,2,2022,0,0,533.0,717.0,467.0,443.0,216.0,572.3333333333334,592.1666666666666,129.55822371942793,4
MAT000033,CHEM,2022-06-01,571,135782.40000000002,7,6,2,2022,0,1,184.0,533.0,717.0,643.0,164.0,478.0,549.0,270.72310577414703,4
MAT000033,CHEM,2022-07-01,807,224023.93,10,7,3,2022,0,1,571.0,184.0,533.0,750.0,173.0,429.3333333333333,537.0,213.31275942459075,4
MAT000033,CHEM,2022-08-01,340,43033.96,4,8,3,2022,0,1,807.0,571.0,184.0,467.0,470.0,520.6666666666666,546.5,314.53510667862395,4
MAT000033,CHEM,2022-09-01,502,152574.56,8,9,3,2022,0,0,340.0,807.0,571.0,717.0,117.0,572.6666666666666,525.3333333333334,233.50446105660026,4
MAT000033,CHEM,2022-10-01,2100,626985.99,13,10,4,2022,1,0,502.0,340.0,807.0,533.0,775.0,549.6666666666666,489.5,237.12092554925079,4
MAT000033,CHEM,2022-11-01,2291,475953.82,14,11,4,2022,1,0,2100.0,502.0,340.0,184.0,443.0,980.6666666666666,750.6666666666666,972.7493681999148,4
MAT000033,CHEM,2022-12-01,1443,324617.84,12,12,4,2022,1,0,2291.0,2100.0,502.0,571.0,643.0,1631.0,1101.8333333333333,982.3955415208278,4
MAT000033,CHEM,2023-01-01,1773,466092.29,15,1,1,2023,0,0,1443.0,2291.0,2100.0,807.0,750.0,1944.6666666666667,1247.1666666666667,444.82843134554025,4
MAT000033,CHEM,2023-02-01,1567,367860.14999999997,16,2,1,2023,0,0,1773.0,1443.0,2291.0,340.0,467.0,1835.6666666666667,1408.1666666666667,427.4591598425912,4
MAT000033,CHEM,2023-03-01,334,101491.63,5,3,1,2023,0,0,1567.0,1773.0,1443.0,502.0,717.0,1594.3333333333333,1612.6666666666667,166.6893317922106,4
MAT000033,CHEM,2023-04-01,825,178967.54,7,4,2,2023,0,0,334.0,1567.0,1773.0,2100.0,533.0,1224.6666666666667,1584.6666666666667,778.1865671761067,4
MAT000033,CHEM,2023-05-01,964,179671.08000000002,12,5,2,2023,0,0,825.0,334.0,1567.0,2291.0,184.0,908.6666666666666,1372.1666666666667,620.7433715581126,4
MAT000033,CHEM,2023-06-01,179,31370.170000000002,6,6,2,2023,0,1,964.0,825.0,334.0,1443.0,571.0,707.6666666666666,1151.0,330.9838868182751,4
MAT000033,CHEM,2023-07-01,777,185124.87,7,7,3,2023,0,1,179.0,964.0,825.0,1773.0,807.0,656.0,940.3333333333334,418.899749343443,4
MAT000033,CHEM,2023-08-01,1055,256135.38,10,8,3,2023,0,1,777.0,179.0,964.0,1567.0,340.0,640.0,774.3333333333334,410.0402419275446,4
MAT000033,CHEM,2023-09-01,606,168072.35,9,9,3,2023,0,0,1055.0,777.0,179.0,334.0,502.0,670.3333333333334,689.0,447.63526819647785,4
MAT000033,CHEM,2023-10-01,1094,204941.84,8,10,4,2023,1,0,606.0,1055.0,777.0,825.0,2100.0,812.6666666666666,734.3333333333334,226.61494507938528,4
MAT000033,CHEM,2023-11-01,541,146349.84,4,11,4,2023,1,0,1094.0,606.0,1055.0,964.0,2291.0,918.3333333333334,779.1666666666666,271.1905848906501,4
MAT000033,CHEM,2023-12-01,698,215589.22999999998,6,12,4,2023,1,0,541.0,1094.0,606.0,179.0,1443.0,747.0,708.6666666666666,302.2631304013101,4
MAT000033,CHEM,2024-01-01,225,68955.58,5,1,1,2024,0,0,698.0,541.0,1094.0,777.0,1773.0,777.6666666666666,795.1666666666666,284.9777769113458,4
MAT000033,CHEM,2024-02-01,611,164703.9,7,2,1,2024,0,0,225.0,698.0,541.0,1055.0,1567.0,488.0,703.1666666666666,240.91284731205013,4
MAT000033,CHEM,2024-03-01,225,47754.15,3,3,1,2024,0,0,611.0,225.0,698.0,606.0,334.0,511.3333333333333,629.1666666666666,251.75848214773725,4
MAT000033,CHEM,2024-04-01,102,32102.46,1,4,2,2024,0,0,225.0,611.0,225.0,1094.0,825.0,353.6666666666667,565.6666666666666,222.85720390719334,4
MAT000033,CHEM,2024-05-01,336,82856.96,3,5,2,2024,0,0,102.0,225.0,611.0,541.0,964.0,312.6666666666667,400.3333333333333,265.5830064844743,4
MAT000033,CHEM,2024-06-01,417,83260.01,6,6,2,2024,0,1,336.0,102.0,225.0,698.0,179.0,221.0,366.1666666666667,117.05127081753051,4
MAT000033,CHEM,2024-07-01,138,24827.620000000003,2,7,3,2024,0,1,417.0,336.0,102.0,225.0,777.0,285.0,319.3333333333333,163.5756705625838,4
MAT000033,CHEM,2024-08-01,173,63628.51,2,8,3,2024,0,1,138.0,417.0,336.0,611.0,1055.0,297.0,304.8333333333333,143.5304845668646,4
MAT000033,CHEM,2024-09-01,237,111192.86,2,9,3,2024,0,0,173.0,138.0,417.0,225.0,606.0,242.66666666666666,231.83333333333334,151.98793811790537,4
MAT000033,CHEM,2024-11-01,225,69873.75,1,11,4,2024,1,0,237.0,173.0,138.0,102.0,1094.0,182.66666666666666,233.83333333333334,50.20292156171949,4
MAT000034,CONS,2022-03-01,344,113515.65,3,3,1,2022,0,0,548.0,165.0,454.0,188.0,95.0,389.0,391.8333333333333,199.60210419732547,1
MAT000034,CONS,2022-04-01,1140,281113.72,9,4,2,2022,0,0,344.0,548.0,165.0,421.0,75.0,352.3333333333333,417.8333333333333,191.63593956597316,1
MAT000034,CONS,2022-05-01,347,51602.77,6,5,2,2022,0,0,1140.0,344.0,548.0,575.0,287.0,677.3333333333334,537.6666666666666,413.4601955851776,1
MAT000034,CONS,2022-06-01,322,85983.48000000001,5,6,2,2022,0,1,347.0,1140.0,344.0,454.0,448.0,610.3333333333334,499.6666666666667,458.707241422384,1
MAT000034,CONS,2022-07-01,520,160185.16999999998,6,7,3,2022,0,1,322.0,347.0,1140.0,165.0,222.0,603.0,477.6666666666667,465.2236021527712,1
MAT000034,CONS,2022-08-01,1280,288900.31,9,8,3,2022,0,1,520.0,322.0,347.0,548.0,127.0,396.3333333333333,536.8333333333334,107.8254762722302,1
MAT000034,CONS,2022-09-01,636,101334.59,4,9,3,2022,0,0,1280.0,520.0,322.0,344.0,188.0,707.3333333333334,658.8333333333334,505.72851742148504,1
MAT000034,CONS,2022-10-01,1872,452571.81,12,10,4,2022,1,0,636.0,1280.0,520.0,1140.0,421.0,812.0,707.5,409.4288705013363,1
MAT000034,CONS,2022-11-01,1501,389261.04000000004,10,11,4,2022,1,0,1872.0,636.0,1280.0,347.0,575.0,1262.6666666666667,829.5,618.1822816397552,1
MAT000034,CONS,2022-12-01,2222,349582.01,12,12,4,2022,1,0,1501.0,1872.0,636.0,322.0,454.0,1336.3333333333333,1021.8333333333334,634.2399651025893,1
MAT000034,CONS,2023-01-01,877,279042.34,9,1,1,2023,0,0,2222.0,1501.0,1872.0,520.0,165.0,1865.0,1338.5,360.5509672709259,1
MAT000034,CONS,2023-02-01,608,230154.94,5,2,1,2023,0,0,877.0,2222.0,1501.0,1280.0,548.0,1533.3333333333333,1398.0,673.0827091326397,1
MAT000034,CONS,2023-03-01,1135,370144.37,15,3,1,2023,0,0,608.0,877.0,2222.0,636.0,344.0,1235.6666666666667,1286.0,864.7140182357018,1
MAT000034,CONS,2023-04-01,1000,228861.82,11,4,2,2023,0,0,1135.0,608.0,877.0,1872.0,1140.0,873.3333333333334,1369.1666666666667,263.51913276522026,1
MAT000034,CONS,2023-05-01,483,111354.49,5,5,2,2023,0,0,1000.0,1135.0,608.0,1501.0,347.0,914.3333333333334,1223.8333333333333,273.74501517531564,1
MAT000034,CONS,2023-06-01,666,197906.35,9,6,2,2023,0,1,483.0,1000.0,1135.0,2222.0,322.0,872.6666666666666,1054.1666666666667,344.14580243456953,1
MAT000034,CONS,2023-07-01,412,115929.15,7,7,3,2023,0,1,666.0,483.0,1000.0,877.0,520.0,716.3333333333334,794.8333333333334,262.1494484703978,1
MAT000034,CONS,2023-08-01,1505,405510.49,17,8,3,2023,0,1,412.0,666.0,483.0,608.0,1280.0,520.3333333333334,717.3333333333334,131.05088070415152,1
MAT000034,CONS,2023-09-01,935,311178.12,9,9,3,2023,0,0,1505.0,412.0,666.0,1135.0,636.0,861.0,866.8333333333334,571.9973776163667,1
MAT000034,CONS,2023-10-01,1033,356204.56,10,10,4,2023,1,0,935.0,1505.0,412.0,1000.0,1872.0,950.6666666666666,833.5,546.6683943062135,1
MAT000034,CONS,2023-11-01,1137,334713.22,9,11,4,2023,1,0,1033.0,935.0,1505.0,483.0,1501.0,1157.6666666666667,839.0,304.76438987082093,1
MAT000034,CONS,2023-12-01,902,248338.07,7,12,4,2023,1,0,1137.0,1033.0,935.0,666.0,2222.0,1035.0,948.0,101.01485039339734,1
MAT000034,CONS,2024-01-01,146,27440.18,2,1,1,2024,0,0,902.0,1137.0,1033.0,412.0,877.0,1024.0,987.3333333333334,117.75822688882694,1
MAT000034,CONS,2024-02-01,502,140824.58,5,2,1,2024,0,0,146.0,902.0,1137.0,1505.0,608.0,728.3333333333334,943.0,517.8226852247145,1
MAT000034,CONS,2024-03-01,557,75171.87,5,3,1,2024,0,0,502.0,146.0,902.0,935.0,1135.0,516.6666666666666,775.8333333333334,378.21334367435236,1
MAT000034,CONS,2024-04-01,398,102616.63,4,4,2,2024,0,0,557.0,502.0,146.0,1033.0,1000.0,401.6666666666667,712.8333333333334,223.11506747266924,1
MAT000034,CONS,2024-05-01,436,107216.54000000001,5,5,2,2024,0,0,398.0,557.0,502.0,1137.0,483.0,485.6666666666667,607.0,80.74858099888664,1
MAT000034,CONS,2024-06-01,120,11559.75,2,6,2,2024,0,1,436.0,398.0,557.0,902.0,666.0,463.6666666666667,490.1666666666667,83.0321222981429,1
MAT000034,CONS,2024-07-01,133,28443.38,1,7,3,2024,0,1,120.0,436.0,398.0,146.0,412.0,318.0,359.8333333333333,172.5224623056384,1
MAT000034,CONS,2024-08-01,182,46446.1,2,8,3,2024,0,1,133.0,120.0,436.0,502.0,1505.0,229.66666666666666,357.6666666666667,178.80809079382777,1
MAT000034,CONS,2024-09-01,461,114658.17,4,9,3,2024,0,0,182.0,133.0,120.0,557.0,935.0,145.0,304.3333333333333,32.695565448550084,1
MAT000034,CONS,2024-10-01,156,57320.64,1,10,4,2024,1,0,461.0,182.0,133.0,398.0,1033.0,258.6666666666667,288.3333333333333,176.93030642977408,1
MAT000035,MECH,2022-05-01,538,76442.65,5,5,2,2022,0,0,439.0,263.0,563.0,538.0,215.0,421.6666666666667,576.8333333333334,150.74923990963723,2
MAT000035,MECH,2022-06-01,250,43975.84,4,6,2,2022,0,1,538.0,439.0,263.0,1183.0,321.0,413.3333333333333,576.8333333333334,139.28507936363238,2
MAT000035,MECH,2022-07-01,860,257246.55000000002,9,7,3,2022,0,1,250.0,538.0,439.0,475.0,316.0,409.0,421.3333333333333,146.3249807790865,2
MAT000035,MECH,2022-08-01,193,42756.84,2,8,3,2022,0,1,860.0,250.0,538.0,563.0,103.0,549.3333333333334,485.5,305.1578826334548,2
MAT000035,MECH,2022-09-01,1060,217582.85,11,9,3,2022,0,0,193.0,860.0,250.0,263.0,1006.0,434.3333333333333,423.8333333333333,369.7381956646262,2
MAT000035,MECH,2022-10-01,1079,230601.43,7,10,4,2022,1,0,1060.0,193.0,860.0,439.0,277.0,704.3333333333334,556.6666666666666,453.9783401587937,2
MAT000035,MECH,2022-11-01,2520,499712.4,16,11,4,2022,1,0,1079.0,1060.0,193.0,538.0,538.0,777.3333333333334,663.3333333333334,506.13667455869404,2
MAT000035,MECH,2022-12-01,2007,430746.69,13,12,4,2022,1,0,2520.0,1079.0,1060.0,250.0,1183.0,1553.0,993.6666666666666,837.5004477610744,2
MAT000035,MECH,2023-01-01,1495,407666.19,12,1,1,2023,0,0,2007.0,2520.0,1079.0,860.0,475.0,1868.6666666666667,1286.5,730.3919039346845,2
MAT000035,MECH,2023-02-01,1144,286173.95999999996,8,2,1,2023,0,0,1495.0,2007.0,2520.0,193.0,563.0,2007.3333333333333,1392.3333333333333,512.5000813008065,2
MAT000035,MECH,2023-03-01,610,144808.34,8,3,1,2023,0,0,1144.0,1495.0,2007.0,1060.0,263.0,1548.6666666666667,1550.8333333333333,433.9957757090883,2
MAT000035,MECH,2023-04-01,840,220907.4,10,4,2,2023,0,0,610.0,1144.0,1495.0,1079.0,439.0,1083.0,1475.8333333333333,445.6422331871161,2
MAT000035,MECH,2023-05-01,1303,401895.88999999996,14,5,2,2023,0,0,840.0,610.0,1144.0,2520.0,538.0,864.6666666666666,1436.0,267.85319362168025,2
MAT000035,MECH,2023-06-01,612,194030.95,5,6,2,2023,0,1,1303.0,840.0,610.0,2007.0,250.0,917.6666666666666,1233.1666666666667,352.967892779688,2
MAT000035,MECH,2023-07-01,417,52960.2,5,7,3,2023,0,1,612.0,1303.0,840.0,1495.0,860.0,918.3333333333334,1000.6666666666666,352.0970510148208,2
MAT000035,MECH,2023-08-01,662,158557.46,6,8,3,2023,0,1,417.0,612.0,1303.0,1144.0,193.0,777.3333333333334,821.0,465.56453186785325,2
MAT000035,MECH,2023-09-01,434,99328.55,5,9,3,2023,0,0,662.0,417.0,612.0,610.0,1060.0,563.6666666666666,740.6666666666666,129.45398152754268,2
MAT000035,MECH,2023-10-01,1209,176687.38,9,10,4,2023,1,0,434.0,662.0,417.0,840.0,1079.0,504.3333333333333,711.3333333333334,136.80765085817885,2
MAT000035,MECH,2023-11-01,1060,192969.43,10,11,4,2023,1,0,1209.0,434.0,662.0,1303.0,2520.0,768.3333333333334,772.8333333333334,398.29176910065985,2
MAT000035,MECH,2023-12-01,180,50538.6,1,12,4,2023,1,0,1060.0,1209.0,434.0,612.0,2007.0,901.0,732.3333333333334,411.2383736958408,2
MAT000035,MECH,2024-01-01,1086,230328.46,12,1,1,2024,0,0,180.0,1060.0,1209.0,417.0,1495.0,816.3333333333334,660.3333333333334,556.0938170249093,2
MAT000035,MECH,2024-02-01,344,101084.09999999999,4,2,1,2024,0,0,1086.0,180.0,1060.0,662.0,1144.0,775.3333333333334,771.8333333333334,515.7376594096395,2
MAT000035,MECH,2024-03-01,367,43081.09,5,3,1,2024,0,0,344.0,1086.0,180.0,434.0,610.0,536.6666666666666,718.8333333333334,482.7518341066487,2
MAT000035,MECH,2024-04-01,650,127970.13,5,4,2,2024,0,0,367.0,344.0,1086.0,1209.0,840.0,599.0,707.6666666666666,421.9111280826804,2
MAT000035,MECH,2024-05-01,564,104937.14,6,5,2,2024,0,0,650.0,367.0,344.0,1060.0,1303.0,453.6666666666667,614.5,170.4181132782935,2
MAT000035,MECH,2024-06-01,374,79988.13,5,6,2,2024,0,1,564.0,650.0,367.0,180.0,612.0,527.0,531.8333333333334,145.08273501695484,2
MAT000035,MECH,2024-07-01,121,30999.399999999998,2,7,3,2024,0,1,374.0,564.0,650.0,1086.0,417.0,529.3333333333334,564.1666666666666,141.22794813114461,2
MAT000035,MECH,2024-08-01,410,107575.8,5,8,3,2024,0,1,121.0,374.0,564.0,344.0,662.0,353.0,403.3333333333333,222.24535990656804,2
MAT000035,MECH,2024-09-01,222,45856.02,2,9,3,2024,0,0,410.0,121.0,374.0,367.0,434.0,301.6666666666667,414.3333333333333,157.49391522637725,2
MAT000035,MECH,2024-10-01,418,94530.13,3,10,4,2024,1,0,222.0,410.0,121.0,650.0,1209.0,251.0,390.1666666666667,146.6662878782987,2
MAT000036,CHEM,2022-05-01,162,5885.46,1,5,2,2022,0,0,466.0,390.0,790.0,1017.0,296.0,548.6666666666666,626.1666666666666,212.4272424462864,4
MAT000036,CHEM,2022-06-01,104,21468.72,1,6,2,2022,0,1,162.0,466.0,390.0,790.0,117.0,339.3333333333333,483.6666666666667,158.20661595942607,4
MAT000036,CHEM,2022-07-01,511,90083.54000000001,9,7,3,2022,0,1,104.0,162.0,466.0,304.0,58.0,244.0,369.3333333333333,194.4325075701077,4
MAT000036,CHEM,2022-08-01,496,102688.78,3,8,3,2022,0,1,511.0,104.0,162.0,790.0,320.0,259.0,403.8333333333333,220.1567623308446,4
MAT000036,CHEM,2022-09-01,174,55630.0,3,9,3,2022,0,0,496.0,511.0,104.0,390.0,217.0,370.3333333333333,354.8333333333333,230.77333757029498,4
MAT000036,CHEM,2022-10-01,934,329447.21,7,10,4,2022,1,0,174.0,496.0,511.0,466.0,234.0,393.6666666666667,318.8333333333333,190.38469826468022,4
MAT000036,CHEM,2022-11-01,1027,253805.02,7,11,4,2022,1,0,934.0,174.0,496.0,162.0,1017.0,534.6666666666666,396.8333333333333,381.472585297205,4
MAT000036,CHEM,2022-12-01,1550,352054.35,12,12,4,2022,1,0,1027.0,934.0,174.0,104.0,790.0,711.6666666666666,541.0,467.9490713029927,4
MAT000036,CHEM,2023-01-01,1757,487033.71,14,1,1,2023,0,0,1550.0,1027.0,934.0,511.0,304.0,1170.3333333333333,782.0,332.07278318665834,4
MAT000036,CHEM,2023-02-01,931,192783.7,11,2,1,2023,0,0,1757.0,1550.0,1027.0,496.0,790.0,1444.6666666666667,989.6666666666666,376.226438907918,4
MAT000036,CHEM,2023-03-01,411,85976.8,6,3,1,2023,0,0,931.0,1757.0,1550.0,174.0,390.0,1412.6666666666667,1062.1666666666667,429.7840543032435,4
MAT000036,CHEM,2023-04-01,961,239574.86,11,4,2,2023,0,0,411.0,931.0,1757.0,934.0,466.0,1033.0,1101.6666666666667,678.7724213607976,4
MAT000036,CHEM,2023-05-01,1287,282411.07,10,5,2,2023,0,0,961.0,411.0,931.0,1027.0,162.0,767.6666666666666,1106.1666666666667,309.24639582917274,4
MAT000036,CHEM,2023-06-01,993,123352.47,12,6,2,2023,0,1,1287.0,961.0,411.0,1550.0,104.0,886.3333333333334,1149.5,442.7474825827171,4
MAT000036,CHEM,2023-07-01,1259,374218.72,14,7,3,2023,0,1,993.0,1287.0,961.0,1757.0,511.0,1080.3333333333333,1056.6666666666667,179.69232964523934,4
MAT000036,CHEM,2023-08-01,1434,380295.47,12,8,3,2023,0,1,1259.0,993.0,1287.0,931.0,496.0,1179.6666666666667,973.6666666666666,162.2631607399947,4
MAT000036,CHEM,2023-09-01,709,211303.47,8,9,3,2023,0,0,1434.0,1259.0,993.0,411.0,174.0,1228.6666666666667,1057.5,222.05930138891583,4
MAT000036,CHEM,2023-10-01,577,213192.68,5,10,4,2023,1,0,709.0,1434.0,1259.0,961.0,934.0,1134.0,1107.1666666666667,378.3186487605389,4
MAT000036,CHEM,2023-11-01,1578,357062.32,11,11,4,2023,1,0,577.0,709.0,1434.0,1287.0,1027.0,906.6666666666666,1043.1666666666667,461.42857879994096,4
MAT000036,CHEM,2023-12-01,1322,414809.43,9,12,4,2023,1,0,1578.0,577.0,709.0,993.0,1550.0,954.6666666666666,1091.6666666666667,543.8421952490752,4
MAT000036,CHEM,2024-01-01,133,61089.56,1,1,1,2024,0,0,1322.0,1578.0,577.0,1259.0,1757.0,1159.0,1146.5,520.0259608904155,4
MAT000036,CHEM,2024-02-01,295,63760.55,6,2,1,2024,0,0,133.0,1322.0,1578.0,1434.0,931.0,1011.0,958.8333333333334,771.0687388294249,4
MAT000036,CHEM,2024-03-01,567,161841.63,4,3,1,2024,0,0,295.0,133.0,1322.0,709.0,411.0,583.3333333333334,769.0,644.8118588653075,4
MAT000036,CHEM,2024-04-01,551,170096.36000000002,8,4,2,2024,0,0,567.0,295.0,133.0,577.0,961.0,331.6666666666667,745.3333333333334,219.3110424336478,4
MAT000036,CHEM,2024-05-01,1298,374333.07,10,5,2,2024,0,0,551.0,567.0,295.0,1578.0,1287.0,471.0,741.0,152.63027222671107,4
MAT000036,CHEM,2024-06-01,354,125525.49,5,6,2,2024,0,1,1298.0,551.0,567.0,1322.0,993.0,805.3333333333334,694.3333333333334,426.73684318714885,4
MAT000036,CHEM,2024-07-01,503,71917.43,5,7,3,2024,0,1,354.0,1298.0,551.0,133.0,1259.0,734.3333333333334,533.0,497.9882863414894,4
MAT000036,CHEM,2024-09-01,242,38023.29,2,9,3,2024,0,0,503.0,354.0,1298.0,295.0,1434.0,718.3333333333334,594.6666666666666,507.50402297256056,4
MAT000036,CHEM,2024-10-01,255,80607.0,3,10,4,2024,1,0,242.0,503.0,354.0,567.0,709.0,366.3333333333333,585.8333333333334,130.9363713157398,4
MAT000036,CHEM,2024-12-01,187,26243.58,1,12,4,2024,1,0,255.0,242.0,503.0,551.0,577.0,333.3333333333333,533.8333333333334,147.07934366638057,4
MAT000037,CHEM,2022-04-01,955,191516.14,9,4,2,2022,0,0,676.0,480.0,515.0,25.0,101.0,557.0,439.3333333333333,104.53229166147648,4
MAT000037,CHEM,2022-05-01,631,169338.51,4,5,2,2022,0,0,955.0,676.0,480.0,486.0,156.0,703.6666666666666,594.3333333333334,238.7055368719656,4
MAT000037,CHEM,2022-06-01,651,152028.93,8,6,2,2022,0,1,631.0,955.0,676.0,454.0,267.0,754.0,618.5,175.51922971572088,4
MAT000037,CHEM,2022-07-01,330,47936.619999999995,5,7,3,2022,0,1,651.0,631.0,955.0,515.0,202.0,745.6666666666666,651.3333333333334,181.56357931406103,4
MAT000037,CHEM,2022-08-01,711,134161.6,7,8,3,2022,0,1,330.0,651.0,631.0,480.0,297.0,537.3333333333334,620.5,179.83418288338103,4
MAT000037,CHEM,2022-09-01,547,163403.85,5,9,3,2022,0,0,711.0,330.0,651.0,676.0,902.0,564.0,659.0,204.85848774214847,4
MAT000037,CHEM,2022-10-01,546,150776.40000000002,3,10,4,2022,1,0,547.0,711.0,330.0,955.0,25.0,529.3333333333334,637.5,191.11340437900566,4
MAT000037,CHEM,2022-11-01,1169,311095.77,9,11,4,2022,1,0,546.0,547.0,711.0,631.0,486.0,601.3333333333334,569.3333333333334,94.97543542060406,4
MAT000037,CHEM,2022-12-01,2038,521500.63,12,12,4,2022,1,0,1169.0,546.0,547.0,651.0,454.0,754.0,659.0,359.40089037174073,4
MAT000037,CHEM,2023-01-01,1073,243705.83,11,1,1,2023,0,0,2038.0,1169.0,546.0,330.0,515.0,1251.0,890.1666666666666,749.3724040822427,4
MAT000037,CHEM,2023-02-01,505,160825.25,7,2,1,2023,0,0,1073.0,2038.0,1169.0,711.0,480.0,1426.6666666666667,1014.0,531.6016679181258,4
MAT000037,CHEM,2023-03-01,638,220821.61,5,3,1,2023,0,0,505.0,1073.0,2038.0,547.0,676.0,1205.3333333333333,979.6666666666666,775.0202147901263,4
MAT000037,CHEM,2023-04-01,599,195890.34,8,4,2,2023,0,0,638.0,505.0,1073.0,546.0,955.0,738.6666666666666,994.8333333333334,297.07967505928997,4
MAT000037,CHEM,2023-05-01,1363,209919.32,11,5,2,2023,0,0,599.0,638.0,505.0,1169.0,631.0,580.6666666666666,1003.6666666666666,68.36909633257793,4
MAT000037,CHEM,2023-06-01,696,146487.54,8,6,2,2023,0,1,1363.0,599.0,638.0,2038.0,651.0,866.6666666666666,1036.0,430.27936661352163,4
MAT000037,CHEM,2023-07-01,1053,265572.79,15,7,3,2023,0,1,696.0,1363.0,599.0,1073.0,330.0,886.0,812.3333333333334,415.93148474237915,4
MAT000037,CHEM,2023-08-01,563,124863.09,6,8,3,2023,0,1,1053.0,696.0,1363.0,505.0,711.0,1037.3333333333333,809.0,333.7758729047582,4
MAT000037,CHEM,2023-09-01,372,119647.92000000001,4,9,3,2023,0,0,563.0,1053.0,696.0,638.0,547.0,770.6666666666666,818.6666666666666,253.38968671461998,4
MAT000037,CHEM,2023-10-01,527,170584.28,5,10,4,2023,1,0,372.0,563.0,1053.0,599.0,546.0,662.6666666666666,774.3333333333334,351.269602062765,4
MAT000037,CHEM,2023-11-01,1329,438770.47,9,11,4,2023,1,0,527.0,372.0,563.0,1363.0,1169.0,487.3333333333333,762.3333333333334,101.49055785309913,4
MAT000037,CHEM,2023-12-01,1654,419907.37,14,12,4,2023,1,0,1329.0,527.0,372.0,696.0,2038.0,742.6666666666666,756.6666666666666,513.6597447078497,4
MAT000037,CHEM,2024-01-01,1729,429752.22,15,1,1,2024,0,0,1654.0,1329.0,527.0,1053.0,1073.0,1170.0,916.3333333333334,580.0801668735106,4
MAT000037,CHEM,2024-02-01,645,109561.45999999999,5,2,1,2024,0,0,1729.0,1654.0,1329.0,563.0,505.0,1570.6666666666667,1029.0,212.62251370288428,4
MAT000037,CHEM,2024-03-01,484,114301.81,6,3,1,2024,0,0,645.0,1729.0,1654.0,372.0,638.0,1342.6666666666667,1042.6666666666667,605.3596727015546,4
MAT000037,CHEM,2024-04-01,364,84325.09999999999,4,4,2,2024,0,0,484.0,645.0,1729.0,527.0,599.0,952.6666666666666,1061.3333333333333,677.1265268273968,4
MAT000037,CHEM,2024-05-01,279,99221.98999999999,2,5,2,2024,0,0,364.0,484.0,645.0,1329.0,1363.0,497.6666666666667,1034.1666666666667,140.99763591398693,4
MAT000037,CHEM,2024-06-01,497,187075.83000000002,7,6,2,2024,0,1,279.0,364.0,484.0,1654.0,696.0,375.6666666666667,859.1666666666666,102.99676370320198,4
MAT000037,CHEM,2024-07-01,351,97514.91,4,7,3,2024,0,1,497.0,279.0,364.0,1729.0,1053.0,380.0,666.3333333333334,109.87720418721933,4
MAT000037,CHEM,2024-08-01,91,27975.3,2,8,3,2024,0,1,351.0,497.0,279.0,645.0,563.0,375.6666666666667,436.6666666666667,111.07354920652003,4
MAT000037,CHEM,2024-09-01,270,88271.47,2,9,3,2024,0,0,91.0,351.0,497.0,484.0,372.0,313.0,344.3333333333333,205.6501884268524,4
MAT000037,CHEM,2024-10-01,6,405.66,1,10,4,2024,1,0,270.0,91.0,351.0,364.0,527.0,237.33333333333334,308.6666666666667,133.0425996939823,4
MAT000037,CHEM,2024-11-01,200,11680.0,1,11,4,2024,1,0,6.0,270.0,91.0,279.0,1329.0,122.33333333333333,249.0,134.76028099307757,4
MAT000038,PACK,2022-03-01,806,178286.59,7,3,1,2022,0,0,477.0,202.0,747.0,73.0,95.0,475.3333333333333,407.0,272.50382260315786,0
MAT000038,PACK,2022-04-01,525,63211.63,5,4,2,2022,0,0,806.0,477.0,202.0,607.0,131.0,495.0,529.1666666666666,302.4020502575999,0
MAT000038,PACK,2022-05-01,563,176362.81,7,5,2,2022,0,0,525.0,806.0,477.0,336.0,95.0,602.6666666666666,515.5,177.7198169404113,0
MAT000038,PACK,2022-06-01,234,81465.81,3,6,2,2022,0,1,563.0,525.0,806.0,747.0,97.0,631.3333333333334,553.3333333333334,152.45436475658317,0
MAT000038,PACK,2022-07-01,183,32279.84,5,7,3,2022,0,1,234.0,563.0,525.0,202.0,265.0,440.6666666666667,467.8333333333333,179.98425857094645,0
MAT000038,PACK,2022-08-01,480,172470.34,5,8,3,2022,0,1,183.0,234.0,563.0,477.0,496.0,326.6666666666667,464.6666666666667,206.2530807850717,0
MAT000038,PACK,2022-09-01,825,179109.14,9,9,3,2022,0,0,480.0,183.0,234.0,806.0,73.0,299.0,465.1666666666667,158.81120867243592,0
MAT000038,PACK,2022-10-01,658,235503.73,5,10,4,2022,1,0,825.0,480.0,183.0,525.0,607.0,496.0,468.3333333333333,321.2989262353673,0
MAT000038,PACK,2022-11-01,1571,420544.79,10,11,4,2022,1,0,658.0,825.0,480.0,563.0,336.0,654.3333333333334,490.5,172.52922457755764,0
MAT000038,PACK,2022-12-01,813,247248.45,8,12,4,2022,1,0,1571.0,658.0,825.0,234.0,747.0,1018.0,658.5,486.1368120190035,0
MAT000038,PACK,2023-01-01,1297,419459.0,10,1,1,2023,0,0,813.0,1571.0,658.0,183.0,202.0,1014.0,755.0,488.5621761864092,0
MAT000038,PACK,2023-02-01,244,30688.939999999995,4,2,1,2023,0,0,1297.0,813.0,1571.0,480.0,477.0,1227.0,940.6666666666666,383.8176650442238,0
MAT000038,PACK,2023-03-01,667,198004.88,7,3,1,2023,0,0,244.0,1297.0,813.0,825.0,806.0,784.6666666666666,901.3333333333334,527.0714689046765,0
MAT000038,PACK,2023-04-01,1242,298828.52999999997,13,4,2,2023,0,0,667.0,244.0,1297.0,658.0,525.0,736.0,875.0,529.8801751339637,0
MAT000038,PACK,2023-05-01,1744,373607.79,17,5,2,2023,0,0,1242.0,667.0,244.0,1571.0,563.0,717.6666666666666,972.3333333333334,500.925476825978,0
MAT000038,PACK,2023-06-01,442,121800.53,6,6,2,2023,0,1,1744.0,1242.0,667.0,813.0,234.0,1217.6666666666667,1001.1666666666666,538.9121759000564,0
MAT000038,PACK,2023-07-01,281,83419.36,4,7,3,2023,0,1,442.0,1744.0,1242.0,1297.0,183.0,1142.6666666666667,939.3333333333334,656.6592216160018,0
MAT000038,PACK,2023-08-01,584,205975.01,9,8,3,2023,0,1,281.0,442.0,1744.0,244.0,480.0,822.3333333333334,770.0,802.2358339873215,0
MAT000038,PACK,2023-09-01,739,231108.83000000002,6,9,3,2023,0,0,584.0,281.0,442.0,667.0,825.0,435.6666666666667,826.6666666666666,151.59925241680196,0
MAT000038,PACK,2023-10-01,792,262187.11,6,10,4,2023,1,0,739.0,584.0,281.0,1242.0,658.0,534.6666666666666,838.6666666666666,232.95135400622434,0
MAT000038,PACK,2023-11-01,1052,221601.53,8,11,4,2023,1,0,792.0,739.0,584.0,1744.0,1571.0,705.0,763.6666666666666,108.08792717042883,0
MAT000038,PACK,2023-12-01,995,269638.17,5,12,4,2023,1,0,1052.0,792.0,739.0,442.0,813.0,861.0,648.3333333333334,167.5201480419592,0
MAT000038,PACK,2024-01-01,957,301543.77,9,1,1,2024,0,0,995.0,1052.0,792.0,281.0,1297.0,946.3333333333334,740.5,136.6613820116468,0
MAT000038,PACK,2024-02-01,243,39833.98,3,2,1,2024,0,0,957.0,995.0,1052.0,584.0,244.0,1001.3333333333334,853.1666666666666,47.81561809004726,0
MAT000038,PACK,2024-03-01,571,145573.72,7,3,1,2024,0,0,243.0,957.0,995.0,739.0,667.0,731.6666666666666,796.3333333333334,423.6240471613164,0
MAT000038,PACK,2024-04-01,468,83750.34999999999,5,4,2,2024,0,0,571.0,243.0,957.0,792.0,1242.0,590.3333333333334,768.3333333333334,357.39240805217617,0
MAT000038,PACK,2024-05-01,42,12932.58,2,5,2,2024,0,0,468.0,571.0,243.0,1052.0,1744.0,427.3333333333333,714.3333333333334,167.73888438085314,0
MAT000038,PACK,2024-06-01,149,35347.61,2,6,2,2024,0,1,42.0,468.0,571.0,995.0,442.0,360.3333333333333,546.0,280.45379892833193,0
MAT000038,PACK,2024-07-01,784,149430.98,8,7,3,2024,0,1,149.0,42.0,468.0,957.0,281.0,219.66666666666666,405.0,221.61753841547207,0
MAT000038,PACK,2024-09-01,279,101655.8,4,9,3,2024,0,0,784.0,149.0,42.0,243.0,584.0,325.0,376.1666666666667,401.0897655139057,0
MAT000038,PACK,2024-11-01,380,143753.5,2,11,4,2024,1,0,279.0,784.0,149.0,571.0,739.0,404.0,382.1666666666667,335.44746235439,0
MAT000039,CHEM,2022-03-01,1017,135771.54,9,3,1,2022,0,0,401.0,796.0,667.0,290.0,56.0,621.3333333333334,613.5,201.42078674589013,4
MAT000039,CHEM,2022-04-01,360,105222.8,3,4,2,2022,0,0,1017.0,401.0,796.0,998.0,54.0,738.0,734.6666666666666,312.06890264811716,4
MAT000039,CHEM,2022-05-01,575,134024.0,5,5,2,2022,0,0,360.0,1017.0,401.0,529.0,4.0,592.6666666666666,628.3333333333334,368.0547966449199,4
MAT000039,CHEM,2022-06-01,641,232059.03999999998,7,6,2,2022,0,1,575.0,360.0,1017.0,667.0,155.0,650.6666666666666,636.0,334.9721381448513,4
MAT000039,CHEM,2022-07-01,702,145450.59,12,7,3,2022,0,1,641.0,575.0,360.0,796.0,263.0,525.3333333333334,631.6666666666666,146.93649421887451,4
MAT000039,CHEM,2022-08-01,979,275828.66,10,8,3,2022,0,1,702.0,641.0,575.0,401.0,173.0,639.3333333333334,616.0,63.51640208114255,4
MAT000039,CHEM,2022-09-01,540,94218.83,6,9,3,2022,0,0,979.0,702.0,641.0,1017.0,290.0,774.0,712.3333333333334,180.13605968822586,4
MAT000039,CHEM,2022-10-01,509,182313.72,6,10,4,2022,1,0,540.0,979.0,702.0,360.0,998.0,740.3333333333334,632.8333333333334,221.99624621451008,4
MAT000039,CHEM,2022-11-01,1005,354481.8,6,11,4,2022,1,0,509.0,540.0,979.0,575.0,529.0,676.0,657.6666666666666,262.8630822310353,4
MAT000039,CHEM,2022-12-01,1919,560609.27,13,12,4,2022,1,0,1005.0,509.0,540.0,641.0,667.0,684.6666666666666,729.3333333333334,277.8494796348076,4
MAT000039,CHEM,2023-01-01,740,203463.03,8,1,1,2023,0,0,1919.0,1005.0,509.0,702.0,796.0,1144.3333333333333,942.3333333333334,715.2519369658033,4
MAT000039,CHEM,2023-02-01,403,74061.62999999999,6,2,1,2023,0,0,740.0,1919.0,1005.0,979.0,401.0,1221.3333333333333,948.6666666666666,618.5550366243359,4
MAT000039,CHEM,2023-03-01,908,224166.47999999998,11,3,1,2023,0,0,403.0,740.0,1919.0,540.0,1017.0,1020.6666666666666,852.6666666666666,796.0177971209774,4
MAT000039,CHEM,2023-04-01,700,187733.06,6,4,2,2023,0,0,908.0,403.0,740.0,509.0,360.0,683.6666666666666,914.0,257.16985308028165,4
MAT000039,CHEM,2023-05-01,991,264571.27,9,5,2,2023,0,0,700.0,908.0,403.0,1005.0,575.0,670.3333333333334,945.8333333333334,253.80372994369816,4
MAT000039,CHEM,2023-06-01,866,291131.52,11,6,2,2023,0,1,991.0,700.0,908.0,1919.0,641.0,866.3333333333334,943.5,149.9077494105413,4
MAT000039,CHEM,2023-07-01,604,137809.97999999998,9,7,3,2023,0,1,866.0,991.0,700.0,740.0,702.0,852.3333333333334,768.0,145.98059231738188,4
MAT000039,CHEM,2023-08-01,873,134418.07,10,8,3,2023,0,1,604.0,866.0,991.0,403.0,979.0,820.3333333333334,745.3333333333334,197.50021097035224,4
MAT000039,CHEM,2023-09-01,1028,307115.25,9,9,3,2023,0,0,873.0,604.0,866.0,908.0,540.0,781.0,823.6666666666666,153.32644912082299,4
MAT000039,CHEM,2023-10-01,1049,375031.67,8,10,4,2023,1,0,1028.0,873.0,604.0,700.0,509.0,835.0,843.6666666666666,214.53904073618006,4
MAT000039,CHEM,2023-11-01,1554,403858.02,10,11,4,2023,1,0,1049.0,1028.0,873.0,991.0,1005.0,983.3333333333334,901.8333333333334,96.12665256490341,4
MAT000039,CHEM,2023-12-01,745,101831.85,6,12,4,2023,1,0,1554.0,1049.0,1028.0,866.0,1919.0,1210.3333333333333,995.6666666666666,297.8092230494779,4
MAT000039,CHEM,2024-01-01,767,123843.56,7,1,1,2024,0,0,745.0,1554.0,1049.0,604.0,740.0,1116.0,975.5,408.6404287390081,4
MAT000039,CHEM,2024-02-01,516,130523.61,4,2,1,2024,0,0,767.0,745.0,1554.0,873.0,403.0,1022.0,1002.6666666666666,460.8568107340938,4
MAT000039,CHEM,2024-03-01,448,140147.45,3,3,1,2024,0,0,516.0,767.0,745.0,1028.0,908.0,676.0,943.1666666666666,139.00000000000125,4
MAT000039,CHEM,2024-05-01,522,164931.02000000002,6,5,2,2024,0,0,448.0,516.0,767.0,1049.0,700.0,577.0,846.5,168.0208320417452,4
MAT000039,CHEM,2024-06-01,119,8953.56,1,6,2,2024,0,1,522.0,448.0,516.0,1554.0,991.0,495.3333333333333,758.6666666666666,41.101500378133196,4
MAT000039,CHEM,2024-07-01,389,133776.61,5,7,3,2024,0,1,119.0,522.0,448.0,745.0,866.0,363.0,519.5,214.52505681155372,4
MAT000039,CHEM,2024-08-01,50,20335.0,1,8,3,2024,0,1,389.0,119.0,522.0,767.0,604.0,343.3333333333333,460.1666666666667,205.3444261072934,4
MAT000039,CHEM,2024-10-01,20,7816.8,1,10,4,2024,1,0,50.0,389.0,119.0,516.0,873.0,186.0,340.6666666666667,179.15635629248646,4
MAT000039,CHEM,2024-11-01,202,70003.42,2,11,4,2024,1,0,20.0,50.0,389.0,448.0,1028.0,153.0,258.0,204.93169593794013,4
MAT000039,CHEM,2024-12-01,77,13713.7,1,12,4,2024,1,0,202.0,20.0,50.0,522.0,1049.0,90.66666666666667,217.0,97.57731976916399,4
MAT000040,CHEM,2022-04-01,385,113239.33,4,4,2,2022,0,0,775.0,431.0,815.0,368.0,130.0,673.6666666666666,488.8333333333333,211.10502915215764,4
MAT000040,CHEM,2022-05-01,673,197460.52000000002,6,5,2,2022,0,0,385.0,775.0,431.0,285.0,27.0,530.3333333333334,491.6666666666667,213.13219684818463,4
MAT000040,CHEM,2022-06-01,391,117927.41,6,6,2,2022,0,1,673.0,385.0,775.0,259.0,182.0,611.0,556.3333333333334,202.25726192154386,4
MAT000040,CHEM,2022-07-01,938,204570.51,10,7,3,2022,0,1,391.0,673.0,385.0,815.0,294.0,483.0,578.3333333333334,164.57217261736565,4
MAT000040,CHEM,2022-08-01,185,56822.450000000004,4,8,3,2022,0,1,938.0,391.0,673.0,431.0,243.0,667.3333333333334,598.8333333333334,273.54402448844195,4
MAT000040,CHEM,2022-09-01,477,148861.32,5,9,3,2022,0,0,185.0,938.0,391.0,775.0,270.0,504.6666666666667,557.8333333333334,389.1559241914908,4
MAT000040,CHEM,2022-10-01,608,132184.96,6,10,4,2022,1,0,477.0,185.0,938.0,385.0,368.0,533.3333333333334,508.1666666666667,379.64764365571045,4
MAT000040,CHEM,2022-11-01,844,268893.3,7,11,4,2022,1,0,608.0,477.0,185.0,673.0,285.0,423.3333333333333,545.3333333333334,216.54637686494158,4
MAT000040,CHEM,2022-12-01,1484,350372.16,9,12,4,2022,1,0,844.0,608.0,477.0,391.0,259.0,643.0,573.8333333333334,185.9865586541134,4
MAT000040,CHEM,2023-01-01,988,182795.59,9,1,1,2023,0,0,1484.0,844.0,608.0,938.0,815.0,978.6666666666666,756.0,453.26077850761953,4
MAT000040,CHEM,2023-02-01,535,143430.56,8,2,1,2023,0,0,988.0,1484.0,844.0,185.0,431.0,1105.3333333333333,764.3333333333334,335.745935691459,4
MAT000040,CHEM,2023-03-01,721,117268.43,9,3,1,2023,0,0,535.0,988.0,1484.0,477.0,775.0,1002.3333333333334,822.6666666666666,474.6623361225676,4
MAT000040,CHEM,2023-04-01,1396,389190.25,11,4,2,2023,0,0,721.0,535.0,988.0,608.0,385.0,748.0,863.3333333333334,227.70375490975115,4
MAT000040,CHEM,2023-05-01,755,183297.8,9,5,2,2023,0,0,1396.0,721.0,535.0,844.0,673.0,884.0,994.6666666666666,453.0529770346952,4
MAT000040,CHEM,2023-06-01,1016,304744.24,15,6,2,2023,0,1,755.0,1396.0,721.0,1484.0,391.0,957.3333333333334,979.8333333333334,380.2766536790464,4
MAT000040,CHEM,2023-07-01,662,126468.97,8,7,3,2023,0,1,1016.0,755.0,1396.0,988.0,938.0,1055.6666666666667,901.8333333333334,322.3357462853497,4
MAT000040,CHEM,2023-08-01,1076,217083.91,10,8,3,2023,0,1,662.0,1016.0,755.0,535.0,185.0,811.0,847.5,183.5238404131738,4
MAT000040,CHEM,2023-09-01,1157,267858.13,10,9,3,2023,0,0,1076.0,662.0,1016.0,721.0,477.0,918.0,937.6666666666666,223.72304306888023,4
MAT000040,CHEM,2023-10-01,992,231415.18,10,10,4,2023,1,0,1157.0,1076.0,662.0,1396.0,608.0,965.0,1010.3333333333334,265.51271156010597,4
MAT000040,CHEM,2023-11-01,599,141875.99,6,11,4,2023,1,0,992.0,1157.0,1076.0,755.0,844.0,1075.0,943.0,82.50454532933318,4
MAT000040,CHEM,2023-12-01,621,115631.39,4,12,4,2023,1,0,599.0,992.0,1157.0,1016.0,1484.0,916.0,917.0,286.65833321220606,4
MAT000040,CHEM,2024-01-01,187,69846.39,3,1,1,2024,0,0,621.0,599.0,992.0,662.0,988.0,737.3333333333334,851.1666666666666,220.8219493921147,4
MAT000040,CHEM,2024-02-01,577,143308.38,6,2,1,2024,0,0,187.0,621.0,599.0,1076.0,535.0,469.0,772.0,244.46676665755732,4
MAT000040,CHEM,2024-03-01,502,166709.84,3,3,1,2024,0,0,577.0,187.0,621.0,1157.0,721.0,461.6666666666667,688.8333333333334,238.88351415142466,4
MAT000040,CHEM,2024-04-01,587,140293.41,6,4,2,2024,0,0,502.0,577.0,187.0,992.0,1396.0,422.0,579.6666666666666,206.9420208657503,4
MAT000040,CHEM,2024-05-01,652,259404.6,8,5,2,2024,0,0,587.0,502.0,577.0,599.0,755.0,555.3333333333334,512.1666666666666,46.4578662158929,4
MAT000040,CHEM,2024-06-01,19,119.32,1,6,2,2024,0,1,652.0,587.0,502.0,621.0,1016.0,580.3333333333334,521.0,75.22189397598132,4
MAT000040,CHEM,2024-07-01,261,34822.119999999995,2,7,3,2024,0,1,19.0,652.0,587.0,187.0,662.0,419.3333333333333,420.6666666666667,348.21880094752777,4
MAT000040,CHEM,2024-08-01,671,160971.06,8,8,3,2024,0,1,261.0,19.0,652.0,577.0,1076.0,310.6666666666667,433.0,319.409350729333,4
MAT000040,CHEM,2024-09-01,141,45500.7,1,9,3,2024,0,0,671.0,261.0,19.0,502.0,1157.0,317.0,448.6666666666667,329.5876211267661,4
MAT000040,CHEM,2024-10-01,487,138942.69,3,10,4,2024,1,0,141.0,671.0,261.0,587.0,992.0,357.6666666666667,388.5,277.90885796126406,4
