VBELN,ERDAT,AUART,KUNNR,VKORG,VTWEG,SPART,WAERK
OR00000001,2022-11-24,OR,C000069,1000,20,00,GBP
OR00000002,2024-06-09,OR,C000047,3000,20,02,EUR
OR00000003,2023-09-09,OR,C000038,1000,20,02,EUR
OR00000004,2023-05-26,ZOR,C000060,3000,10,02,EUR
OR00000005,2022-03-23,OR,C000019,1000,20,02,USD
OR00000006,2022-03-23,ZOR,C000059,3000,30,02,GBP
OR00000007,2021-09-30,ZOR,C000031,1000,30,01,USD
OR00000008,2024-01-28,RE,C000050,1000,30,01,EUR
OR00000009,2023-05-27,RE,C000069,1000,20,00,EUR
OR00000010,2023-08-20,ZOR,C000007,2000,10,01,EUR
OR00000011,2021-06-12,OR,C000080,1000,20,02,USD
OR00000012,2024-07-23,ZOR,C000075,3000,30,01,EUR
OR00000013,2023-12-19,ZOR,C000045,3000,20,00,GBP
OR00000014,2022-06-06,RE,C000060,3000,20,01,USD
OR00000015,2022-04-28,ZOR,C000044,2000,10,01,USD
OR00000016,2022-04-30,OR,C000063,1000,20,00,EUR
OR00000017,2022-09-16,ZOR,C000035,1000,10,02,USD
OR00000018,2023-03-31,OR,C000036,3000,20,02,USD
OR00000019,2023-01-14,OR,C000011,3000,20,02,GBP
OR00000020,2022-09-03,ZOR,C000027,3000,10,00,USD
OR00000021,2023-06-04,RE,C000059,1000,20,02,GBP
OR00000022,2022-02-27,ZOR,C000077,2000,10,01,GBP
OR00000023,2022-09-04,OR,C000035,1000,20,02,GBP
OR00000024,2022-11-16,ZOR,C000059,2000,20,00,EUR
OR00000025,2023-02-03,RE,C000080,2000,10,00,EUR
OR00000026,2023-10-30,OR,C000012,2000,10,02,USD
OR00000027,2022-05-21,RE,C000037,3000,30,01,USD
OR00000028,2023-03-22,ZOR,C000050,1000,10,02,GBP
OR00000029,2023-05-21,ZOR,C000069,3000,30,01,GBP
OR00000030,2021-09-01,ZOR,C000030,1000,30,02,USD
OR00000031,2023-06-01,RE,C000030,2000,20,01,GBP
OR00000032,2022-04-13,ZOR,C000045,3000,20,02,EUR
OR00000033,2021-10-16,ZOR,C000030,1000,30,00,GBP
OR00000034,2024-06-05,ZOR,C000068,1000,20,01,EUR
OR00000035,2024-07-12,RE,C000075,2000,10,02,USD
OR00000036,2023-11-22,ZOR,C000050,3000,30,02,GBP
OR00000037,2022-09-17,OR,C000051,1000,20,00,GBP
OR00000038,2021-12-20,OR,C000076,2000,10,02,USD
OR00000039,2023-07-31,RE,C000017,1000,30,00,EUR
OR00000040,2023-01-21,ZOR,C000010,3000,10,00,USD
OR00000041,2022-01-31,OR,C000056,2000,20,01,EUR
OR00000042,2023-03-07,ZOR,C000016,3000,20,02,USD
OR00000043,2021-07-29,RE,C000072,3000,30,02,USD
OR00000044,2024-03-27,OR,C000012,2000,20,01,EUR
OR00000045,2022-07-30,ZOR,C000011,3000,20,01,GBP
OR00000046,2023-07-13,ZOR,C000016,3000,20,00,USD
OR00000047,2022-09-24,ZOR,C000022,3000,20,00,EUR
OR00000048,2023-03-27,OR,C000040,2000,10,00,GBP
OR00000049,2023-04-17,OR,C000019,1000,20,00,USD
OR00000050,2022-05-02,ZOR,C000041,1000,20,01,GBP
OR00000051,2024-07-22,RE,C000060,3000,10,01,GBP
OR00000052,2023-10-20,OR,C000065,1000,30,01,EUR
OR00000053,2024-05-17,ZOR,C000072,2000,30,02,GBP
OR00000054,2024-03-06,ZOR,C000040,3000,20,00,GBP
OR00000055,2023-05-25,ZOR,C000028,1000,10,00,USD
OR00000056,2024-04-16,OR,C000044,3000,20,00,USD
OR00000057,2021-12-03,OR,C000030,2000,20,00,EUR
OR00000058,2022-05-16,ZOR,C000066,1000,10,01,EUR
OR00000059,2021-08-29,OR,C000011,1000,20,00,GBP
OR00000060,2022-10-08,RE,C000071,2000,10,01,USD
OR00000061,2022-12-07,OR,C000038,3000,20,00,GBP
OR00000062,2022-08-13,OR,C000075,1000,20,02,EUR
OR00000063,2023-12-14,ZOR,C000006,3000,20,02,EUR
OR00000064,2022-11-07,RE,C000024,2000,20,02,EUR
OR00000065,2022-08-23,ZOR,C000070,1000,10,01,GBP
OR00000066,2023-04-14,ZOR,C000010,3000,30,02,USD
OR00000067,2022-03-01,RE,C000009,2000,20,01,GBP
OR00000068,2023-11-16,RE,C000057,1000,30,01,EUR
OR00000069,2021-11-05,OR,C000026,1000,20,00,GBP
OR00000070,2024-09-16,ZOR,C000071,2000,30,00,GBP
OR00000071,2023-10-17,ZOR,C000068,3000,10,00,EUR
OR00000072,2022-05-20,RE,C000017,1000,10,02,USD
OR00000073,2021-03-26,RE,C000065,3000,10,00,GBP
OR00000074,2023-11-30,RE,C000062,2000,20,01,USD
OR00000075,2023-08-19,ZOR,C000078,3000,20,02,EUR
OR00000076,2023-09-07,RE,C000021,2000,20,01,EUR
OR00000077,2023-10-16,OR,C000075,1000,20,01,GBP
OR00000078,2021-11-04,OR,C000080,1000,10,01,EUR
OR00000079,2022-11-09,ZOR,C000042,1000,20,02,GBP
OR00000080,2022-01-20,ZOR,C000077,3000,30,02,USD
OR00000081,2024-01-24,OR,C000019,3000,30,00,USD
OR00000082,2023-06-13,RE,C000053,2000,30,02,USD
OR00000083,2022-10-13,RE,C000070,3000,30,02,GBP
OR00000084,2021-10-13,RE,C000037,3000,30,01,EUR
OR00000085,2022-09-23,RE,C000018,3000,30,00,USD
OR00000086,2022-10-07,OR,C000043,3000,10,00,GBP
OR00000087,2023-09-07,RE,C000074,3000,30,00,USD
OR00000088,2023-06-24,OR,C000015,3000,20,02,EUR
OR00000089,2024-02-24,OR,C000066,2000,30,00,USD
OR00000090,2023-02-17,RE,C000034,1000,10,02,USD
OR00000091,2022-01-27,OR,C000032,3000,20,02,GBP
OR00000092,2023-08-24,ZOR,C000012,1000,20,00,GBP
OR00000093,2023-10-06,ZOR,C000061,2000,10,00,GBP
OR00000094,2023-04-28,OR,C000069,1000,20,01,USD
OR00000095,2023-10-16,ZOR,C000032,2000,10,02,USD
OR00000096,2023-03-06,RE,C000074,2000,10,01,USD
OR00000097,2023-03-29,RE,C000045,2000,30,01,EUR
OR00000098,2023-01-10,ZOR,C000008,2000,30,02,USD
OR00000099,2021-06-30,ZOR,C000062,2000,10,00,USD
OR00000100,2022-01-07,ZOR,C000031,2000,20,01,GBP
OR00000101,2021-07-20,ZOR,C000019,3000,30,02,GBP
OR00000102,2023-06-23,ZOR,C000018,1000,30,02,USD
OR00000103,2022-09-27,RE,C000030,1000,10,00,GBP
OR00000104,2023-03-18,RE,C000031,3000,20,01,EUR
OR00000105,2024-03-25,RE,C000064,2000,30,00,GBP
OR00000106,2022-07-19,OR,C000035,3000,20,02,GBP
OR00000107,2022-12-26,ZOR,C000051,1000,30,00,GBP
OR00000108,2023-10-01,ZOR,C000063,3000,20,01,USD
OR00000109,2022-06-25,ZOR,C000012,2000,30,02,GBP
OR00000110,2021-11-10,ZOR,C000018,2000,20,00,USD
OR00000111,2022-09-01,OR,C000077,2000,10,00,EUR
OR00000112,2022-03-31,ZOR,C000057,3000,30,00,EUR
OR00000113,2024-04-30,RE,C000047,1000,30,02,USD
OR00000114,2023-11-22,OR,C000053,3000,20,00,EUR
OR00000115,2023-06-20,ZOR,C000070,3000,30,02,GBP
OR00000116,2024-02-03,RE,C000079,3000,30,02,EUR
OR00000117,2023-11-17,OR,C000054,3000,10,01,EUR
OR00000118,2022-05-04,OR,C000032,3000,10,01,GBP
OR00000119,2024-03-03,ZOR,C000069,2000,10,01,USD
OR00000120,2023-04-11,OR,C000018,1000,20,00,USD
OR00000121,2023-11-21,RE,C000041,1000,20,00,EUR
OR00000122,2024-03-08,OR,C000011,1000,20,00,EUR
OR00000123,2022-09-30,RE,C000070,1000,30,01,GBP
OR00000124,2022-01-11,OR,C000057,1000,30,02,GBP
OR00000125,2022-06-24,OR,C000066,2000,10,01,GBP
OR00000126,2023-01-10,OR,C000049,3000,10,01,GBP
OR00000127,2023-12-03,ZOR,C000028,2000,20,01,GBP
OR00000128,2024-01-21,ZOR,C000016,2000,10,01,USD
OR00000129,2021-04-05,RE,C000051,3000,10,01,GBP
OR00000130,2023-03-20,OR,C000067,1000,30,01,USD
OR00000131,2023-01-01,RE,C000057,1000,30,02,USD
OR00000132,2022-06-17,RE,C000027,3000,10,02,EUR
OR00000133,2022-01-27,RE,C000047,1000,20,00,USD
OR00000134,2022-10-20,RE,C000065,3000,30,01,EUR
OR00000135,2024-05-24,RE,C000059,1000,20,02,GBP
OR00000136,2022-10-05,OR,C000022,3000,20,02,USD
OR00000137,2023-03-26,RE,C000064,2000,10,01,GBP
OR00000138,2023-08-15,ZOR,C000032,2000,20,00,USD
OR00000139,2022-11-13,RE,C000032,2000,20,00,GBP
OR00000140,2024-07-28,OR,C000002,2000,30,01,GBP
OR00000141,2024-07-05,ZOR,C000020,1000,10,02,EUR
OR00000142,2022-07-22,RE,C000014,1000,20,01,USD
OR00000143,2023-03-09,RE,C000075,1000,30,01,USD
OR00000144,2022-09-13,RE,C000041,3000,20,01,EUR
OR00000145,2022-08-27,ZOR,C000058,2000,10,00,USD
OR00000146,2021-08-06,OR,C000072,1000,20,00,USD
OR00000147,2023-06-03,ZOR,C000026,3000,30,02,USD
OR00000148,2023-03-13,RE,C000004,2000,10,01,USD
OR00000149,2021-09-14,ZOR,C000008,2000,10,01,USD
OR00000150,2022-08-20,OR,C000035,2000,30,00,USD
OR00000151,2024-03-26,OR,C000046,1000,30,01,GBP
OR00000152,2022-07-08,OR,C000068,2000,30,00,USD
OR00000153,2022-03-07,ZOR,C000076,2000,20,00,USD
OR00000154,2023-03-03,OR,C000073,3000,20,02,USD
OR00000155,2024-09-11,RE,C000041,1000,30,02,GBP
OR00000156,2022-07-11,ZOR,C000064,3000,20,00,EUR
OR00000157,2023-07-21,OR,C000022,3000,10,02,USD
OR00000158,2023-10-07,OR,C000037,1000,10,01,GBP
OR00000159,2022-07-06,OR,C000070,2000,20,01,USD
OR00000160,2023-09-06,RE,C000069,1000,20,01,USD
OR00000161,2022-11-17,ZOR,C000077,3000,10,00,EUR
OR00000162,2023-06-20,RE,C000050,3000,20,00,USD
OR00000163,2023-06-21,ZOR,C000040,3000,30,00,USD
OR00000164,2023-04-08,RE,C000053,2000,10,02,USD
OR00000165,2021-12-06,OR,C000023,1000,10,00,EUR
OR00000166,2023-12-22,RE,C000065,1000,30,00,USD
OR00000167,2022-10-03,RE,C000029,1000,20,02,EUR
OR00000168,2022-05-04,RE,C000029,2000,30,02,GBP
OR00000169,2021-08-17,OR,C000014,2000,20,02,EUR
OR00000170,2023-05-20,ZOR,C000034,2000,30,00,GBP
OR00000171,2023-07-25,ZOR,C000038,1000,30,01,GBP
OR00000172,2021-05-26,ZOR,C000075,1000,20,00,GBP
OR00000173,2023-03-21,ZOR,C000068,1000,10,00,USD
OR00000174,2022-06-23,OR,C000022,2000,10,00,GBP
OR00000175,2023-06-29,RE,C000014,3000,20,00,USD
OR00000176,2022-04-18,ZOR,C000056,2000,20,00,USD
OR00000177,2023-08-05,ZOR,C000007,2000,20,00,GBP
OR00000178,2022-12-05,OR,C000037,2000,10,02,USD
OR00000179,2024-05-12,OR,C000074,1000,30,00,GBP
OR00000180,2022-02-24,OR,C000034,1000,10,00,EUR
OR00000181,2022-10-23,OR,C000048,1000,20,01,EUR
OR00000182,2022-01-16,ZOR,C000024,2000,30,00,GBP
OR00000183,2024-04-21,RE,C000044,3000,30,02,USD
OR00000184,2024-02-11,RE,C000065,3000,20,01,USD
OR00000185,2022-07-29,OR,C000058,2000,30,02,USD
OR00000186,2023-07-11,RE,C000078,2000,30,02,USD
OR00000187,2023-12-02,ZOR,C000071,3000,10,00,USD
OR00000188,2023-04-23,RE,C000064,3000,10,02,EUR
OR00000189,2023-04-04,RE,C000071,3000,30,02,USD
OR00000190,2022-07-11,RE,C000015,2000,30,02,GBP
OR00000191,2021-12-12,OR,C000046,3000,30,02,GBP
OR00000192,2024-03-09,RE,C000054,1000,10,02,EUR
OR00000193,2024-03-14,ZOR,C000025,1000,30,00,USD
OR00000194,2023-06-20,RE,C000043,1000,10,00,EUR
OR00000195,2022-10-21,RE,C000010,1000,10,02,USD
OR00000196,2022-10-31,ZOR,C000080,3000,30,00,USD
OR00000197,2023-09-04,ZOR,C000066,2000,10,01,GBP
OR00000198,2024-03-09,OR,C000055,3000,30,02,EUR
OR00000199,2024-02-24,OR,C000010,2000,30,00,GBP
OR00000200,2023-10-24,RE,C000080,3000,10,02,USD
OR00000201,2023-06-27,RE,C000070,1000,20,02,GBP
OR00000202,2021-11-25,OR,C000053,1000,10,00,GBP
OR00000203,2022-03-31,OR,C000043,3000,30,00,USD
OR00000204,2024-03-11,RE,C000032,3000,30,01,EUR
OR00000205,2023-05-31,RE,C000034,1000,10,02,GBP
OR00000206,2021-04-19,RE,C000071,3000,20,02,USD
OR00000207,2021-12-27,OR,C000058,3000,30,02,USD
OR00000208,2023-07-14,RE,C000034,3000,10,01,GBP
OR00000209,2021-03-22,OR,C000028,1000,20,02,GBP
OR00000210,2022-03-30,OR,C000062,3000,10,02,EUR
OR00000211,2023-04-18,RE,C000066,1000,10,00,EUR
OR00000212,2023-08-06,OR,C000062,2000,30,00,GBP
OR00000213,2023-07-05,OR,C000017,1000,30,02,GBP
OR00000214,2022-06-20,ZOR,C000030,2000,30,02,GBP
OR00000215,2023-08-23,RE,C000037,2000,20,00,USD
OR00000216,2022-07-05,ZOR,C000041,1000,10,01,GBP
OR00000217,2022-10-08,ZOR,C000040,3000,20,02,USD
OR00000218,2023-09-23,ZOR,C000028,2000,30,02,GBP
OR00000219,2023-07-03,RE,C000019,2000,10,00,EUR
OR00000220,2024-01-07,ZOR,C000023,1000,10,02,GBP
OR00000221,2023-07-09,ZOR,C000046,3000,10,02,USD
OR00000222,2023-05-03,OR,C000045,3000,10,01,EUR
OR00000223,2021-12-13,ZOR,C000065,1000,30,01,GBP
OR00000224,2022-11-17,ZOR,C000030,2000,30,02,USD
OR00000225,2022-08-06,OR,C000064,3000,10,01,USD
OR00000226,2022-07-13,ZOR,C000070,2000,30,01,EUR
OR00000227,2024-08-01,RE,C000059,3000,20,01,GBP
OR00000228,2022-12-11,ZOR,C000047,1000,30,01,USD
OR00000229,2024-03-02,OR,C000013,3000,20,01,USD
OR00000230,2023-06-19,RE,C000051,1000,10,00,EUR
OR00000231,2023-11-08,ZOR,C000058,3000,20,01,GBP
OR00000232,2023-03-13,RE,C000038,3000,20,01,EUR
OR00000233,2023-05-09,OR,C000061,1000,20,02,USD
OR00000234,2023-03-05,OR,C000040,3000,20,01,GBP
OR00000235,2022-05-15,OR,C000071,3000,30,00,GBP
OR00000236,2023-09-01,OR,C000062,2000,20,02,USD
OR00000237,2022-08-23,OR,C000051,3000,30,02,EUR
OR00000238,2021-06-26,ZOR,C000035,1000,20,00,USD
OR00000239,2023-06-30,RE,C000017,1000,10,00,USD
OR00000240,2022-04-21,RE,C000048,1000,20,00,USD
OR00000241,2024-05-19,ZOR,C000025,1000,10,02,USD
OR00000242,2024-06-15,OR,C000007,1000,30,01,EUR
OR00000243,2024-04-05,RE,C000002,3000,20,02,GBP
OR00000244,2022-11-20,OR,C000069,2000,10,01,GBP
OR00000245,2021-05-21,ZOR,C000070,3000,20,01,GBP
OR00000246,2024-04-27,RE,C000024,2000,30,00,EUR
OR00000247,2023-01-11,ZOR,C000079,2000,30,01,USD
OR00000248,2024-07-15,OR,C000023,1000,20,00,USD
OR00000249,2024-07-07,OR,C000007,3000,30,00,USD
OR00000250,2024-01-11,RE,C000068,1000,20,00,USD
OR00000251,2022-09-06,RE,C000068,3000,10,02,GBP
OR00000252,2022-12-03,RE,C000053,2000,30,00,GBP
OR00000253,2024-01-09,RE,C000077,1000,20,00,EUR
OR00000254,2022-09-29,ZOR,C000013,2000,10,00,EUR
OR00000255,2022-04-11,OR,C000077,3000,30,01,USD
OR00000256,2023-04-24,OR,C000030,3000,30,01,USD
OR00000257,2024-05-11,ZOR,C000029,2000,10,00,EUR
OR00000258,2023-08-09,RE,C000011,2000,30,00,USD
OR00000259,2023-05-04,ZOR,C000077,1000,20,02,EUR
OR00000260,2021-12-19,ZOR,C000037,3000,10,01,EUR
OR00000261,2023-06-07,RE,C000007,1000,10,01,GBP
OR00000262,2024-09-29,ZOR,C000026,3000,30,00,USD
OR00000263,2022-02-28,ZOR,C000031,1000,30,01,EUR
OR00000264,2023-03-26,RE,C000018,2000,30,02,GBP
OR00000265,2024-02-11,RE,C000075,1000,10,01,GBP
OR00000266,2023-09-17,OR,C000024,3000,10,01,EUR
OR00000267,2023-08-10,ZOR,C000048,2000,20,00,USD
OR00000268,2023-08-15,OR,C000027,2000,30,01,GBP
OR00000269,2022-11-10,RE,C000032,2000,30,00,GBP
OR00000270,2022-09-05,ZOR,C000051,2000,10,00,EUR
OR00000271,2023-11-23,RE,C000047,3000,20,02,GBP
OR00000272,2023-11-24,RE,C000019,1000,20,01,EUR
OR00000273,2024-01-29,ZOR,C000032,3000,30,02,USD
OR00000274,2024-04-03,RE,C000005,2000,20,00,USD
OR00000275,2023-03-20,ZOR,C000059,1000,10,01,EUR
OR00000276,2023-03-12,RE,C000014,3000,30,00,EUR
OR00000277,2023-11-12,OR,C000038,1000,10,01,GBP
OR00000278,2023-07-03,RE,C000045,1000,10,02,USD
OR00000279,2023-08-14,RE,C000061,1000,20,00,GBP
OR00000280,2023-11-09,ZOR,C000074,1000,30,00,EUR
OR00000281,2024-02-28,OR,C000057,2000,30,00,USD
OR00000282,2022-10-20,OR,C000001,3000,30,00,EUR
OR00000283,2022-11-25,ZOR,C000027,3000,20,01,USD
OR00000284,2021-12-13,RE,C000023,3000,30,02,EUR
OR00000285,2023-05-10,OR,C000061,1000,30,01,EUR
OR00000286,2021-08-03,ZOR,C000039,2000,30,01,USD
OR00000287,2023-02-11,RE,C000023,3000,30,01,USD
OR00000288,2023-04-14,ZOR,C000019,3000,20,01,GBP
OR00000289,2022-08-29,ZOR,C000001,1000,20,00,USD
OR00000290,2023-05-20,OR,C000063,1000,10,02,EUR
OR00000291,2021-07-17,ZOR,C000005,3000,20,00,GBP
OR00000292,2021-08-07,RE,C000061,2000,30,02,EUR
OR00000293,2023-12-08,OR,C000036,3000,20,01,EUR
OR00000294,2022-11-10,OR,C000058,2000,30,00,EUR
OR00000295,2022-02-08,RE,C000031,3000,10,00,GBP
OR00000296,2023-03-29,ZOR,C000019,1000,20,01,EUR
OR00000297,2023-10-15,RE,C000060,3000,30,00,GBP
OR00000298,2022-06-10,RE,C000005,1000,10,02,GBP
OR00000299,2023-06-12,ZOR,C000015,2000,20,02,USD
OR00000300,2021-11-27,ZOR,C000019,1000,30,02,USD
OR00000301,2021-09-15,ZOR,C000062,3000,10,02,USD
OR00000302,2023-04-05,ZOR,C000043,1000,30,02,USD
OR00000303,2023-04-12,RE,C000063,2000,30,00,USD
OR00000304,2023-06-23,RE,C000050,3000,20,01,GBP
OR00000305,2023-09-04,OR,C000061,1000,30,02,USD
OR00000306,2024-08-09,OR,C000059,3000,10,00,USD
OR00000307,2023-03-24,OR,C000019,3000,20,02,USD
OR00000308,2022-10-05,OR,C000017,3000,20,02,EUR
OR00000309,2023-11-09,ZOR,C000060,1000,10,00,USD
OR00000310,2022-08-12,RE,C000010,2000,30,02,EUR
OR00000311,2023-01-20,ZOR,C000048,3000,10,02,EUR
OR00000312,2021-11-13,RE,C000079,3000,10,00,EUR
OR00000313,2021-06-30,ZOR,C000055,2000,30,00,EUR
OR00000314,2024-07-05,RE,C000060,2000,10,01,GBP
OR00000315,2023-12-23,ZOR,C000015,2000,30,00,EUR
OR00000316,2023-08-09,RE,C000035,2000,20,00,USD
OR00000317,2022-12-25,ZOR,C000051,1000,10,00,EUR
OR00000318,2022-04-16,RE,C000038,3000,10,01,EUR
OR00000319,2022-03-24,OR,C000022,2000,20,01,USD
OR00000320,2022-07-20,OR,C000020,1000,10,01,GBP
OR00000321,2023-04-19,OR,C000058,3000,20,00,USD
OR00000322,2023-08-25,OR,C000015,1000,30,02,USD
OR00000323,2023-07-11,ZOR,C000012,1000,20,01,GBP
OR00000324,2022-08-22,OR,C000050,2000,20,01,EUR
OR00000325,2024-06-17,ZOR,C000009,1000,10,01,GBP
OR00000326,2023-09-15,RE,C000064,2000,10,00,USD
OR00000327,2023-04-23,ZOR,C000004,2000,10,02,GBP
OR00000328,2023-06-04,ZOR,C000060,1000,10,01,EUR
OR00000329,2023-01-03,ZOR,C000069,1000,10,00,GBP
OR00000330,2022-07-17,ZOR,C000003,2000,30,01,USD
OR00000331,2022-11-06,ZOR,C000003,1000,10,00,USD
OR00000332,2023-10-03,OR,C000002,3000,10,02,USD
OR00000333,2021-05-16,OR,C000065,1000,30,00,GBP
OR00000334,2022-01-21,OR,C000047,2000,30,00,USD
OR00000335,2021-08-31,ZOR,C000011,1000,20,01,EUR
OR00000336,2021-08-17,RE,C000051,3000,30,00,USD
OR00000337,2024-01-14,OR,C000077,1000,20,02,EUR
OR00000338,2023-08-16,OR,C000018,3000,10,00,EUR
OR00000339,2023-02-18,OR,C000080,1000,30,02,EUR
OR00000340,2021-12-20,ZOR,C000022,1000,20,02,EUR
OR00000341,2023-03-04,RE,C000047,3000,10,02,EUR
OR00000342,2023-02-18,RE,C000035,2000,30,00,EUR
OR00000343,2022-04-16,ZOR,C000069,2000,10,01,GBP
OR00000344,2023-01-15,OR,C000071,3000,30,02,USD
OR00000345,2022-12-15,ZOR,C000027,2000,30,00,EUR
OR00000346,2023-06-07,OR,C000005,2000,10,00,EUR
OR00000347,2023-06-22,OR,C000018,3000,30,02,USD
OR00000348,2021-08-29,ZOR,C000036,2000,30,00,EUR
OR00000349,2022-11-24,ZOR,C000007,3000,20,01,GBP
OR00000350,2023-06-15,OR,C000041,2000,10,01,EUR
OR00000351,2023-03-14,RE,C000052,2000,20,02,USD
OR00000352,2024-01-16,ZOR,C000077,2000,20,02,USD
OR00000353,2023-07-10,OR,C000012,2000,30,00,USD
OR00000354,2022-04-02,ZOR,C000037,1000,20,00,GBP
OR00000355,2021-10-28,RE,C000032,3000,30,01,USD
OR00000356,2023-06-27,RE,C000028,2000,30,02,EUR
OR00000357,2021-07-04,RE,C000061,3000,30,02,GBP
OR00000358,2023-05-16,RE,C000048,1000,30,00,EUR
OR00000359,2024-05-19,OR,C000041,2000,20,02,EUR
OR00000360,2023-05-08,ZOR,C000056,1000,20,01,GBP
OR00000361,2022-12-06,RE,C000032,1000,20,00,EUR
OR00000362,2023-06-28,OR,C000020,2000,30,02,EUR
OR00000363,2023-02-05,ZOR,C000012,1000,10,01,USD
OR00000364,2023-04-16,ZOR,C000016,2000,30,01,GBP
OR00000365,2024-05-21,RE,C000055,1000,20,02,EUR
OR00000366,2022-12-04,RE,C000020,3000,30,02,USD
OR00000367,2024-07-02,ZOR,C000066,1000,20,02,GBP
OR00000368,2024-03-21,RE,C000076,2000,30,01,EUR
OR00000369,2022-05-16,RE,C000002,2000,20,02,EUR
OR00000370,2021-10-25,ZOR,C000012,1000,20,01,USD
OR00000371,2021-12-26,ZOR,C000061,3000,10,00,EUR
OR00000372,2021-06-02,RE,C000074,1000,20,02,EUR
OR00000373,2021-12-14,RE,C000017,3000,20,01,GBP
OR00000374,2023-07-30,OR,C000039,3000,10,00,EUR
OR00000375,2021-10-29,ZOR,C000006,1000,30,02,GBP
OR00000376,2022-10-01,RE,C000014,1000,30,00,GBP
OR00000377,2024-01-02,RE,C000021,2000,30,01,GBP
OR00000378,2021-06-22,ZOR,C000026,1000,10,01,EUR
OR00000379,2023-11-29,RE,C000059,2000,10,01,USD
OR00000380,2022-08-24,ZOR,C000056,1000,30,02,USD
OR00000381,2022-01-24,OR,C000041,2000,30,02,USD
OR00000382,2023-08-10,ZOR,C000066,3000,20,02,USD
OR00000383,2023-06-17,OR,C000055,3000,10,01,EUR
OR00000384,2024-02-11,RE,C000049,1000,10,01,GBP
OR00000385,2023-09-12,ZOR,C000061,1000,20,02,GBP
OR00000386,2023-11-17,ZOR,C000028,1000,30,00,GBP
OR00000387,2022-08-24,ZOR,C000019,1000,20,01,USD
OR00000388,2022-04-22,ZOR,C000044,3000,30,00,USD
OR00000389,2023-09-26,RE,C000072,3000,10,00,GBP
OR00000390,2023-11-21,OR,C000016,1000,20,00,USD
OR00000391,2024-10-02,ZOR,C000012,2000,30,00,USD
OR00000392,2022-12-28,RE,C000064,2000,10,01,USD
OR00000393,2022-11-21,ZOR,C000039,2000,10,02,GBP
OR00000394,2023-10-21,RE,C000080,1000,10,00,EUR
OR00000395,2022-10-23,ZOR,C000072,1000,30,02,EUR
OR00000396,2024-05-02,ZOR,C000002,3000,30,02,EUR
OR00000397,2024-01-18,OR,C000046,3000,30,01,GBP
OR00000398,2023-01-11,RE,C000015,3000,20,00,GBP
OR00000399,2023-09-27,OR,C000067,3000,10,02,GBP
OR00000400,2023-09-30,RE,C000067,1000,10,01,EUR
OR00000401,2021-12-30,RE,C000004,2000,20,00,USD
OR00000402,2024-03-17,OR,C000008,2000,30,02,EUR
OR00000403,2023-03-15,RE,C000052,2000,10,02,GBP
OR00000404,2023-12-12,ZOR,C000044,3000,20,02,USD
OR00000405,2022-10-02,RE,C000074,3000,20,01,EUR
OR00000406,2024-03-07,RE,C000048,3000,30,02,USD
OR00000407,2022-12-07,OR,C000055,1000,30,00,USD
OR00000408,2021-04-28,RE,C000029,1000,30,00,EUR
OR00000409,2024-03-21,OR,C000047,2000,10,02,USD
OR00000410,2021-12-08,ZOR,C000023,3000,10,01,GBP
OR00000411,2022-10-02,ZOR,C000044,2000,10,01,EUR
OR00000412,2024-06-07,RE,C000048,2000,30,00,USD
OR00000413,2024-06-08,ZOR,C000027,3000,30,00,USD
OR00000414,2023-05-07,ZOR,C000051,2000,20,02,USD
OR00000415,2023-06-19,ZOR,C000064,2000,10,00,EUR
OR00000416,2023-01-28,RE,C000047,1000,20,00,GBP
OR00000417,2022-09-05,OR,C000061,2000,10,00,GBP
OR00000418,2022-10-11,ZOR,C000041,3000,20,00,EUR
OR00000419,2023-07-21,RE,C000076,1000,10,00,EUR
OR00000420,2023-09-28,OR,C000024,2000,20,00,USD
OR00000421,2023-11-05,OR,C000027,2000,20,02,GBP
OR00000422,2023-11-03,RE,C000059,1000,30,00,EUR
OR00000423,2021-12-08,ZOR,C000028,3000,10,01,USD
OR00000424,2023-03-07,RE,C000033,1000,20,00,USD
OR00000425,2021-09-29,RE,C000022,1000,10,01,USD
OR00000426,2023-04-19,OR,C000007,1000,20,00,USD
OR00000427,2023-01-22,OR,C000009,3000,10,02,USD
OR00000428,2024-02-25,RE,C000080,2000,20,00,USD
OR00000429,2022-11-01,ZOR,C000036,1000,10,00,EUR
OR00000430,2022-01-22,RE,C000043,3000,20,02,EUR
OR00000431,2022-03-04,RE,C000066,3000,30,00,USD
OR00000432,2023-10-07,OR,C000032,1000,10,01,EUR
OR00000433,2023-06-09,OR,C000037,3000,20,01,USD
OR00000434,2021-12-26,OR,C000057,2000,10,00,USD
OR00000435,2021-11-24,RE,C000040,1000,10,01,USD
OR00000436,2023-08-14,ZOR,C000049,2000,20,02,GBP
OR00000437,2021-11-02,OR,C000018,1000,10,00,USD
OR00000438,2023-12-07,ZOR,C000025,3000,20,02,GBP
OR00000439,2023-08-18,OR,C000002,3000,30,01,EUR
OR00000440,2021-11-19,RE,C000033,3000,30,01,GBP
OR00000441,2021-11-26,OR,C000001,3000,20,02,EUR
OR00000442,2024-09-15,ZOR,C000034,3000,30,00,GBP
OR00000443,2022-11-23,ZOR,C000002,1000,30,02,USD
OR00000444,2022-11-20,ZOR,C000063,3000,20,01,EUR
OR00000445,2023-11-27,RE,C000078,2000,30,00,EUR
OR00000446,2024-06-01,RE,C000061,2000,20,02,USD
OR00000447,2024-09-12,OR,C000022,2000,30,02,USD
OR00000448,2023-09-29,OR,C000050,3000,20,02,EUR
OR00000449,2022-11-25,RE,C000029,1000,30,01,EUR
OR00000450,2021-11-23,ZOR,C000050,2000,30,00,GBP
OR00000451,2023-10-22,ZOR,C000019,1000,30,02,GBP
OR00000452,2023-04-26,ZOR,C000036,3000,10,01,EUR
OR00000453,2023-01-07,ZOR,C000045,1000,30,02,EUR
OR00000454,2024-03-23,RE,C000027,1000,30,02,USD
OR00000455,2022-01-13,OR,C000076,3000,30,01,USD
OR00000456,2023-03-05,ZOR,C000049,3000,20,01,GBP
OR00000457,2021-05-01,OR,C000039,1000,20,00,GBP
OR00000458,2023-02-14,OR,C000027,3000,30,00,USD
OR00000459,2021-09-26,OR,C000069,3000,20,02,EUR
OR00000460,2022-01-25,RE,C000036,3000,20,00,GBP
OR00000461,2022-01-23,RE,C000073,1000,20,00,EUR
OR00000462,2023-07-03,OR,C000049,1000,30,02,EUR
OR00000463,2023-09-22,ZOR,C000017,3000,30,01,USD
OR00000464,2023-05-14,ZOR,C000040,2000,20,00,GBP
OR00000465,2024-07-04,RE,C000011,2000,10,01,GBP
OR00000466,2022-11-24,RE,C000055,2000,10,02,GBP
OR00000467,2022-08-28,ZOR,C000023,1000,30,01,USD
OR00000468,2024-01-31,ZOR,C000060,1000,20,00,GBP
OR00000469,2022-06-19,ZOR,C000029,2000,20,01,EUR
OR00000470,2024-07-06,OR,C000046,1000,20,00,USD
OR00000471,2021-05-05,OR,C000017,1000,10,00,EUR
OR00000472,2024-07-23,ZOR,C000056,2000,20,00,EUR
OR00000473,2021-08-23,RE,C000026,1000,30,02,GBP
OR00000474,2024-03-01,RE,C000055,1000,10,00,EUR
OR00000475,2023-04-02,ZOR,C000028,2000,30,00,EUR
OR00000476,2024-10-14,RE,C000047,3000,30,02,EUR
OR00000477,2021-11-04,OR,C000025,1000,30,02,EUR
OR00000478,2023-04-22,ZOR,C000009,3000,30,00,USD
OR00000479,2024-07-22,ZOR,C000052,1000,10,00,USD
OR00000480,2023-03-29,OR,C000071,1000,10,02,USD
OR00000481,2023-06-17,RE,C000071,1000,20,02,EUR
OR00000482,2023-08-09,OR,C000078,2000,10,01,EUR
OR00000483,2023-02-02,OR,C000024,1000,10,02,EUR
OR00000484,2023-06-16,ZOR,C000055,3000,20,00,GBP
OR00000485,2023-05-15,ZOR,C000032,1000,30,02,USD
OR00000486,2024-03-15,ZOR,C000026,3000,20,00,EUR
OR00000487,2021-08-30,OR,C000001,1000,20,01,USD
OR00000488,2022-08-23,OR,C000047,3000,10,00,EUR
OR00000489,2024-06-08,RE,C000001,1000,20,00,EUR
OR00000490,2024-02-29,RE,C000050,2000,30,02,EUR
OR00000491,2023-02-03,RE,C000003,2000,10,00,USD
OR00000492,2023-06-10,ZOR,C000004,1000,30,00,GBP
OR00000493,2022-08-19,OR,C000019,1000,10,02,EUR
OR00000494,2022-05-06,OR,C000037,1000,30,00,GBP
OR00000495,2023-02-10,OR,C000030,2000,10,02,EUR
OR00000496,2022-11-04,OR,C000049,2000,30,01,USD
OR00000497,2023-05-14,RE,C000071,1000,10,01,USD
OR00000498,2021-11-12,ZOR,C000002,2000,30,00,EUR
OR00000499,2024-08-05,RE,C000019,3000,30,02,GBP
OR00000500,2024-09-13,RE,C000020,2000,10,00,USD
OR00000501,2023-08-11,ZOR,C000034,2000,30,00,USD
OR00000502,2023-04-09,RE,C000080,1000,30,02,USD
OR00000503,2022-09-22,ZOR,C000045,3000,30,01,USD
OR00000504,2023-11-28,ZOR,C000056,2000,10,01,EUR
OR00000505,2023-07-31,ZOR,C000003,2000,30,00,USD
OR00000506,2022-04-02,OR,C000024,2000,20,01,USD
OR00000507,2024-03-30,RE,C000002,1000,10,02,GBP
OR00000508,2023-12-08,RE,C000034,1000,20,00,GBP
OR00000509,2024-06-07,ZOR,C000064,2000,20,01,GBP
OR00000510,2023-09-04,OR,C000079,2000,30,02,GBP
OR00000511,2023-06-05,OR,C000054,2000,30,01,USD
OR00000512,2023-01-02,RE,C000048,2000,20,02,EUR
OR00000513,2024-05-05,OR,C000072,3000,30,01,USD
OR00000514,2024-01-28,OR,C000002,1000,30,02,GBP
OR00000515,2021-08-29,OR,C000046,3000,10,01,USD
OR00000516,2021-07-03,RE,C000015,1000,10,00,EUR
OR00000517,2022-11-25,ZOR,C000054,3000,20,00,USD
OR00000518,2023-11-25,OR,C000025,3000,10,02,GBP
OR00000519,2024-09-17,ZOR,C000035,1000,10,01,GBP
OR00000520,2022-03-15,RE,C000022,2000,20,01,EUR
OR00000521,2023-05-22,ZOR,C000076,3000,30,02,EUR
OR00000522,2022-11-29,ZOR,C000072,2000,30,00,GBP
OR00000523,2024-07-23,OR,C000041,1000,10,01,EUR
OR00000524,2023-12-30,OR,C000076,3000,10,01,USD
OR00000525,2023-12-25,OR,C000069,2000,30,00,USD
OR00000526,2023-02-14,OR,C000007,1000,20,02,GBP
OR00000527,2022-12-30,OR,C000035,3000,20,00,USD
OR00000528,2022-08-15,RE,C000034,1000,20,02,USD
OR00000529,2021-09-26,RE,C000076,2000,20,02,EUR
OR00000530,2024-01-26,ZOR,C000009,1000,30,01,GBP
OR00000531,2023-11-27,OR,C000003,2000,10,01,GBP
OR00000532,2024-12-15,RE,C000052,2000,30,02,EUR
OR00000533,2024-11-07,OR,C000064,1000,20,02,EUR
OR00000534,2023-04-23,ZOR,C000002,2000,10,00,EUR
OR00000535,2023-10-14,OR,C000061,2000,10,01,USD
OR00000536,2024-05-27,OR,C000068,1000,10,00,EUR
OR00000537,2024-01-07,RE,C000015,3000,30,02,USD
OR00000538,2022-07-17,RE,C000047,1000,10,01,GBP
OR00000539,2023-01-30,ZOR,C000068,3000,20,01,EUR
OR00000540,2022-02-11,RE,C000080,1000,20,01,EUR
OR00000541,2024-06-16,ZOR,C000007,1000,20,01,GBP
OR00000542,2023-05-31,OR,C000012,3000,10,01,GBP
OR00000543,2022-06-25,ZOR,C000050,1000,20,01,GBP
OR00000544,2023-07-20,RE,C000073,1000,20,01,USD
OR00000545,2023-06-09,RE,C000060,1000,20,00,USD
OR00000546,2022-11-08,OR,C000007,2000,30,00,EUR
OR00000547,2022-01-17,RE,C000016,3000,30,02,USD
OR00000548,2023-07-20,RE,C000001,3000,10,00,USD
OR00000549,2023-03-27,ZOR,C000027,1000,30,01,EUR
OR00000550,2023-10-17,RE,C000070,3000,20,02,GBP
OR00000551,2023-03-27,RE,C000022,3000,30,00,EUR
OR00000552,2024-01-10,OR,C000006,2000,30,01,EUR
OR00000553,2023-04-21,ZOR,C000045,3000,10,00,GBP
OR00000554,2023-04-28,ZOR,C000009,2000,30,02,USD
OR00000555,2024-02-10,RE,C000042,1000,10,00,GBP
OR00000556,2022-12-20,ZOR,C000026,2000,30,01,USD
OR00000557,2022-02-19,ZOR,C000018,2000,30,02,USD
OR00000558,2021-07-11,OR,C000073,3000,20,00,USD
OR00000559,2023-10-01,ZOR,C000075,3000,10,00,EUR
OR00000560,2023-06-11,OR,C000071,2000,30,00,USD
OR00000561,2023-08-16,OR,C000039,1000,10,00,GBP
OR00000562,2022-06-06,OR,C000031,3000,10,00,EUR
OR00000563,2022-02-22,OR,C000017,2000,10,01,EUR
OR00000564,2021-05-17,ZOR,C000046,3000,20,01,GBP
OR00000565,2022-11-01,OR,C000040,1000,20,02,USD
OR00000566,2023-05-19,OR,C000003,2000,20,02,EUR
OR00000567,2022-12-10,ZOR,C000005,1000,30,01,EUR
OR00000568,2023-01-19,RE,C000071,3000,20,02,EUR
OR00000569,2024-03-20,RE,C000047,2000,30,02,USD
OR00000570,2022-10-30,OR,C000057,2000,10,01,USD
OR00000571,2023-03-22,OR,C000064,3000,10,00,GBP
OR00000572,2023-10-28,OR,C000075,3000,30,00,USD
OR00000573,2022-12-14,ZOR,C000010,1000,10,01,GBP
OR00000574,2023-06-12,RE,C000066,3000,20,00,EUR
OR00000575,2024-01-23,RE,C000029,3000,30,02,GBP
OR00000576,2024-06-06,RE,C000031,2000,20,00,EUR
OR00000577,2022-03-10,OR,C000030,3000,10,01,GBP
OR00000578,2024-04-24,ZOR,C000026,1000,10,00,EUR
OR00000579,2023-03-05,ZOR,C000038,2000,30,02,GBP
OR00000580,2022-07-29,RE,C000053,2000,20,01,GBP
OR00000581,2023-02-06,RE,C000023,3000,20,00,USD
OR00000582,2024-08-22,ZOR,C000056,3000,30,01,USD
OR00000583,2023-03-05,OR,C000071,1000,30,00,GBP
OR00000584,2022-10-11,RE,C000038,3000,10,01,EUR
OR00000585,2023-06-20,RE,C000056,3000,20,00,GBP
OR00000586,2022-07-09,ZOR,C000026,1000,20,00,GBP
OR00000587,2021-11-08,RE,C000062,1000,20,00,EUR
OR00000588,2022-02-10,ZOR,C000051,2000,30,01,GBP
OR00000589,2022-02-09,ZOR,C000053,2000,20,01,USD
OR00000590,2022-03-17,RE,C000017,1000,30,00,EUR
OR00000591,2022-02-26,ZOR,C000067,3000,10,00,GBP
OR00000592,2023-06-26,RE,C000005,1000,20,02,EUR
OR00000593,2022-04-28,ZOR,C000013,1000,30,01,EUR
OR00000594,2022-10-27,RE,C000048,1000,20,00,GBP
OR00000595,2024-03-09,OR,C000040,3000,10,00,GBP
OR00000596,2023-02-18,ZOR,C000008,2000,20,02,EUR
OR00000597,2023-07-17,ZOR,C000070,3000,10,01,EUR
OR00000598,2022-04-15,ZOR,C000018,2000,10,01,USD
OR00000599,2022-05-11,RE,C000022,2000,10,01,EUR
OR00000600,2021-08-17,RE,C000013,2000,30,00,USD
OR00000601,2022-04-10,OR,C000010,1000,30,00,EUR
OR00000602,2022-08-20,OR,C000079,1000,10,00,USD
OR00000603,2022-04-21,OR,C000042,1000,30,01,EUR
OR00000604,2021-12-03,ZOR,C000056,2000,30,01,GBP
OR00000605,2022-01-28,RE,C000060,2000,10,02,GBP
OR00000606,2023-02-07,ZOR,C000043,2000,30,00,GBP
OR00000607,2022-05-29,ZOR,C000063,3000,30,02,USD
OR00000608,2022-11-14,ZOR,C000017,1000,10,01,GBP
OR00000609,2023-03-14,ZOR,C000079,3000,20,02,USD
OR00000610,2023-08-05,OR,C000065,3000,30,00,EUR
OR00000611,2021-08-13,OR,C000022,3000,20,01,USD
OR00000612,2023-11-13,ZOR,C000073,1000,10,01,USD
OR00000613,2023-06-16,RE,C000022,2000,10,02,GBP
OR00000614,2021-11-20,OR,C000012,2000,10,01,EUR
OR00000615,2024-02-06,ZOR,C000060,2000,30,01,GBP
OR00000616,2024-04-15,ZOR,C000021,2000,20,02,USD
OR00000617,2021-10-07,OR,C000052,2000,30,01,GBP
OR00000618,2022-08-19,OR,C000077,3000,10,00,GBP
OR00000619,2023-11-20,OR,C000027,3000,10,00,GBP
OR00000620,2023-09-24,ZOR,C000050,1000,20,01,EUR
OR00000621,2022-05-01,ZOR,C000030,1000,10,00,EUR
OR00000622,2022-06-02,OR,C000052,2000,10,02,GBP
OR00000623,2022-11-20,ZOR,C000055,3000,10,00,USD
OR00000624,2023-02-27,ZOR,C000033,3000,20,00,GBP
OR00000625,2023-06-09,ZOR,C000019,2000,20,01,GBP
OR00000626,2022-11-18,RE,C000049,1000,20,02,GBP
OR00000627,2023-02-09,RE,C000007,2000,10,01,EUR
OR00000628,2023-09-23,RE,C000003,1000,20,01,EUR
OR00000629,2021-08-05,ZOR,C000072,2000,20,01,EUR
OR00000630,2022-07-23,ZOR,C000063,1000,10,02,GBP
OR00000631,2023-08-24,RE,C000031,1000,20,02,USD
OR00000632,2024-03-07,RE,C000023,2000,30,01,EUR
OR00000633,2023-03-20,RE,C000065,2000,10,01,EUR
OR00000634,2023-04-05,RE,C000018,3000,10,02,GBP
OR00000635,2022-01-06,ZOR,C000061,1000,20,00,USD
OR00000636,2023-01-27,OR,C000078,1000,20,02,USD
OR00000637,2023-04-06,ZOR,C000050,2000,30,02,USD
OR00000638,2022-07-11,ZOR,C000006,3000,30,02,GBP
OR00000639,2022-08-10,OR,C000059,2000,20,01,GBP
OR00000640,2022-11-26,RE,C000038,3000,10,00,GBP
OR00000641,2021-06-10,RE,C000020,2000,30,01,EUR
OR00000642,2022-10-04,RE,C000068,1000,20,02,USD
OR00000643,2022-06-05,RE,C000078,2000,10,02,USD
OR00000644,2022-10-10,ZOR,C000075,2000,10,02,USD
OR00000645,2022-01-27,RE,C000057,3000,30,01,USD
OR00000646,2024-02-29,OR,C000057,2000,10,01,GBP
OR00000647,2023-05-22,RE,C000014,1000,30,02,USD
OR00000648,2023-07-26,ZOR,C000061,1000,20,01,GBP
OR00000649,2023-11-03,RE,C000036,1000,10,02,GBP
OR00000650,2023-03-10,OR,C000076,3000,20,02,GBP
OR00000651,2021-11-30,ZOR,C000020,3000,10,02,USD
OR00000652,2023-04-09,OR,C000042,2000,20,01,USD
OR00000653,2023-05-17,RE,C000065,2000,20,02,EUR
OR00000654,2023-09-22,RE,C000069,1000,30,01,GBP
OR00000655,2023-01-14,RE,C000059,3000,20,00,EUR
OR00000656,2022-02-08,OR,C000074,1000,10,01,USD
OR00000657,2022-08-26,OR,C000070,2000,20,00,GBP
OR00000658,2022-11-13,OR,C000016,2000,30,02,USD
OR00000659,2023-06-30,OR,C000054,1000,30,01,EUR
OR00000660,2023-05-05,ZOR,C000011,1000,20,02,GBP
OR00000661,2022-11-06,ZOR,C000048,1000,20,00,USD
OR00000662,2024-09-14,OR,C000080,1000,20,00,EUR
OR00000663,2023-05-31,OR,C000021,2000,10,00,EUR
OR00000664,2022-07-05,RE,C000018,1000,20,01,EUR
OR00000665,2021-12-27,RE,C000029,1000,30,01,EUR
OR00000666,2022-03-19,RE,C000043,3000,30,02,GBP
OR00000667,2022-07-15,ZOR,C000031,2000,10,02,EUR
OR00000668,2022-03-30,ZOR,C000044,1000,20,01,GBP
OR00000669,2022-05-04,RE,C000016,2000,10,01,EUR
OR00000670,2022-08-27,RE,C000070,3000,10,01,USD
OR00000671,2022-04-16,ZOR,C000070,1000,20,00,EUR
OR00000672,2024-03-09,OR,C000008,1000,20,00,USD
OR00000673,2021-11-17,OR,C000077,3000,20,01,USD
OR00000674,2023-03-31,RE,C000031,2000,20,00,GBP
OR00000675,2022-12-26,ZOR,C000054,1000,10,00,GBP
OR00000676,2024-08-30,RE,C000047,3000,30,01,EUR
OR00000677,2022-01-14,RE,C000052,1000,10,02,USD
OR00000678,2022-12-15,ZOR,C000059,3000,20,01,USD
OR00000679,2024-07-22,ZOR,C000064,2000,30,02,GBP
OR00000680,2024-01-27,RE,C000026,2000,20,01,EUR
OR00000681,2023-12-02,RE,C000034,2000,30,01,EUR
OR00000682,2022-07-29,OR,C000057,3000,10,02,EUR
OR00000683,2022-04-13,RE,C000029,1000,10,00,EUR
OR00000684,2023-07-18,RE,C000074,2000,30,01,EUR
OR00000685,2024-04-29,OR,C000045,2000,20,02,USD
OR00000686,2023-04-24,ZOR,C000004,2000,30,00,EUR
OR00000687,2023-05-06,RE,C000019,3000,20,00,GBP
OR00000688,2022-08-22,RE,C000068,1000,30,00,USD
OR00000689,2023-10-14,RE,C000053,2000,10,01,USD
OR00000690,2022-05-05,OR,C000064,2000,20,00,USD
OR00000691,2022-10-06,ZOR,C000042,1000,30,02,EUR
OR00000692,2023-01-08,RE,C000045,1000,30,01,GBP
OR00000693,2023-03-17,OR,C000040,2000,30,00,GBP
OR00000694,2022-07-11,RE,C000058,3000,10,01,USD
OR00000695,2022-01-19,ZOR,C000070,2000,10,01,USD
OR00000696,2023-06-03,OR,C000068,1000,20,02,GBP
OR00000697,2022-08-31,OR,C000066,3000,20,02,GBP
OR00000698,2023-05-13,RE,C000041,1000,20,00,GBP
OR00000699,2022-03-21,RE,C000001,2000,10,01,USD
OR00000700,2023-02-24,ZOR,C000053,2000,20,01,USD
OR00000701,2023-04-06,ZOR,C000069,3000,20,00,USD
OR00000702,2021-09-15,OR,C000057,3000,30,00,USD
OR00000703,2022-10-19,RE,C000029,1000,20,02,GBP
OR00000704,2022-02-19,OR,C000014,2000,10,02,USD
OR00000705,2021-10-12,ZOR,C000062,3000,20,00,USD
OR00000706,2024-09-29,ZOR,C000052,2000,30,01,EUR
OR00000707,2022-10-05,ZOR,C000040,1000,20,00,GBP
OR00000708,2023-11-24,OR,C000052,1000,20,01,EUR
OR00000709,2022-07-25,ZOR,C000002,1000,20,01,USD
OR00000710,2023-07-28,OR,C000013,1000,10,01,USD
OR00000711,2023-10-05,RE,C000057,1000,20,00,EUR
OR00000712,2023-05-23,ZOR,C000046,1000,30,02,EUR
OR00000713,2023-02-16,ZOR,C000040,2000,20,00,EUR
OR00000714,2022-12-27,OR,C000053,2000,30,01,GBP
OR00000715,2022-10-30,OR,C000003,1000,10,00,EUR
OR00000716,2024-04-29,RE,C000002,2000,30,00,USD
OR00000717,2023-12-16,RE,C000061,2000,30,02,USD
OR00000718,2024-07-11,RE,C000021,3000,20,02,EUR
OR00000719,2022-02-03,OR,C000011,3000,30,00,EUR
OR00000720,2023-09-08,OR,C000030,1000,30,01,EUR
OR00000721,2024-05-15,OR,C000028,2000,20,00,EUR
OR00000722,2022-04-27,OR,C000008,1000,20,02,EUR
OR00000723,2021-10-19,ZOR,C000068,3000,20,02,USD
OR00000724,2023-09-18,RE,C000072,2000,30,00,USD
OR00000725,2023-05-08,ZOR,C000068,3000,30,01,USD
OR00000726,2023-12-29,RE,C000025,1000,20,02,USD
OR00000727,2022-02-27,OR,C000004,2000,20,00,EUR
OR00000728,2023-11-09,ZOR,C000048,3000,20,02,USD
OR00000729,2022-05-23,ZOR,C000012,2000,10,01,EUR
OR00000730,2022-04-03,OR,C000020,1000,20,00,USD
OR00000731,2022-04-04,RE,C000042,3000,20,00,GBP
OR00000732,2023-11-29,OR,C000051,3000,10,02,GBP
OR00000733,2023-07-15,ZOR,C000078,1000,10,00,USD
OR00000734,2023-03-29,OR,C000024,2000,30,01,GBP
OR00000735,2022-11-09,ZOR,C000036,2000,20,02,GBP
OR00000736,2024-02-11,OR,C000003,1000,20,00,EUR
OR00000737,2022-12-10,OR,C000049,2000,20,01,EUR
OR00000738,2023-12-01,OR,C000004,1000,30,01,USD
OR00000739,2023-01-20,ZOR,C000007,1000,30,01,EUR
OR00000740,2022-11-26,ZOR,C000012,1000,20,01,GBP
OR00000741,2023-02-09,OR,C000065,3000,10,02,USD
OR00000742,2022-09-13,OR,C000053,3000,30,01,USD
OR00000743,2023-09-24,OR,C000070,1000,10,00,EUR
OR00000744,2023-03-13,OR,C000033,2000,20,02,EUR
OR00000745,2022-06-29,RE,C000055,2000,30,02,GBP
OR00000746,2024-03-13,RE,C000061,1000,20,02,GBP
OR00000747,2022-12-02,RE,C000059,2000,10,02,EUR
OR00000748,2023-04-14,ZOR,C000028,1000,10,02,USD
OR00000749,2024-03-23,RE,C000073,3000,30,00,EUR
OR00000750,2023-06-13,RE,C000006,2000,20,00,GBP
OR00000751,2022-01-22,ZOR,C000044,1000,30,01,GBP
OR00000752,2024-05-18,ZOR,C000057,3000,20,00,GBP
OR00000753,2023-06-16,OR,C000016,1000,30,00,GBP
OR00000754,2022-10-17,ZOR,C000026,1000,30,02,EUR
OR00000755,2022-02-27,OR,C000075,2000,10,01,USD
OR00000756,2023-11-07,ZOR,C000047,2000,10,01,USD
OR00000757,2023-06-10,RE,C000021,3000,20,01,USD
OR00000758,2023-04-06,ZOR,C000061,2000,30,02,GBP
OR00000759,2024-03-05,OR,C000077,2000,20,00,GBP
OR00000760,2023-11-02,RE,C000079,2000,10,02,GBP
OR00000761,2022-03-17,ZOR,C000024,1000,20,01,GBP
OR00000762,2022-09-24,RE,C000064,3000,20,02,GBP
OR00000763,2022-07-18,RE,C000017,3000,20,00,USD
OR00000764,2023-09-20,OR,C000037,1000,10,02,GBP
OR00000765,2021-07-27,ZOR,C000074,2000,10,00,USD
OR00000766,2023-05-04,OR,C000057,3000,20,02,EUR
OR00000767,2023-10-07,ZOR,C000056,2000,10,01,GBP
OR00000768,2024-02-10,RE,C000073,3000,10,01,GBP
OR00000769,2022-10-24,ZOR,C000056,1000,20,01,EUR
OR00000770,2023-12-06,OR,C000012,3000,30,02,USD
OR00000771,2022-01-12,RE,C000080,3000,30,00,EUR
OR00000772,2024-01-04,ZOR,C000042,3000,10,02,GBP
OR00000773,2022-02-08,ZOR,C000031,3000,20,01,USD
OR00000774,2022-12-14,RE,C000078,3000,20,01,GBP
OR00000775,2023-11-11,RE,C000058,1000,30,01,EUR
OR00000776,2022-03-14,ZOR,C000060,1000,10,00,GBP
OR00000777,2022-06-26,RE,C000056,2000,20,02,GBP
OR00000778,2023-09-01,ZOR,C000045,2000,20,00,GBP
OR00000779,2023-08-30,RE,C000071,1000,10,01,EUR
OR00000780,2023-06-26,OR,C000001,1000,20,02,EUR
OR00000781,2023-08-08,RE,C000015,2000,20,02,GBP
OR00000782,2023-04-14,ZOR,C000056,2000,30,01,EUR
OR00000783,2022-07-22,ZOR,C000021,3000,10,01,USD
OR00000784,2022-10-27,ZOR,C000021,3000,20,00,USD
OR00000785,2022-04-27,OR,C000012,1000,20,00,USD
OR00000786,2024-03-26,OR,C000043,3000,10,00,GBP
OR00000787,2023-05-14,RE,C000014,2000,30,02,USD
OR00000788,2022-12-18,RE,C000058,2000,20,02,GBP
OR00000789,2023-02-08,RE,C000075,2000,20,01,USD
OR00000790,2024-06-01,OR,C000042,2000,30,02,EUR
OR00000791,2022-03-19,OR,C000024,1000,30,01,GBP
OR00000792,2023-05-16,ZOR,C000056,3000,30,02,EUR
OR00000793,2023-03-16,ZOR,C000030,2000,20,00,GBP
OR00000794,2023-06-04,RE,C000003,3000,20,02,GBP
OR00000795,2021-06-02,ZOR,C000015,3000,30,01,USD
OR00000796,2024-02-04,RE,C000022,2000,20,00,EUR
OR00000797,2024-05-04,ZOR,C000031,1000,10,01,EUR
OR00000798,2023-05-01,ZOR,C000062,1000,20,00,EUR
OR00000799,2023-08-10,OR,C000062,2000,20,01,USD
OR00000800,2024-04-17,ZOR,C000001,1000,30,01,GBP
OR00000801,2023-08-19,RE,C000032,2000,20,00,USD
OR00000802,2022-03-18,ZOR,C000049,2000,20,00,GBP
OR00000803,2023-05-09,ZOR,C000015,2000,20,00,USD
OR00000804,2023-05-31,OR,C000071,2000,10,01,EUR
OR00000805,2023-01-07,OR,C000076,2000,10,01,EUR
OR00000806,2023-09-13,RE,C000053,3000,20,02,GBP
OR00000807,2024-05-08,ZOR,C000052,3000,20,01,USD
OR00000808,2024-04-23,OR,C000052,3000,20,02,USD
OR00000809,2023-01-30,ZOR,C000018,1000,30,00,GBP
OR00000810,2022-01-16,ZOR,C000042,3000,30,02,EUR
OR00000811,2024-09-08,ZOR,C000053,1000,20,01,USD
OR00000812,2023-12-26,RE,C000050,3000,30,00,USD
OR00000813,2022-02-04,RE,C000072,3000,10,02,EUR
OR00000814,2024-04-15,OR,C000073,2000,10,00,USD
OR00000815,2024-02-01,ZOR,C000031,2000,10,01,GBP
OR00000816,2023-03-26,ZOR,C000006,2000,30,02,USD
OR00000817,2023-05-20,OR,C000028,1000,20,00,GBP
OR00000818,2022-12-16,ZOR,C000028,1000,10,02,GBP
OR00000819,2021-09-22,OR,C000013,3000,20,00,USD
OR00000820,2022-10-17,OR,C000029,1000,10,02,GBP
OR00000821,2023-11-17,RE,C000069,2000,10,00,USD
OR00000822,2021-03-18,RE,C000058,3000,30,02,USD
OR00000823,2022-10-16,ZOR,C000072,3000,30,02,GBP
OR00000824,2022-12-15,RE,C000031,1000,20,02,GBP
OR00000825,2023-04-10,ZOR,C000006,1000,10,00,GBP
OR00000826,2024-04-13,OR,C000042,3000,20,01,USD
OR00000827,2022-10-28,ZOR,C000004,1000,30,02,GBP
OR00000828,2022-10-29,RE,C000057,2000,10,02,GBP
OR00000829,2023-09-14,OR,C000038,1000,30,00,GBP
OR00000830,2023-01-31,ZOR,C000044,3000,30,01,GBP
OR00000831,2022-06-20,OR,C000047,3000,20,02,USD
OR00000832,2023-01-31,OR,C000080,3000,30,02,USD
OR00000833,2022-03-01,RE,C000034,1000,30,01,EUR
OR00000834,2022-04-20,RE,C000019,3000,20,02,USD
OR00000835,2023-03-10,OR,C000011,2000,20,02,EUR
OR00000836,2023-01-02,RE,C000044,1000,20,00,GBP
OR00000837,2024-04-05,RE,C000038,3000,30,00,USD
OR00000838,2022-11-12,RE,C000036,1000,20,02,GBP
OR00000839,2023-05-12,OR,C000031,1000,20,00,GBP
OR00000840,2023-06-20,OR,C000078,3000,10,02,GBP
OR00000841,2021-05-10,RE,C000011,2000,20,01,USD
OR00000842,2023-07-14,RE,C000034,1000,30,01,USD
OR00000843,2022-04-23,ZOR,C000068,1000,30,01,USD
OR00000844,2024-07-01,RE,C000028,3000,10,00,USD
OR00000845,2022-03-13,RE,C000006,1000,10,02,USD
OR00000846,2022-12-30,ZOR,C000033,1000,20,02,GBP
OR00000847,2021-11-27,ZOR,C000068,3000,10,00,USD
OR00000848,2024-11-09,OR,C000079,1000,30,01,EUR
OR00000849,2023-03-13,RE,C000038,1000,10,02,EUR
OR00000850,2023-05-23,ZOR,C000012,1000,30,01,GBP
OR00000851,2021-10-20,RE,C000052,1000,20,02,GBP
OR00000852,2023-09-26,RE,C000054,2000,10,02,USD
OR00000853,2022-06-03,ZOR,C000001,3000,10,00,GBP
OR00000854,2024-03-11,OR,C000013,3000,20,02,EUR
OR00000855,2022-05-28,ZOR,C000031,3000,20,02,USD
OR00000856,2022-05-09,ZOR,C000077,1000,10,00,EUR
OR00000857,2021-08-05,OR,C000079,2000,30,02,USD
OR00000858,2023-02-17,ZOR,C000035,2000,20,02,EUR
OR00000859,2023-04-30,ZOR,C000034,3000,30,02,EUR
OR00000860,2021-10-17,RE,C000041,1000,10,01,EUR
OR00000861,2023-10-20,OR,C000022,3000,10,00,EUR
OR00000862,2023-02-01,ZOR,C000017,3000,30,01,EUR
OR00000863,2023-03-30,RE,C000040,1000,30,00,GBP
OR00000864,2023-01-21,RE,C000051,1000,10,01,GBP
OR00000865,2022-12-17,OR,C000078,2000,10,02,USD
OR00000866,2023-04-27,OR,C000004,3000,20,02,USD
OR00000867,2022-03-22,OR,C000011,1000,30,01,EUR
OR00000868,2022-04-28,OR,C000052,3000,10,02,GBP
OR00000869,2024-01-22,RE,C000031,3000,30,01,GBP
OR00000870,2024-05-30,RE,C000005,3000,10,02,GBP
OR00000871,2022-11-22,OR,C000012,1000,30,01,EUR
OR00000872,2022-08-12,ZOR,C000020,3000,30,00,EUR
OR00000873,2023-06-29,OR,C000031,3000,20,00,GBP
OR00000874,2022-12-25,ZOR,C000059,1000,10,01,GBP
OR00000875,2021-06-30,OR,C000044,2000,10,02,GBP
OR00000876,2022-03-23,RE,C000068,2000,10,00,GBP
OR00000877,2023-08-26,ZOR,C000067,3000,20,00,GBP
OR00000878,2023-07-10,RE,C000007,3000,20,02,USD
OR00000879,2021-07-06,RE,C000054,3000,10,00,EUR
OR00000880,2022-06-17,ZOR,C000078,1000,20,01,USD
OR00000881,2022-06-28,ZOR,C000054,3000,30,01,EUR
OR00000882,2023-07-21,ZOR,C000011,1000,10,00,USD
OR00000883,2021-06-08,OR,C000010,3000,10,01,EUR
OR00000884,2021-12-31,RE,C000055,1000,30,00,EUR
OR00000885,2023-11-13,OR,C000038,3000,10,00,EUR
OR00000886,2022-04-23,OR,C000018,1000,10,02,USD
OR00000887,2023-07-05,OR,C000012,2000,20,01,USD
OR00000888,2022-07-06,ZOR,C000023,2000,20,01,EUR
OR00000889,2021-12-23,RE,C000051,1000,30,01,USD
OR00000890,2022-07-12,RE,C000055,3000,10,02,EUR
OR00000891,2023-09-01,ZOR,C000041,2000,20,00,EUR
OR00000892,2024-01-15,RE,C000001,1000,20,00,USD
OR00000893,2023-12-16,ZOR,C000015,3000,20,00,GBP
OR00000894,2022-12-14,OR,C000071,1000,10,01,GBP
OR00000895,2023-07-18,ZOR,C000026,2000,10,01,GBP
OR00000896,2022-05-28,RE,C000021,3000,10,00,USD
OR00000897,2022-09-05,OR,C000008,1000,30,01,EUR
OR00000898,2024-03-08,OR,C000019,3000,10,02,USD
OR00000899,2021-05-09,RE,C000053,1000,10,00,GBP
OR00000900,2021-11-27,RE,C000006,3000,10,01,USD
OR00000901,2022-05-31,RE,C000059,1000,10,01,USD
OR00000902,2021-07-04,ZOR,C000068,1000,30,02,EUR
OR00000903,2022-04-27,RE,C000049,3000,30,00,USD
OR00000904,2023-05-14,OR,C000017,2000,10,02,USD
OR00000905,2023-01-05,ZOR,C000079,1000,30,01,EUR
OR00000906,2024-03-03,RE,C000056,1000,20,00,USD
OR00000907,2023-12-02,OR,C000029,1000,10,00,USD
OR00000908,2022-10-24,OR,C000033,1000,20,01,EUR
OR00000909,2022-07-31,OR,C000005,3000,20,02,USD
OR00000910,2022-11-28,RE,C000021,1000,30,00,GBP
OR00000911,2023-05-19,ZOR,C000044,1000,10,02,USD
OR00000912,2022-08-09,RE,C000024,3000,30,01,EUR
OR00000913,2023-06-13,ZOR,C000020,3000,10,02,USD
OR00000914,2022-12-25,OR,C000009,2000,30,01,GBP
OR00000915,2023-04-21,RE,C000076,3000,20,01,GBP
OR00000916,2023-01-17,ZOR,C000062,1000,10,00,EUR
OR00000917,2022-09-06,OR,C000070,1000,20,00,USD
OR00000918,2024-06-04,RE,C000031,3000,30,02,GBP
OR00000919,2023-10-09,RE,C000046,3000,10,02,EUR
OR00000920,2022-02-28,ZOR,C000039,1000,30,02,USD
OR00000921,2024-01-31,RE,C000060,3000,20,02,GBP
OR00000922,2023-03-01,RE,C000034,2000,10,01,EUR
OR00000923,2024-03-06,OR,C000071,2000,30,01,EUR
OR00000924,2023-11-13,RE,C000024,1000,30,01,GBP
OR00000925,2023-01-08,OR,C000014,1000,20,02,USD
OR00000926,2021-06-19,OR,C000078,2000,10,02,USD
OR00000927,2022-08-10,RE,C000046,1000,10,02,EUR
OR00000928,2023-04-13,OR,C000044,1000,20,01,GBP
OR00000929,2023-06-20,ZOR,C000047,2000,10,01,USD
OR00000930,2022-07-29,RE,C000036,2000,20,00,EUR
OR00000931,2022-02-27,RE,C000029,1000,20,02,EUR
OR00000932,2023-12-21,ZOR,C000012,3000,20,01,GBP
OR00000933,2024-09-06,ZOR,C000008,1000,30,01,GBP
OR00000934,2023-03-31,RE,C000030,3000,20,00,EUR
OR00000935,2022-04-14,RE,C000018,3000,20,00,USD
OR00000936,2022-08-14,RE,C000057,1000,30,01,EUR
OR00000937,2021-06-03,ZOR,C000007,3000,20,02,GBP
OR00000938,2024-04-04,OR,C000040,2000,30,00,EUR
OR00000939,2022-01-24,RE,C000012,2000,30,02,GBP
OR00000940,2023-05-09,RE,C000058,2000,20,00,GBP
OR00000941,2022-08-16,OR,C000040,3000,30,02,USD
OR00000942,2023-04-22,OR,C000015,1000,30,01,EUR
OR00000943,2023-07-04,ZOR,C000009,1000,10,01,EUR
OR00000944,2023-12-15,ZOR,C000080,1000,20,00,USD
OR00000945,2022-05-29,RE,C000065,1000,20,01,USD
OR00000946,2021-04-29,RE,C000042,3000,10,00,GBP
OR00000947,2022-02-23,OR,C000033,1000,10,02,GBP
OR00000948,2024-03-14,RE,C000023,1000,30,02,GBP
OR00000949,2024-02-07,ZOR,C000067,2000,20,00,USD
OR00000950,2023-05-25,OR,C000050,3000,10,01,USD
OR00000951,2023-05-27,RE,C000036,3000,10,00,EUR
OR00000952,2023-07-15,ZOR,C000043,2000,10,01,USD
OR00000953,2022-04-19,OR,C000035,1000,30,01,EUR
OR00000954,2024-04-04,OR,C000048,2000,20,02,USD
OR00000955,2023-01-02,RE,C000061,3000,30,01,GBP
OR00000956,2022-12-02,OR,C000047,3000,20,01,USD
OR00000957,2023-03-26,ZOR,C000049,1000,30,00,GBP
OR00000958,2021-09-03,OR,C000078,1000,30,02,GBP
OR00000959,2022-04-07,RE,C000043,1000,20,00,GBP
OR00000960,2023-09-15,ZOR,C000017,1000,30,02,USD
OR00000961,2021-11-22,OR,C000053,2000,10,00,USD
OR00000962,2023-05-29,ZOR,C000012,1000,20,02,EUR
OR00000963,2022-07-15,RE,C000012,2000,10,02,USD
OR00000964,2022-12-07,ZOR,C000002,2000,30,02,USD
OR00000965,2022-08-31,RE,C000015,1000,30,02,GBP
OR00000966,2022-11-06,ZOR,C000072,1000,30,00,USD
OR00000967,2023-08-29,RE,C000033,3000,10,02,EUR
OR00000968,2022-09-09,ZOR,C000043,2000,20,02,USD
OR00000969,2023-05-02,OR,C000004,1000,10,00,USD
OR00000970,2023-02-20,RE,C000041,1000,30,00,USD
OR00000971,2023-07-14,OR,C000008,2000,30,00,USD
OR00000972,2024-05-12,ZOR,C000037,1000,20,02,USD
OR00000973,2023-09-10,ZOR,C000007,2000,30,02,USD
OR00000974,2022-06-09,RE,C000029,3000,10,02,EUR
OR00000975,2021-07-19,ZOR,C000010,3000,20,01,EUR
OR00000976,2022-08-03,RE,C000028,2000,20,02,GBP
OR00000977,2023-05-23,OR,C000041,2000,10,01,USD
OR00000978,2021-09-14,OR,C000046,3000,30,02,EUR
OR00000979,2023-03-08,OR,C000042,1000,10,02,GBP
OR00000980,2023-05-24,OR,C000001,1000,20,00,USD
OR00000981,2022-10-16,OR,C000078,2000,30,00,GBP
OR00000982,2023-10-16,RE,C000049,1000,30,00,EUR
OR00000983,2022-01-05,ZOR,C000066,1000,30,01,EUR
OR00000984,2021-11-06,OR,C000018,2000,10,01,EUR
OR00000985,2023-09-06,OR,C000036,1000,10,02,EUR
OR00000986,2023-03-08,ZOR,C000059,2000,30,00,GBP
OR00000987,2023-08-03,ZOR,C000061,3000,10,00,GBP
OR00000988,2023-01-16,OR,C000073,1000,20,01,USD
OR00000989,2022-07-16,OR,C000051,2000,10,02,EUR
OR00000990,2023-12-04,ZOR,C000039,2000,20,00,GBP
OR00000991,2023-11-13,OR,C000012,2000,10,01,GBP
OR00000992,2023-08-08,RE,C000069,3000,30,00,GBP
OR00000993,2022-08-13,RE,C000008,1000,10,00,EUR
OR00000994,2023-05-19,RE,C000048,2000,30,02,GBP
OR00000995,2022-11-11,ZOR,C000073,2000,20,02,GBP
OR00000996,2021-12-09,RE,C000042,2000,20,01,EUR
OR00000997,2024-04-09,ZOR,C000035,1000,20,00,GBP
OR00000998,2022-02-23,OR,C000029,1000,30,00,USD
OR00000999,2024-06-08,ZOR,C000016,3000,30,01,USD
OR00001000,2023-01-26,ZOR,C000007,1000,30,00,GBP
OR00001001,2022-05-02,ZOR,C000029,2000,10,02,EUR
OR00001002,2023-04-13,OR,C000005,2000,30,00,GBP
OR00001003,2024-02-05,OR,C000074,2000,30,02,GBP
OR00001004,2023-09-10,ZOR,C000049,2000,30,00,GBP
OR00001005,2023-11-20,OR,C000030,3000,30,02,USD
OR00001006,2023-07-10,OR,C000046,1000,20,01,USD
OR00001007,2023-08-06,OR,C000049,1000,20,00,USD
OR00001008,2024-01-07,OR,C000034,1000,10,02,USD
OR00001009,2022-07-20,RE,C000024,2000,20,00,EUR
OR00001010,2023-03-03,RE,C000032,1000,30,00,EUR
OR00001011,2022-06-16,RE,C000052,3000,20,02,EUR
OR00001012,2024-09-19,ZOR,C000043,1000,30,02,USD
OR00001013,2024-05-26,OR,C000018,2000,10,00,GBP
OR00001014,2021-08-13,OR,C000028,2000,20,01,USD
OR00001015,2023-08-17,ZOR,C000004,3000,30,02,GBP
OR00001016,2024-04-22,OR,C000016,2000,10,01,EUR
OR00001017,2022-04-26,ZOR,C000040,1000,20,01,EUR
OR00001018,2023-05-03,ZOR,C000041,1000,10,02,GBP
OR00001019,2024-04-06,OR,C000045,3000,10,01,EUR
OR00001020,2021-07-28,ZOR,C000079,2000,20,02,EUR
OR00001021,2023-08-11,OR,C000040,2000,30,02,GBP
OR00001022,2022-09-09,RE,C000034,3000,30,02,GBP
OR00001023,2024-04-21,RE,C000074,3000,30,01,USD
OR00001024,2024-07-26,ZOR,C000006,2000,30,01,USD
OR00001025,2024-05-27,OR,C000019,3000,10,00,USD
OR00001026,2023-02-18,ZOR,C000001,1000,30,02,USD
OR00001027,2024-01-23,ZOR,C000042,1000,10,00,USD
OR00001028,2024-01-01,OR,C000003,3000,20,02,GBP
OR00001029,2022-10-01,OR,C000057,2000,20,00,USD
OR00001030,2023-12-15,OR,C000021,1000,30,00,GBP
OR00001031,2021-08-06,ZOR,C000029,2000,20,01,USD
OR00001032,2023-05-24,ZOR,C000055,3000,30,01,EUR
OR00001033,2022-06-27,OR,C000063,1000,10,01,GBP
OR00001034,2022-01-28,OR,C000017,2000,10,01,GBP
OR00001035,2021-11-10,RE,C000019,1000,10,00,EUR
OR00001036,2023-08-10,RE,C000033,3000,10,00,EUR
OR00001037,2022-10-22,ZOR,C000016,3000,10,00,GBP
OR00001038,2023-09-03,ZOR,C000077,1000,30,02,GBP
OR00001039,2021-10-17,OR,C000024,2000,20,00,USD
OR00001040,2022-09-28,OR,C000076,1000,30,02,USD
OR00001041,2023-04-11,ZOR,C000002,1000,10,00,EUR
OR00001042,2023-11-04,ZOR,C000024,2000,20,00,USD
OR00001043,2022-10-01,ZOR,C000015,2000,10,00,USD
OR00001044,2023-06-15,ZOR,C000049,3000,20,02,GBP
OR00001045,2024-02-23,OR,C000029,1000,20,02,GBP
OR00001046,2023-06-07,RE,C000066,2000,30,00,EUR
OR00001047,2022-06-30,ZOR,C000057,1000,20,02,EUR
OR00001048,2021-06-26,RE,C000079,1000,10,01,GBP
OR00001049,2024-02-02,ZOR,C000008,2000,20,00,GBP
OR00001050,2021-06-14,ZOR,C000013,3000,10,01,USD
OR00001051,2024-02-08,ZOR,C000021,1000,10,00,GBP
OR00001052,2023-04-03,RE,C000065,1000,30,02,EUR
OR00001053,2024-05-17,RE,C000026,3000,10,00,GBP
OR00001054,2023-11-12,ZOR,C000052,2000,10,02,USD
OR00001055,2024-11-19,ZOR,C000046,3000,30,02,USD
OR00001056,2022-11-01,OR,C000074,2000,20,00,EUR
OR00001057,2023-10-12,OR,C000075,2000,20,02,EUR
OR00001058,2022-12-18,OR,C000003,3000,30,01,EUR
OR00001059,2023-02-23,RE,C000075,1000,20,01,GBP
OR00001060,2023-06-16,OR,C000066,2000,10,00,USD
OR00001061,2024-02-06,OR,C000046,1000,10,02,GBP
OR00001062,2024-09-05,ZOR,C000071,1000,10,00,EUR
OR00001063,2023-10-13,OR,C000050,3000,20,02,USD
OR00001064,2023-01-01,ZOR,C000030,2000,20,00,GBP
OR00001065,2023-01-05,ZOR,C000072,1000,20,00,EUR
OR00001066,2023-09-14,OR,C000024,3000,10,01,USD
OR00001067,2022-07-07,OR,C000048,3000,20,01,USD
OR00001068,2022-01-11,ZOR,C000018,3000,20,00,USD
OR00001069,2022-11-05,RE,C000031,2000,20,00,EUR
OR00001070,2022-08-30,OR,C000013,3000,20,01,EUR
OR00001071,2022-09-08,RE,C000047,1000,20,01,EUR
OR00001072,2022-07-01,ZOR,C000046,3000,30,01,USD
OR00001073,2021-08-21,RE,C000031,1000,20,00,GBP
OR00001074,2021-06-01,RE,C000028,1000,20,02,USD
OR00001075,2024-09-19,ZOR,C000025,2000,20,00,GBP
OR00001076,2023-01-10,OR,C000005,3000,30,02,EUR
OR00001077,2022-12-03,RE,C000080,2000,30,01,EUR
OR00001078,2023-07-27,OR,C000076,1000,10,01,GBP
OR00001079,2022-06-13,RE,C000067,1000,10,00,GBP
OR00001080,2024-06-07,ZOR,C000069,2000,30,00,USD
OR00001081,2023-10-31,OR,C000029,3000,30,01,GBP
OR00001082,2021-12-05,RE,C000025,2000,10,02,GBP
OR00001083,2023-01-01,OR,C000032,3000,20,01,USD
OR00001084,2024-02-13,RE,C000039,2000,10,01,USD
OR00001085,2024-05-27,RE,C000001,2000,20,00,EUR
OR00001086,2023-02-13,ZOR,C000038,3000,30,00,GBP
OR00001087,2023-06-05,ZOR,C000053,1000,20,00,GBP
OR00001088,2022-04-08,OR,C000010,3000,30,01,EUR
OR00001089,2024-10-05,RE,C000025,1000,10,01,USD
OR00001090,2022-06-29,ZOR,C000066,3000,20,02,EUR
OR00001091,2024-05-24,ZOR,C000079,2000,20,01,USD
OR00001092,2023-07-03,RE,C000055,1000,10,01,EUR
OR00001093,2023-06-01,OR,C000065,3000,20,01,GBP
OR00001094,2023-03-21,RE,C000025,2000,10,00,GBP
OR00001095,2022-06-28,OR,C000011,3000,30,01,EUR
OR00001096,2022-04-21,OR,C000013,2000,30,01,USD
OR00001097,2022-06-16,ZOR,C000005,2000,30,01,USD
OR00001098,2022-05-04,ZOR,C000009,1000,20,02,GBP
OR00001099,2023-10-24,ZOR,C000008,1000,10,01,GBP
OR00001100,2022-11-01,OR,C000005,1000,10,00,USD
OR00001101,2021-09-29,ZOR,C000061,2000,20,00,EUR
OR00001102,2024-07-21,OR,C000024,1000,30,01,USD
OR00001103,2024-02-20,ZOR,C000075,3000,20,01,USD
OR00001104,2024-04-26,ZOR,C000075,1000,20,00,USD
OR00001105,2024-10-26,RE,C000022,2000,30,01,GBP
OR00001106,2022-04-17,RE,C000073,1000,20,01,GBP
OR00001107,2022-12-13,OR,C000026,2000,30,01,GBP
OR00001108,2023-10-03,OR,C000046,1000,10,00,USD
OR00001109,2023-08-09,OR,C000052,3000,10,02,USD
OR00001110,2022-03-20,OR,C000016,2000,10,00,GBP
OR00001111,2023-11-30,OR,C000018,2000,30,02,GBP
OR00001112,2022-06-20,OR,C000032,1000,30,00,EUR
OR00001113,2022-06-20,RE,C000065,2000,10,00,USD
OR00001114,2023-04-09,OR,C000056,3000,10,00,USD
OR00001115,2023-05-21,RE,C000066,2000,10,00,EUR
OR00001116,2023-05-12,ZOR,C000046,2000,10,00,EUR
OR00001117,2021-12-09,OR,C000037,1000,10,01,GBP
OR00001118,2024-02-11,OR,C000012,3000,30,00,USD
OR00001119,2022-08-06,OR,C000056,3000,20,01,EUR
OR00001120,2022-02-11,RE,C000054,2000,20,00,USD
OR00001121,2024-02-27,OR,C000040,2000,10,01,GBP
OR00001122,2024-06-19,OR,C000052,2000,10,02,EUR
OR00001123,2024-01-23,OR,C000019,2000,20,00,EUR
OR00001124,2023-11-23,OR,C000071,1000,10,01,GBP
OR00001125,2023-07-07,OR,C000070,3000,10,01,USD
OR00001126,2023-04-20,OR,C000065,3000,10,02,GBP
OR00001127,2021-11-30,RE,C000040,3000,20,00,GBP
OR00001128,2022-12-24,ZOR,C000013,1000,10,00,USD
OR00001129,2022-11-22,ZOR,C000011,1000,10,00,EUR
OR00001130,2022-07-31,ZOR,C000060,2000,10,02,USD
OR00001131,2023-09-02,ZOR,C000016,1000,30,02,GBP
OR00001132,2023-03-08,ZOR,C000033,1000,30,00,EUR
OR00001133,2021-11-18,RE,C000002,2000,30,01,USD
OR00001134,2022-06-15,ZOR,C000071,2000,20,02,EUR
OR00001135,2023-07-30,OR,C000080,3000,20,02,GBP
OR00001136,2021-11-09,ZOR,C000028,1000,30,02,EUR
OR00001137,2024-01-09,OR,C000065,1000,10,01,USD
OR00001138,2023-03-07,RE,C000030,1000,10,00,EUR
OR00001139,2023-02-23,RE,C000020,3000,20,00,EUR
OR00001140,2023-05-21,OR,C000047,2000,30,00,GBP
OR00001141,2023-12-10,ZOR,C000016,2000,30,01,GBP
OR00001142,2022-10-29,ZOR,C000038,3000,20,02,EUR
OR00001143,2023-07-26,RE,C000024,2000,10,01,EUR
OR00001144,2023-05-01,ZOR,C000028,3000,30,01,GBP
OR00001145,2022-08-08,OR,C000076,1000,30,01,EUR
OR00001146,2024-02-13,ZOR,C000042,2000,20,00,EUR
OR00001147,2023-11-11,RE,C000056,3000,10,00,GBP
OR00001148,2023-07-10,ZOR,C000014,2000,30,01,EUR
OR00001149,2024-01-09,RE,C000021,2000,10,01,EUR
OR00001150,2024-01-29,ZOR,C000024,2000,10,00,EUR
OR00001151,2023-08-20,ZOR,C000028,1000,20,00,EUR
OR00001152,2023-12-24,ZOR,C000059,2000,20,02,USD
OR00001153,2023-08-11,OR,C000031,3000,10,02,USD
OR00001154,2023-07-27,ZOR,C000050,3000,10,01,GBP
OR00001155,2023-06-09,RE,C000058,3000,20,01,USD
OR00001156,2023-09-28,ZOR,C000080,2000,30,02,USD
OR00001157,2022-03-27,ZOR,C000006,3000,20,01,USD
OR00001158,2024-02-16,ZOR,C000005,3000,30,02,GBP
OR00001159,2024-02-04,RE,C000045,3000,30,02,USD
OR00001160,2021-07-13,RE,C000057,2000,20,02,GBP
OR00001161,2023-12-11,OR,C000036,1000,20,00,GBP
OR00001162,2022-02-10,ZOR,C000052,2000,20,01,USD
OR00001163,2022-10-17,OR,C000022,2000,30,00,EUR
OR00001164,2023-09-20,ZOR,C000018,3000,10,01,GBP
OR00001165,2022-03-30,ZOR,C000039,2000,10,01,EUR
OR00001166,2023-12-03,RE,C000065,3000,30,00,GBP
OR00001167,2023-12-18,OR,C000017,2000,20,00,GBP
OR00001168,2023-03-17,ZOR,C000022,1000,30,01,USD
OR00001169,2021-04-01,OR,C000022,1000,20,01,USD
OR00001170,2022-08-29,OR,C000074,2000,10,02,GBP
OR00001171,2023-06-08,OR,C000003,2000,20,02,USD
OR00001172,2024-08-26,RE,C000002,2000,10,01,USD
OR00001173,2023-06-19,OR,C000053,3000,30,01,EUR
OR00001174,2022-07-31,ZOR,C000050,2000,10,02,USD
OR00001175,2023-06-21,OR,C000042,3000,30,01,USD
OR00001176,2023-04-12,OR,C000024,2000,30,00,EUR
OR00001177,2023-10-24,RE,C000046,2000,30,00,EUR
OR00001178,2022-01-05,OR,C000009,3000,20,00,GBP
OR00001179,2023-10-06,OR,C000034,2000,20,02,GBP
OR00001180,2023-04-13,OR,C000017,2000,30,00,EUR
OR00001181,2024-07-06,RE,C000043,2000,30,02,EUR
OR00001182,2022-10-24,OR,C000005,1000,30,00,EUR
OR00001183,2023-06-20,ZOR,C000024,2000,20,02,GBP
OR00001184,2024-05-04,RE,C000027,1000,30,02,GBP
OR00001185,2021-12-29,OR,C000027,1000,20,00,GBP
OR00001186,2024-05-13,OR,C000066,3000,30,02,USD
OR00001187,2023-08-03,OR,C000021,3000,30,02,GBP
OR00001188,2021-10-22,ZOR,C000058,3000,10,00,GBP
OR00001189,2022-09-13,RE,C000010,3000,10,01,EUR
OR00001190,2023-08-20,RE,C000015,3000,30,00,USD
OR00001191,2021-10-21,ZOR,C000067,1000,20,00,GBP
OR00001192,2023-05-13,OR,C000003,3000,30,02,GBP
OR00001193,2022-10-28,RE,C000017,1000,30,00,USD
OR00001194,2023-06-11,OR,C000036,2000,30,01,GBP
OR00001195,2021-08-30,OR,C000019,3000,20,00,EUR
OR00001196,2024-02-04,OR,C000059,1000,10,02,EUR
OR00001197,2024-08-02,RE,C000065,3000,20,01,EUR
OR00001198,2024-07-21,RE,C000016,3000,20,01,USD
OR00001199,2023-09-25,OR,C000037,1000,20,02,EUR
OR00001200,2022-02-12,RE,C000076,3000,10,00,EUR
OR00001201,2023-10-04,RE,C000078,1000,30,00,USD
OR00001202,2021-06-27,RE,C000052,3000,30,00,EUR
OR00001203,2021-06-18,RE,C000042,3000,20,00,USD
OR00001204,2022-10-06,OR,C000055,3000,20,02,GBP
OR00001205,2023-03-02,RE,C000062,3000,30,01,USD
OR00001206,2023-10-15,RE,C000064,1000,10,01,EUR
OR00001207,2023-07-30,RE,C000006,2000,30,02,GBP
OR00001208,2023-01-26,ZOR,C000006,3000,10,01,EUR
OR00001209,2022-08-15,ZOR,C000001,2000,10,02,USD
OR00001210,2024-11-11,RE,C000045,1000,30,02,USD
OR00001211,2023-01-09,OR,C000007,3000,10,00,GBP
OR00001212,2023-01-30,ZOR,C000076,1000,30,02,USD
OR00001213,2022-04-03,OR,C000069,1000,20,01,USD
OR00001214,2023-11-08,OR,C000039,3000,30,00,EUR
OR00001215,2023-08-07,OR,C000050,1000,20,02,EUR
OR00001216,2022-06-16,ZOR,C000019,1000,30,01,GBP
OR00001217,2021-11-21,RE,C000038,3000,10,02,GBP
OR00001218,2023-07-28,ZOR,C000054,2000,10,01,USD
OR00001219,2023-07-07,ZOR,C000003,2000,30,01,USD
OR00001220,2022-08-15,ZOR,C000056,1000,10,02,GBP
OR00001221,2024-06-09,RE,C000002,1000,30,00,USD
OR00001222,2022-03-16,ZOR,C000078,1000,30,00,EUR
OR00001223,2023-01-14,RE,C000064,2000,20,01,GBP
OR00001224,2024-05-25,OR,C000016,3000,30,00,GBP
OR00001225,2023-01-03,ZOR,C000053,1000,20,02,EUR
OR00001226,2023-06-24,OR,C000054,1000,10,01,USD
OR00001227,2022-12-15,RE,C000007,2000,30,00,EUR
OR00001228,2022-08-16,OR,C000034,1000,30,01,GBP
OR00001229,2024-09-05,ZOR,C000034,2000,30,00,EUR
OR00001230,2022-12-25,OR,C000078,3000,10,00,GBP
OR00001231,2024-03-05,OR,C000080,3000,30,01,GBP
OR00001232,2022-06-27,OR,C000079,1000,30,01,EUR
OR00001233,2022-06-07,ZOR,C000042,2000,30,01,USD
OR00001234,2021-07-19,ZOR,C000020,2000,20,01,USD
OR00001235,2023-07-05,OR,C000057,3000,20,00,USD
OR00001236,2022-11-18,RE,C000061,1000,20,01,EUR
OR00001237,2024-01-25,RE,C000025,2000,30,01,EUR
OR00001238,2023-02-17,RE,C000005,3000,20,01,USD
OR00001239,2024-07-19,RE,C000014,2000,30,01,USD
OR00001240,2022-05-03,RE,C000044,2000,30,02,GBP
OR00001241,2024-01-31,ZOR,C000052,3000,30,02,GBP
OR00001242,2023-10-21,ZOR,C000020,1000,10,02,USD
OR00001243,2023-10-16,ZOR,C000065,2000,20,02,GBP
OR00001244,2024-01-02,ZOR,C000049,2000,10,00,USD
OR00001245,2023-10-06,OR,C000003,2000,20,00,GBP
OR00001246,2023-06-15,ZOR,C000080,1000,10,02,GBP
OR00001247,2022-02-14,RE,C000077,2000,10,01,EUR
OR00001248,2021-07-23,ZOR,C000060,2000,30,01,EUR
OR00001249,2024-04-15,RE,C000074,1000,20,02,GBP
OR00001250,2023-06-08,RE,C000035,1000,10,00,EUR
OR00001251,2023-11-10,RE,C000013,2000,30,01,EUR
OR00001252,2023-02-24,RE,C000026,3000,30,00,GBP
OR00001253,2022-01-23,OR,C000080,2000,20,01,EUR
OR00001254,2022-02-05,RE,C000048,1000,20,02,GBP
OR00001255,2023-08-01,OR,C000054,1000,20,02,USD
OR00001256,2023-01-12,ZOR,C000005,2000,30,02,GBP
OR00001257,2022-05-22,OR,C000046,2000,20,02,USD
OR00001258,2023-03-04,ZOR,C000003,1000,10,00,GBP
OR00001259,2021-10-14,OR,C000004,2000,20,02,GBP
OR00001260,2023-05-13,RE,C000019,1000,20,02,GBP
OR00001261,2022-08-10,OR,C000032,2000,20,01,EUR
OR00001262,2023-11-11,ZOR,C000057,1000,30,00,GBP
OR00001263,2022-09-23,RE,C000020,2000,10,00,EUR
OR00001264,2023-02-03,ZOR,C000061,1000,10,01,GBP
OR00001265,2021-05-02,OR,C000057,3000,20,02,GBP
OR00001266,2021-11-01,ZOR,C000030,1000,20,02,EUR
OR00001267,2022-12-10,ZOR,C000075,1000,20,00,EUR
OR00001268,2023-02-23,ZOR,C000055,1000,20,00,USD
OR00001269,2023-05-27,ZOR,C000030,3000,20,01,GBP
OR00001270,2022-09-03,OR,C000058,3000,10,02,GBP
OR00001271,2023-08-09,RE,C000045,3000,30,02,EUR
OR00001272,2024-01-20,OR,C000056,1000,20,02,EUR
OR00001273,2023-10-24,RE,C000079,1000,10,00,GBP
OR00001274,2021-08-14,ZOR,C000028,1000,20,01,EUR
OR00001275,2023-02-23,RE,C000049,2000,20,02,USD
OR00001276,2022-01-02,RE,C000001,2000,20,00,GBP
OR00001277,2022-07-11,ZOR,C000074,2000,10,00,USD
OR00001278,2024-09-15,ZOR,C000068,3000,20,00,USD
OR00001279,2022-03-03,ZOR,C000007,3000,10,00,USD
OR00001280,2023-03-10,RE,C000013,3000,20,02,GBP
OR00001281,2023-06-09,ZOR,C000010,1000,30,02,USD
OR00001282,2023-08-15,ZOR,C000065,3000,30,01,GBP
OR00001283,2023-04-27,OR,C000038,2000,20,01,USD
OR00001284,2021-04-22,ZOR,C000003,2000,10,00,GBP
OR00001285,2022-10-09,OR,C000018,3000,30,02,USD
OR00001286,2023-03-25,OR,C000029,1000,10,02,USD
OR00001287,2021-12-02,RE,C000039,2000,20,00,USD
OR00001288,2022-11-01,RE,C000032,3000,30,02,GBP
OR00001289,2021-07-26,ZOR,C000035,1000,20,00,GBP
OR00001290,2021-11-14,OR,C000048,2000,30,02,EUR
OR00001291,2022-12-14,RE,C000027,3000,30,02,EUR
OR00001292,2022-02-16,ZOR,C000039,2000,10,00,GBP
OR00001293,2023-05-02,RE,C000076,3000,30,02,USD
OR00001294,2023-08-04,RE,C000013,3000,20,01,GBP
OR00001295,2023-11-14,OR,C000016,2000,20,00,GBP
OR00001296,2022-05-21,RE,C000059,3000,30,02,EUR
OR00001297,2022-04-08,RE,C000015,2000,30,01,GBP
OR00001298,2022-01-01,OR,C000050,2000,30,00,USD
OR00001299,2023-06-23,ZOR,C000069,1000,30,02,GBP
OR00001300,2023-08-18,ZOR,C000004,3000,10,00,USD
OR00001301,2021-07-20,OR,C000027,1000,20,00,GBP
OR00001302,2024-05-11,ZOR,C000018,3000,10,00,GBP
OR00001303,2021-09-15,OR,C000039,2000,30,00,GBP
OR00001304,2023-04-13,ZOR,C000005,3000,10,02,EUR
OR00001305,2023-08-20,OR,C000045,1000,30,00,USD
OR00001306,2024-02-03,OR,C000040,1000,30,01,EUR
OR00001307,2023-08-25,ZOR,C000027,3000,20,00,USD
OR00001308,2023-11-15,RE,C000001,3000,20,00,EUR
OR00001309,2022-10-21,ZOR,C000001,3000,30,00,GBP
OR00001310,2023-11-29,RE,C000024,1000,20,00,GBP
OR00001311,2021-11-17,OR,C000014,2000,30,00,EUR
OR00001312,2024-03-06,RE,C000047,1000,30,01,GBP
OR00001313,2023-04-17,OR,C000032,3000,20,00,GBP
OR00001314,2023-12-02,RE,C000037,1000,10,00,GBP
OR00001315,2023-01-31,OR,C000019,3000,30,02,GBP
OR00001316,2023-06-28,RE,C000078,3000,10,02,EUR
OR00001317,2023-04-01,ZOR,C000011,1000,20,01,USD
OR00001318,2023-09-09,RE,C000025,2000,30,02,USD
OR00001319,2021-11-20,ZOR,C000036,3000,10,01,USD
OR00001320,2021-10-05,ZOR,C000002,1000,20,01,USD
OR00001321,2022-07-17,OR,C000042,3000,20,00,USD
OR00001322,2022-03-28,ZOR,C000012,3000,10,00,EUR
OR00001323,2024-02-04,OR,C000005,1000,30,00,GBP
OR00001324,2022-06-14,OR,C000024,2000,10,02,GBP
OR00001325,2024-08-09,ZOR,C000080,3000,20,00,GBP
OR00001326,2022-10-19,ZOR,C000056,1000,10,01,EUR
OR00001327,2022-04-28,RE,C000028,1000,10,01,GBP
OR00001328,2023-11-03,ZOR,C000058,2000,30,01,EUR
OR00001329,2023-07-10,OR,C000009,3000,10,02,USD
OR00001330,2023-03-10,RE,C000004,2000,30,01,USD
OR00001331,2023-04-23,ZOR,C000054,1000,10,01,USD
OR00001332,2023-08-29,ZOR,C000034,3000,30,02,GBP
OR00001333,2022-06-25,RE,C000013,1000,20,01,USD
OR00001334,2024-11-05,RE,C000041,2000,20,01,GBP
OR00001335,2024-08-06,ZOR,C000050,1000,10,02,USD
OR00001336,2023-07-03,OR,C000048,1000,10,01,EUR
OR00001337,2022-05-21,ZOR,C000032,3000,30,00,GBP
OR00001338,2023-07-27,RE,C000063,2000,10,01,USD
OR00001339,2021-10-31,ZOR,C000027,2000,30,02,EUR
OR00001340,2021-07-17,RE,C000064,1000,20,00,EUR
OR00001341,2022-07-29,OR,C000012,2000,10,02,USD
OR00001342,2023-02-09,RE,C000068,1000,10,02,GBP
OR00001343,2024-01-30,OR,C000035,2000,20,01,GBP
OR00001344,2023-09-05,OR,C000080,2000,30,01,EUR
OR00001345,2023-09-19,ZOR,C000062,1000,10,01,GBP
OR00001346,2023-01-08,ZOR,C000069,1000,20,01,GBP
OR00001347,2022-10-28,OR,C000070,2000,10,00,GBP
OR00001348,2022-11-20,RE,C000009,2000,20,01,GBP
OR00001349,2024-09-19,OR,C000022,3000,20,01,EUR
OR00001350,2021-08-15,RE,C000001,2000,10,02,USD
OR00001351,2024-01-29,OR,C000057,1000,10,00,GBP
OR00001352,2023-05-11,RE,C000016,3000,20,00,EUR
OR00001353,2023-01-19,RE,C000003,3000,20,00,USD
OR00001354,2023-09-03,RE,C000003,2000,20,02,USD
OR00001355,2023-02-28,RE,C000045,3000,10,02,EUR
OR00001356,2024-02-06,RE,C000050,1000,10,00,USD
OR00001357,2024-03-15,RE,C000047,1000,20,01,GBP
OR00001358,2023-01-05,OR,C000039,2000,10,02,USD
OR00001359,2022-08-19,RE,C000049,1000,10,00,USD
OR00001360,2023-05-21,ZOR,C000009,3000,10,02,USD
OR00001361,2024-04-01,RE,C000007,1000,30,01,EUR
OR00001362,2022-06-04,ZOR,C000059,3000,10,00,USD
OR00001363,2023-06-13,ZOR,C000002,2000,10,02,EUR
OR00001364,2023-06-19,ZOR,C000052,2000,30,00,GBP
OR00001365,2023-09-10,ZOR,C000024,2000,20,02,GBP
OR00001366,2022-02-15,ZOR,C000011,1000,10,02,GBP
OR00001367,2023-08-26,OR,C000073,1000,20,01,GBP
OR00001368,2024-03-27,ZOR,C000014,2000,30,02,USD
OR00001369,2022-04-25,RE,C000045,3000,20,00,GBP
OR00001370,2022-07-06,RE,C000006,3000,10,01,EUR
OR00001371,2024-07-27,OR,C000076,1000,10,02,USD
OR00001372,2022-04-27,OR,C000021,2000,30,00,USD
OR00001373,2024-01-13,OR,C000026,2000,10,01,GBP
OR00001374,2023-03-05,RE,C000007,2000,10,01,GBP
OR00001375,2022-07-17,ZOR,C000065,3000,30,00,GBP
OR00001376,2024-02-03,RE,C000001,2000,10,00,GBP
OR00001377,2023-01-25,RE,C000077,2000,20,01,USD
OR00001378,2023-03-23,RE,C000073,2000,20,00,GBP
OR00001379,2022-11-09,OR,C000039,3000,10,02,USD
OR00001380,2023-05-21,RE,C000025,3000,10,00,USD
OR00001381,2022-04-03,ZOR,C000020,3000,20,00,GBP
OR00001382,2022-12-09,ZOR,C000075,1000,10,01,GBP
OR00001383,2024-07-22,OR,C000050,1000,30,01,EUR
OR00001384,2022-07-29,OR,C000055,1000,30,01,USD
OR00001385,2023-07-09,ZOR,C000064,2000,10,02,EUR
OR00001386,2022-10-07,ZOR,C000040,1000,30,01,GBP
OR00001387,2023-10-18,OR,C000031,2000,10,01,EUR
OR00001388,2022-02-14,ZOR,C000039,3000,20,00,USD
OR00001389,2024-07-23,OR,C000014,2000,10,02,GBP
OR00001390,2023-02-01,OR,C000009,1000,30,00,EUR
OR00001391,2022-07-04,OR,C000051,2000,20,00,GBP
OR00001392,2021-11-03,OR,C000041,1000,10,00,GBP
OR00001393,2022-04-11,ZOR,C000078,2000,30,02,EUR
OR00001394,2023-03-27,OR,C000007,1000,10,01,EUR
OR00001395,2022-10-19,RE,C000031,3000,10,01,USD
OR00001396,2023-12-15,OR,C000029,1000,30,02,GBP
OR00001397,2023-01-13,RE,C000066,2000,30,01,EUR
OR00001398,2022-07-18,OR,C000014,2000,10,02,EUR
OR00001399,2023-06-08,ZOR,C000039,2000,20,02,EUR
OR00001400,2023-08-18,RE,C000058,3000,30,02,EUR
OR00001401,2022-04-08,OR,C000070,2000,20,01,USD
OR00001402,2022-04-09,OR,C000027,2000,30,00,USD
OR00001403,2021-08-05,ZOR,C000069,3000,30,01,USD
OR00001404,2023-09-13,RE,C000052,1000,20,02,USD
OR00001405,2023-07-14,OR,C000006,2000,30,02,USD
OR00001406,2023-02-19,OR,C000036,3000,10,00,USD
OR00001407,2024-01-01,ZOR,C000007,3000,20,02,GBP
OR00001408,2023-11-19,ZOR,C000043,3000,30,00,GBP
OR00001409,2023-05-16,OR,C000053,2000,10,00,USD
OR00001410,2024-01-30,OR,C000051,3000,10,00,USD
OR00001411,2022-05-29,ZOR,C000022,1000,30,00,EUR
OR00001412,2022-01-14,OR,C000035,1000,20,02,GBP
OR00001413,2022-08-11,ZOR,C000048,3000,10,01,GBP
OR00001414,2021-09-28,OR,C000042,3000,30,01,EUR
OR00001415,2023-04-05,OR,C000078,2000,30,01,GBP
OR00001416,2024-05-12,ZOR,C000014,3000,10,01,GBP
OR00001417,2021-08-13,ZOR,C000028,1000,20,01,USD
OR00001418,2022-01-31,ZOR,C000031,2000,10,00,GBP
OR00001419,2023-01-31,OR,C000020,3000,20,00,EUR
OR00001420,2024-05-07,ZOR,C000016,3000,10,01,EUR
OR00001421,2022-09-28,OR,C000039,3000,30,02,USD
OR00001422,2023-03-17,RE,C000024,1000,10,02,USD
OR00001423,2021-08-19,RE,C000030,2000,10,02,EUR
OR00001424,2022-03-12,RE,C000078,1000,20,00,EUR
OR00001425,2024-09-15,RE,C000067,1000,10,01,USD
OR00001426,2024-07-11,ZOR,C000044,2000,10,01,USD
OR00001427,2021-03-21,RE,C000027,1000,20,01,EUR
OR00001428,2024-06-11,RE,C000001,3000,20,01,USD
OR00001429,2023-06-25,OR,C000075,2000,30,01,USD
OR00001430,2024-01-30,ZOR,C000014,2000,20,01,EUR
OR00001431,2023-02-02,RE,C000027,1000,20,02,GBP
OR00001432,2023-03-24,OR,C000069,2000,20,00,EUR
OR00001433,2023-03-02,RE,C000069,2000,20,02,USD
OR00001434,2023-07-17,ZOR,C000011,3000,30,01,GBP
OR00001435,2022-02-27,ZOR,C000007,2000,20,00,USD
OR00001436,2021-07-15,RE,C000030,1000,30,00,USD
OR00001437,2022-09-20,ZOR,C000039,2000,20,01,USD
OR00001438,2023-08-17,OR,C000076,2000,30,01,EUR
OR00001439,2022-05-24,ZOR,C000037,1000,10,01,EUR
OR00001440,2023-07-22,ZOR,C000005,2000,20,02,GBP
OR00001441,2024-07-23,RE,C000024,1000,20,01,USD
OR00001442,2021-12-13,RE,C000009,1000,20,02,GBP
OR00001443,2023-07-21,ZOR,C000036,1000,20,02,EUR
OR00001444,2023-01-24,ZOR,C000048,2000,20,02,GBP
OR00001445,2024-01-30,ZOR,C000041,3000,10,02,GBP
OR00001446,2022-04-21,ZOR,C000022,2000,20,00,USD
OR00001447,2023-08-07,RE,C000046,3000,30,02,EUR
OR00001448,2023-12-25,RE,C000027,3000,20,02,USD
OR00001449,2024-05-27,ZOR,C000074,3000,30,00,USD
OR00001450,2023-07-30,OR,C000026,2000,20,00,EUR
OR00001451,2023-03-09,OR,C000076,1000,30,01,USD
OR00001452,2023-06-09,RE,C000013,3000,20,01,GBP
OR00001453,2024-01-31,OR,C000044,2000,20,02,USD
OR00001454,2023-05-05,OR,C000049,1000,10,02,GBP
OR00001455,2021-07-17,ZOR,C000011,3000,20,00,GBP
OR00001456,2024-05-02,OR,C000007,1000,10,00,GBP
OR00001457,2023-08-04,ZOR,C000019,1000,20,00,EUR
OR00001458,2023-07-24,ZOR,C000039,2000,20,02,GBP
OR00001459,2022-06-10,OR,C000056,3000,30,01,GBP
OR00001460,2023-07-10,ZOR,C000002,3000,20,02,EUR
OR00001461,2022-12-11,RE,C000043,3000,20,02,GBP
OR00001462,2023-07-04,OR,C000076,3000,20,01,USD
OR00001463,2022-01-05,RE,C000064,2000,30,02,EUR
OR00001464,2023-07-09,RE,C000055,2000,30,01,EUR
OR00001465,2024-12-08,RE,C000042,3000,20,02,GBP
OR00001466,2021-09-06,RE,C000068,1000,20,01,EUR
OR00001467,2024-08-13,RE,C000029,2000,20,01,USD
OR00001468,2022-12-23,ZOR,C000008,1000,10,00,GBP
OR00001469,2024-02-03,OR,C000053,3000,30,02,EUR
OR00001470,2023-10-27,ZOR,C000042,2000,10,01,USD
OR00001471,2023-05-02,OR,C000064,3000,20,02,USD
OR00001472,2023-09-15,OR,C000072,3000,20,01,EUR
OR00001473,2024-02-13,OR,C000062,3000,30,02,GBP
OR00001474,2022-12-20,RE,C000009,3000,30,01,EUR
OR00001475,2022-10-09,RE,C000055,3000,10,02,GBP
OR00001476,2023-07-17,ZOR,C000062,2000,20,02,GBP
OR00001477,2023-11-22,ZOR,C000079,2000,30,00,EUR
OR00001478,2023-10-07,OR,C000007,1000,20,02,EUR
OR00001479,2023-11-11,ZOR,C000040,3000,20,02,EUR
OR00001480,2023-01-17,OR,C000052,3000,20,02,GBP
OR00001481,2023-12-02,ZOR,C000057,1000,20,00,EUR
OR00001482,2022-01-28,ZOR,C000064,3000,20,00,USD
OR00001483,2023-04-15,ZOR,C000068,3000,10,01,GBP
OR00001484,2021-03-27,OR,C000055,2000,30,01,GBP
OR00001485,2022-10-07,RE,C000022,2000,30,00,EUR
OR00001486,2022-11-16,ZOR,C000047,3000,10,01,USD
OR00001487,2022-12-13,RE,C000019,2000,20,02,USD
OR00001488,2023-08-09,RE,C000010,3000,10,01,USD
OR00001489,2022-12-06,ZOR,C000028,3000,20,01,EUR
OR00001490,2023-01-28,ZOR,C000011,2000,10,02,USD
OR00001491,2022-07-06,ZOR,C000064,2000,30,00,USD
OR00001492,2022-11-22,OR,C000042,1000,10,00,EUR
OR00001493,2022-06-24,OR,C000006,2000,30,02,EUR
OR00001494,2021-11-02,RE,C000072,2000,10,02,EUR
OR00001495,2023-05-29,RE,C000014,1000,20,00,EUR
OR00001496,2023-07-18,OR,C000030,2000,30,00,GBP
OR00001497,2023-06-10,RE,C000077,2000,30,00,EUR
OR00001498,2023-02-09,OR,C000066,3000,10,00,EUR
OR00001499,2022-11-28,ZOR,C000011,2000,20,01,GBP
OR00001500,2024-01-24,OR,C000070,1000,30,01,EUR
OR00001501,2023-03-26,ZOR,C000010,3000,20,00,EUR
OR00001502,2023-02-22,ZOR,C000027,2000,30,01,USD
OR00001503,2021-07-01,OR,C000030,2000,30,01,GBP
OR00001504,2022-10-23,OR,C000021,2000,30,02,EUR
OR00001505,2022-11-29,RE,C000020,2000,10,00,EUR
OR00001506,2022-12-16,ZOR,C000049,3000,20,00,EUR
OR00001507,2023-05-12,OR,C000019,2000,20,02,USD
OR00001508,2023-04-07,OR,C000007,3000,30,00,EUR
OR00001509,2023-06-01,ZOR,C000017,2000,30,01,EUR
OR00001510,2023-10-10,RE,C000034,3000,20,01,GBP
OR00001511,2023-11-27,OR,C000047,2000,30,01,GBP
OR00001512,2023-08-28,RE,C000076,1000,30,01,GBP
OR00001513,2024-06-19,RE,C000024,3000,10,01,USD
OR00001514,2021-06-02,RE,C000040,1000,10,00,USD
OR00001515,2022-05-16,RE,C000080,3000,10,00,EUR
OR00001516,2021-04-09,OR,C000038,1000,10,02,EUR
OR00001517,2023-07-01,RE,C000065,3000,20,00,USD
OR00001518,2024-03-11,OR,C000071,1000,10,02,USD
OR00001519,2022-07-13,ZOR,C000003,2000,20,02,USD
OR00001520,2024-04-25,RE,C000058,2000,30,01,EUR
OR00001521,2021-10-05,ZOR,C000022,2000,20,00,EUR
OR00001522,2024-05-08,OR,C000002,2000,30,01,EUR
OR00001523,2022-11-02,ZOR,C000017,3000,10,00,USD
OR00001524,2021-12-27,ZOR,C000034,2000,30,00,USD
OR00001525,2023-02-28,RE,C000028,3000,30,01,EUR
OR00001526,2022-07-28,OR,C000032,1000,10,01,USD
OR00001527,2022-08-27,OR,C000040,2000,30,01,USD
OR00001528,2022-09-19,ZOR,C000057,3000,10,02,USD
OR00001529,2023-11-17,OR,C000043,1000,30,00,USD
OR00001530,2023-04-11,OR,C000013,2000,20,01,USD
OR00001531,2022-09-23,ZOR,C000047,3000,20,00,GBP
OR00001532,2023-06-03,RE,C000042,1000,20,02,USD
OR00001533,2023-08-27,RE,C000045,3000,20,02,EUR
OR00001534,2022-08-14,ZOR,C000041,1000,20,01,USD
OR00001535,2022-12-29,RE,C000069,2000,10,01,USD
OR00001536,2022-01-30,OR,C000038,2000,30,02,GBP
OR00001537,2022-04-27,RE,C000013,1000,30,00,EUR
OR00001538,2023-07-28,OR,C000015,3000,30,00,EUR
OR00001539,2022-04-27,RE,C000062,2000,10,00,GBP
OR00001540,2023-03-31,ZOR,C000046,1000,20,02,USD
OR00001541,2023-08-20,RE,C000067,3000,30,01,USD
OR00001542,2022-01-05,OR,C000058,3000,20,01,USD
OR00001543,2023-05-02,ZOR,C000052,1000,10,02,USD
OR00001544,2022-07-27,OR,C000072,3000,10,01,USD
OR00001545,2024-07-06,RE,C000044,1000,30,02,GBP
OR00001546,2023-02-26,OR,C000052,3000,30,01,USD
OR00001547,2023-11-20,RE,C000041,2000,30,00,USD
OR00001548,2023-04-19,OR,C000052,1000,10,00,USD
OR00001549,2021-08-24,RE,C000067,1000,20,00,GBP
OR00001550,2023-06-20,OR,C000028,2000,30,02,EUR
OR00001551,2024-06-10,OR,C000039,1000,10,00,EUR
OR00001552,2023-05-28,OR,C000039,1000,10,00,GBP
OR00001553,2023-12-04,RE,C000034,1000,30,02,EUR
OR00001554,2024-02-20,RE,C000065,1000,10,02,GBP
OR00001555,2022-06-25,OR,C000038,1000,20,00,EUR
OR00001556,2022-06-05,ZOR,C000040,1000,30,02,USD
OR00001557,2023-06-04,RE,C000001,2000,10,01,EUR
OR00001558,2022-12-27,OR,C000009,1000,20,01,EUR
OR00001559,2023-12-27,RE,C000034,3000,30,02,GBP
OR00001560,2024-03-14,RE,C000030,3000,30,00,EUR
OR00001561,2022-11-04,ZOR,C000067,3000,20,02,EUR
OR00001562,2022-07-05,OR,C000057,3000,20,01,GBP
OR00001563,2023-10-25,ZOR,C000022,2000,20,00,EUR
OR00001564,2022-08-16,OR,C000062,3000,10,01,USD
OR00001565,2023-12-08,ZOR,C000050,1000,30,01,GBP
OR00001566,2023-01-07,RE,C000059,2000,20,02,USD
OR00001567,2023-07-17,RE,C000071,1000,20,02,USD
OR00001568,2021-12-16,ZOR,C000001,3000,30,00,EUR
OR00001569,2023-06-13,ZOR,C000048,2000,20,00,GBP
OR00001570,2023-01-31,OR,C000047,3000,30,00,EUR
OR00001571,2023-05-17,RE,C000011,3000,10,00,EUR
OR00001572,2022-04-09,RE,C000049,1000,30,02,GBP
OR00001573,2023-09-14,RE,C000017,3000,10,00,USD
OR00001574,2024-01-23,ZOR,C000053,2000,10,00,USD
OR00001575,2022-06-11,OR,C000052,1000,20,02,USD
OR00001576,2021-12-16,OR,C000065,1000,20,00,USD
OR00001577,2021-06-23,ZOR,C000042,2000,10,01,EUR
OR00001578,2023-06-27,ZOR,C000050,1000,10,01,USD
OR00001579,2023-06-01,RE,C000045,3000,10,01,GBP
OR00001580,2023-04-17,OR,C000021,1000,10,02,USD
OR00001581,2022-06-29,ZOR,C000015,3000,30,02,GBP
OR00001582,2022-12-09,ZOR,C000024,1000,10,00,GBP
OR00001583,2023-05-22,OR,C000046,3000,30,00,USD
OR00001584,2023-03-09,OR,C000002,1000,10,01,USD
OR00001585,2024-09-19,ZOR,C000026,1000,30,00,EUR
OR00001586,2022-02-22,RE,C000079,2000,30,02,EUR
OR00001587,2023-08-09,OR,C000033,2000,10,01,EUR
OR00001588,2022-12-21,OR,C000022,3000,10,01,USD
OR00001589,2023-01-11,RE,C000079,2000,10,02,GBP
OR00001590,2023-08-28,RE,C000042,1000,20,02,EUR
OR00001591,2023-08-06,OR,C000006,1000,20,00,EUR
OR00001592,2024-10-05,ZOR,C000003,3000,30,00,GBP
OR00001593,2022-02-10,ZOR,C000057,2000,30,02,USD
OR00001594,2021-12-31,ZOR,C000003,2000,20,00,EUR
OR00001595,2023-09-03,OR,C000024,1000,20,02,GBP
OR00001596,2023-05-11,RE,C000074,2000,30,02,USD
OR00001597,2022-08-16,RE,C000032,3000,10,02,USD
OR00001598,2021-11-15,ZOR,C000055,3000,20,01,GBP
OR00001599,2021-11-27,RE,C000044,3000,10,02,GBP
OR00001600,2024-03-05,RE,C000049,2000,10,01,GBP
OR00001601,2022-05-11,ZOR,C000060,1000,30,02,USD
OR00001602,2022-10-06,RE,C000075,2000,10,02,EUR
OR00001603,2022-06-23,OR,C000051,1000,20,00,EUR
OR00001604,2022-11-05,OR,C000005,3000,20,01,EUR
OR00001605,2021-10-25,OR,C000015,3000,30,00,GBP
OR00001606,2023-03-26,OR,C000054,2000,30,01,USD
OR00001607,2021-10-22,ZOR,C000032,2000,20,01,EUR
OR00001608,2023-11-14,RE,C000025,3000,10,01,GBP
OR00001609,2022-07-01,RE,C000048,1000,20,00,EUR
OR00001610,2023-04-12,OR,C000044,1000,10,00,GBP
OR00001611,2024-02-15,RE,C000071,1000,30,00,GBP
OR00001612,2023-07-04,ZOR,C000015,1000,10,01,USD
OR00001613,2023-04-06,ZOR,C000036,1000,20,01,GBP
OR00001614,2022-10-07,ZOR,C000038,3000,20,01,GBP
OR00001615,2022-10-15,ZOR,C000023,1000,20,02,EUR
OR00001616,2023-07-19,ZOR,C000020,1000,20,02,USD
OR00001617,2024-10-21,OR,C000026,3000,30,01,USD
OR00001618,2023-07-13,ZOR,C000016,1000,30,02,EUR
OR00001619,2023-04-25,RE,C000072,2000,10,02,USD
OR00001620,2023-09-08,RE,C000058,2000,20,00,GBP
OR00001621,2023-02-11,OR,C000007,1000,20,02,GBP
OR00001622,2021-10-05,RE,C000002,2000,20,02,GBP
OR00001623,2023-04-29,OR,C000052,2000,30,00,EUR
OR00001624,2024-06-23,OR,C000049,3000,30,01,USD
OR00001625,2022-04-19,RE,C000028,2000,10,01,GBP
OR00001626,2023-08-04,ZOR,C000027,2000,10,01,USD
OR00001627,2022-05-22,ZOR,C000046,1000,30,02,USD
OR00001628,2023-04-08,OR,C000006,3000,20,01,USD
OR00001629,2021-12-18,ZOR,C000009,3000,20,02,GBP
OR00001630,2023-01-29,ZOR,C000011,1000,20,00,EUR
OR00001631,2023-10-02,RE,C000076,2000,20,01,EUR
OR00001632,2022-10-29,RE,C000054,2000,30,01,USD
OR00001633,2023-07-15,ZOR,C000053,1000,30,00,GBP
OR00001634,2023-11-09,OR,C000014,1000,30,00,EUR
OR00001635,2024-04-25,OR,C000054,1000,10,02,USD
OR00001636,2022-07-02,ZOR,C000054,3000,20,01,GBP
OR00001637,2022-12-16,OR,C000056,2000,30,01,EUR
OR00001638,2022-03-18,RE,C000079,2000,10,02,USD
OR00001639,2024-10-11,OR,C000070,2000,30,02,GBP
OR00001640,2024-04-25,ZOR,C000011,1000,30,02,USD
OR00001641,2023-04-12,ZOR,C000025,2000,30,02,USD
OR00001642,2023-12-30,OR,C000028,2000,10,02,GBP
OR00001643,2023-03-28,ZOR,C000020,2000,20,01,GBP
OR00001644,2023-06-13,ZOR,C000047,3000,20,01,GBP
OR00001645,2021-12-04,RE,C000037,2000,20,02,EUR
OR00001646,2023-10-01,OR,C000008,3000,10,00,USD
OR00001647,2022-02-09,RE,C000049,1000,10,01,EUR
OR00001648,2023-12-11,OR,C000015,1000,20,01,USD
OR00001649,2023-10-26,RE,C000060,2000,20,01,EUR
OR00001650,2023-08-20,OR,C000010,3000,20,00,GBP
OR00001651,2021-08-04,ZOR,C000012,2000,20,02,EUR
OR00001652,2022-09-15,OR,C000039,3000,20,02,USD
OR00001653,2022-08-04,ZOR,C000056,3000,10,02,EUR
OR00001654,2022-11-10,ZOR,C000047,2000,30,01,GBP
OR00001655,2021-12-01,RE,C000012,1000,10,01,EUR
OR00001656,2024-05-13,ZOR,C000023,3000,20,00,USD
OR00001657,2023-04-22,RE,C000021,3000,10,02,GBP
OR00001658,2022-09-18,OR,C000021,3000,10,02,GBP
OR00001659,2022-12-14,RE,C000051,3000,10,00,EUR
OR00001660,2023-01-27,RE,C000011,1000,30,02,GBP
OR00001661,2023-05-27,ZOR,C000038,1000,10,00,GBP
OR00001662,2023-03-24,RE,C000010,2000,20,01,USD
OR00001663,2024-04-12,RE,C000004,3000,20,00,USD
OR00001664,2023-03-09,OR,C000067,3000,20,00,EUR
OR00001665,2024-10-10,ZOR,C000028,2000,30,01,EUR
OR00001666,2024-01-10,RE,C000070,2000,30,01,GBP
OR00001667,2022-06-01,OR,C000071,2000,30,02,USD
OR00001668,2024-05-01,RE,C000054,2000,30,01,GBP
OR00001669,2022-01-21,RE,C000034,2000,10,02,USD
OR00001670,2023-12-02,RE,C000070,2000,30,00,GBP
OR00001671,2022-11-29,OR,C000045,3000,20,02,USD
OR00001672,2024-02-12,OR,C000004,1000,10,00,GBP
OR00001673,2024-01-30,RE,C000075,3000,20,00,GBP
OR00001674,2023-11-20,ZOR,C000009,3000,20,00,USD
OR00001675,2023-11-03,OR,C000016,3000,20,01,EUR
OR00001676,2022-09-17,ZOR,C000058,2000,20,02,GBP
OR00001677,2021-11-18,OR,C000012,1000,20,00,EUR
OR00001678,2022-12-19,OR,C000058,3000,30,00,USD
OR00001679,2022-04-17,OR,C000028,3000,30,01,GBP
OR00001680,2023-08-09,OR,C000067,3000,30,00,GBP
OR00001681,2022-10-28,OR,C000075,1000,30,01,EUR
OR00001682,2024-08-08,OR,C000059,2000,30,02,USD
OR00001683,2023-06-26,OR,C000071,2000,20,02,GBP
OR00001684,2023-12-07,ZOR,C000019,2000,30,00,GBP
OR00001685,2022-02-16,OR,C000025,3000,30,00,EUR
OR00001686,2024-01-22,OR,C000056,1000,10,01,GBP
OR00001687,2024-04-18,RE,C000056,2000,30,01,EUR
OR00001688,2023-03-01,OR,C000041,2000,20,01,EUR
OR00001689,2023-05-31,ZOR,C000008,1000,20,02,USD
OR00001690,2023-10-10,ZOR,C000045,2000,10,00,USD
OR00001691,2022-04-18,ZOR,C000049,1000,20,02,EUR
OR00001692,2023-03-13,OR,C000074,1000,30,01,USD
OR00001693,2022-12-16,OR,C000064,2000,30,00,USD
OR00001694,2022-03-09,RE,C000001,3000,20,00,GBP
OR00001695,2022-11-17,OR,C000069,3000,20,01,EUR
OR00001696,2021-10-23,OR,C000035,2000,10,02,GBP
OR00001697,2021-07-01,RE,C000048,3000,30,00,EUR
OR00001698,2022-02-20,ZOR,C000067,3000,10,01,GBP
OR00001699,2024-07-06,RE,C000067,1000,10,02,EUR
OR00001700,2023-04-19,OR,C000045,3000,30,02,USD
OR00001701,2024-07-13,ZOR,C000029,2000,20,00,EUR
OR00001702,2023-01-14,RE,C000038,3000,20,00,GBP
OR00001703,2022-09-24,OR,C000010,3000,20,00,USD
OR00001704,2023-03-16,ZOR,C000060,3000,20,00,GBP
OR00001705,2023-01-20,OR,C000035,3000,10,01,GBP
OR00001706,2022-01-03,ZOR,C000061,3000,20,02,EUR
OR00001707,2023-06-26,ZOR,C000077,1000,20,01,GBP
OR00001708,2022-06-10,RE,C000070,1000,30,02,EUR
OR00001709,2023-06-10,OR,C000058,3000,30,02,GBP
OR00001710,2023-07-03,RE,C000051,2000,10,00,USD
OR00001711,2022-03-17,RE,C000036,3000,10,01,USD
OR00001712,2021-10-08,RE,C000001,1000,10,01,EUR
OR00001713,2023-10-25,OR,C000024,2000,10,00,GBP
OR00001714,2023-02-06,OR,C000052,1000,30,01,EUR
OR00001715,2021-09-30,OR,C000025,1000,10,00,USD
OR00001716,2024-10-25,RE,C000025,3000,20,00,EUR
OR00001717,2021-09-29,OR,C000040,3000,10,02,USD
OR00001718,2023-08-09,ZOR,C000006,1000,30,00,USD
OR00001719,2024-09-04,ZOR,C000030,3000,20,00,EUR
OR00001720,2022-07-08,OR,C000026,2000,20,02,GBP
OR00001721,2022-03-03,OR,C000037,2000,10,00,USD
OR00001722,2022-01-30,RE,C000033,2000,10,02,GBP
OR00001723,2022-09-15,RE,C000035,2000,20,01,GBP
OR00001724,2021-12-26,ZOR,C000080,3000,30,00,EUR
OR00001725,2023-08-06,ZOR,C000059,3000,10,02,EUR
OR00001726,2021-10-10,RE,C000061,3000,20,02,EUR
OR00001727,2023-03-19,OR,C000050,2000,20,00,GBP
OR00001728,2024-11-07,OR,C000038,1000,20,01,USD
OR00001729,2023-11-28,RE,C000005,2000,30,02,GBP
OR00001730,2023-06-07,RE,C000025,2000,20,01,USD
OR00001731,2022-09-18,ZOR,C000036,1000,30,01,GBP
OR00001732,2023-06-13,OR,C000006,1000,20,02,USD
OR00001733,2023-04-02,OR,C000073,2000,10,01,EUR
OR00001734,2023-01-09,ZOR,C000041,3000,10,00,GBP
OR00001735,2022-02-13,OR,C000066,1000,20,01,EUR
OR00001736,2024-02-24,ZOR,C000050,3000,10,00,EUR
OR00001737,2023-01-29,RE,C000029,1000,10,01,USD
OR00001738,2022-05-14,RE,C000013,2000,10,00,USD
OR00001739,2022-11-17,RE,C000047,2000,30,02,EUR
OR00001740,2022-12-29,OR,C000066,3000,10,00,EUR
OR00001741,2023-12-13,OR,C000027,1000,10,00,USD
OR00001742,2023-09-11,OR,C000064,2000,10,00,EUR
OR00001743,2023-10-14,ZOR,C000069,3000,20,01,USD
OR00001744,2021-04-29,OR,C000070,1000,10,00,EUR
OR00001745,2022-12-31,ZOR,C000016,3000,10,01,GBP
OR00001746,2023-02-24,RE,C000049,3000,10,00,GBP
OR00001747,2021-06-06,ZOR,C000044,1000,20,01,EUR
OR00001748,2022-07-31,ZOR,C000071,1000,20,01,USD
OR00001749,2023-10-05,OR,C000010,3000,10,01,EUR
OR00001750,2022-02-23,OR,C000064,1000,20,02,GBP
OR00001751,2023-04-08,ZOR,C000013,2000,30,02,USD
OR00001752,2022-06-09,RE,C000005,2000,10,00,USD
OR00001753,2021-05-05,ZOR,C000021,3000,20,00,GBP
OR00001754,2022-07-10,RE,C000064,1000,30,01,USD
OR00001755,2024-08-09,ZOR,C000028,2000,20,01,USD
OR00001756,2023-11-15,ZOR,C000043,3000,30,01,EUR
OR00001757,2024-06-28,OR,C000004,2000,20,00,GBP
OR00001758,2023-03-01,RE,C000041,3000,20,01,USD
OR00001759,2022-01-10,ZOR,C000026,2000,30,00,USD
OR00001760,2023-04-18,ZOR,C000036,1000,20,00,USD
OR00001761,2023-02-02,OR,C000075,1000,20,01,EUR
OR00001762,2024-01-01,OR,C000074,1000,10,00,USD
OR00001763,2021-12-21,OR,C000034,2000,20,02,EUR
OR00001764,2023-03-02,ZOR,C000052,2000,20,01,USD
OR00001765,2022-03-15,ZOR,C000032,3000,20,00,EUR
OR00001766,2022-10-07,OR,C000047,2000,20,00,EUR
OR00001767,2023-09-14,RE,C000057,2000,30,00,USD
OR00001768,2023-02-20,OR,C000034,2000,10,02,USD
OR00001769,2022-11-25,OR,C000050,3000,10,01,EUR
OR00001770,2022-12-12,RE,C000056,2000,10,01,GBP
OR00001771,2023-02-06,RE,C000017,3000,30,01,EUR
OR00001772,2023-10-29,OR,C000001,2000,30,02,GBP
OR00001773,2024-03-02,OR,C000060,1000,10,00,GBP
OR00001774,2024-06-18,RE,C000008,1000,30,00,GBP
OR00001775,2023-10-31,OR,C000077,3000,30,02,USD
OR00001776,2022-09-28,ZOR,C000017,1000,30,01,USD
OR00001777,2023-08-03,ZOR,C000080,2000,30,02,EUR
OR00001778,2023-01-19,ZOR,C000053,2000,20,02,GBP
OR00001779,2022-07-25,ZOR,C000039,3000,20,01,EUR
OR00001780,2023-12-28,RE,C000064,2000,20,01,GBP
OR00001781,2021-08-10,OR,C000063,2000,20,02,USD
OR00001782,2024-03-16,ZOR,C000026,2000,10,02,GBP
OR00001783,2023-02-08,ZOR,C000072,2000,20,02,EUR
OR00001784,2023-06-23,RE,C000066,3000,20,00,EUR
OR00001785,2023-07-11,ZOR,C000026,1000,20,01,GBP
OR00001786,2024-03-06,OR,C000004,2000,20,02,USD
OR00001787,2023-06-23,ZOR,C000021,1000,10,02,GBP
OR00001788,2023-06-06,RE,C000070,2000,30,00,GBP
OR00001789,2021-10-19,OR,C000058,2000,20,01,EUR
OR00001790,2023-03-26,ZOR,C000056,2000,10,02,EUR
OR00001791,2022-03-15,RE,C000067,3000,30,01,EUR
OR00001792,2023-09-14,ZOR,C000042,2000,20,02,USD
OR00001793,2023-03-21,ZOR,C000076,2000,30,02,USD
OR00001794,2023-07-27,ZOR,C000032,2000,30,01,USD
OR00001795,2021-08-19,ZOR,C000027,2000,20,02,GBP
OR00001796,2021-11-26,ZOR,C000059,3000,30,00,USD
OR00001797,2023-08-27,ZOR,C000060,2000,10,01,EUR
OR00001798,2021-10-31,ZOR,C000074,3000,30,00,EUR
OR00001799,2021-10-29,RE,C000063,3000,10,01,USD
OR00001800,2021-05-05,RE,C000020,1000,30,01,EUR
OR00001801,2024-06-21,OR,C000006,3000,20,01,GBP
OR00001802,2023-09-14,ZOR,C000015,1000,10,00,EUR
OR00001803,2022-11-04,OR,C000006,1000,20,00,EUR
OR00001804,2022-09-08,ZOR,C000008,3000,20,00,USD
OR00001805,2022-10-31,OR,C000071,2000,30,00,EUR
OR00001806,2023-10-19,OR,C000075,2000,20,01,USD
OR00001807,2023-07-12,RE,C000039,1000,20,02,EUR
OR00001808,2022-05-02,RE,C000051,1000,10,01,USD
OR00001809,2022-04-17,ZOR,C000074,1000,20,01,USD
OR00001810,2021-12-21,RE,C000012,3000,20,01,GBP
OR00001811,2023-07-11,ZOR,C000078,3000,10,02,GBP
OR00001812,2023-10-09,ZOR,C000032,3000,10,01,EUR
OR00001813,2022-08-06,RE,C000048,2000,20,00,USD
OR00001814,2021-06-13,RE,C000066,1000,10,02,USD
OR00001815,2021-11-21,ZOR,C000060,1000,10,01,GBP
OR00001816,2024-07-18,OR,C000076,1000,20,00,USD
OR00001817,2022-09-07,ZOR,C000061,3000,10,02,USD
OR00001818,2023-10-14,RE,C000064,1000,20,02,GBP
OR00001819,2023-06-14,RE,C000033,3000,10,00,EUR
OR00001820,2022-11-30,OR,C000048,2000,20,00,EUR
OR00001821,2022-05-28,ZOR,C000072,3000,30,02,USD
OR00001822,2022-01-30,RE,C000032,2000,30,02,EUR
OR00001823,2023-06-07,OR,C000027,3000,30,00,USD
OR00001824,2023-10-19,OR,C000046,3000,20,00,USD
OR00001825,2023-06-28,RE,C000001,2000,20,00,EUR
OR00001826,2023-04-04,OR,C000015,3000,10,02,GBP
OR00001827,2021-08-20,ZOR,C000025,2000,20,00,GBP
OR00001828,2024-07-20,ZOR,C000050,2000,20,01,EUR
OR00001829,2023-11-12,ZOR,C000032,1000,20,00,EUR
OR00001830,2022-09-04,OR,C000054,3000,30,00,USD
OR00001831,2024-08-22,RE,C000056,1000,30,02,EUR
OR00001832,2023-05-28,ZOR,C000071,3000,30,00,GBP
OR00001833,2023-05-14,RE,C000074,2000,30,00,EUR
OR00001834,2023-09-24,RE,C000051,1000,30,00,EUR
OR00001835,2023-11-26,RE,C000020,3000,30,01,GBP
OR00001836,2023-07-08,ZOR,C000032,3000,20,02,USD
OR00001837,2022-02-09,OR,C000031,3000,20,02,USD
OR00001838,2022-10-20,OR,C000018,2000,10,00,GBP
OR00001839,2024-04-27,OR,C000063,1000,20,02,EUR
OR00001840,2022-06-20,ZOR,C000019,1000,20,01,USD
OR00001841,2022-11-21,RE,C000072,1000,30,02,USD
OR00001842,2023-01-14,OR,C000075,3000,10,02,USD
OR00001843,2023-01-20,RE,C000073,3000,30,02,EUR
OR00001844,2023-06-05,ZOR,C000042,1000,30,01,GBP
OR00001845,2024-05-24,OR,C000045,3000,20,00,GBP
OR00001846,2022-07-09,ZOR,C000043,1000,20,00,EUR
OR00001847,2022-01-30,OR,C000026,3000,30,00,USD
OR00001848,2022-05-18,RE,C000046,2000,30,02,GBP
OR00001849,2024-02-24,OR,C000031,3000,30,01,USD
OR00001850,2023-06-30,OR,C000066,3000,20,01,GBP
OR00001851,2022-08-28,RE,C000071,2000,30,02,USD
OR00001852,2023-11-30,RE,C000025,2000,20,00,GBP
OR00001853,2024-01-22,OR,C000002,1000,10,00,EUR
OR00001854,2024-01-04,ZOR,C000017,2000,10,02,GBP
OR00001855,2024-04-12,ZOR,C000021,3000,20,00,USD
OR00001856,2022-07-22,RE,C000064,2000,20,02,GBP
OR00001857,2023-09-30,ZOR,C000041,3000,10,02,USD
OR00001858,2023-02-07,OR,C000004,3000,20,01,EUR
OR00001859,2023-12-29,ZOR,C000046,3000,30,01,USD
OR00001860,2023-09-06,ZOR,C000029,2000,10,01,GBP
OR00001861,2023-10-21,OR,C000064,1000,20,01,USD
OR00001862,2023-07-08,RE,C000008,3000,20,01,USD
OR00001863,2022-04-22,OR,C000030,2000,20,00,GBP
OR00001864,2023-04-15,ZOR,C000028,1000,30,00,EUR
OR00001865,2024-09-07,OR,C000032,1000,20,01,GBP
OR00001866,2024-05-13,ZOR,C000043,1000,20,00,GBP
OR00001867,2021-08-23,ZOR,C000018,1000,20,00,USD
OR00001868,2022-04-05,OR,C000055,2000,10,02,EUR
OR00001869,2022-02-15,OR,C000080,3000,10,01,GBP
OR00001870,2023-09-04,ZOR,C000004,1000,20,02,GBP
OR00001871,2023-12-02,ZOR,C000028,2000,10,01,USD
OR00001872,2022-06-07,RE,C000002,3000,30,00,EUR
OR00001873,2023-03-16,OR,C000003,1000,10,00,EUR
OR00001874,2023-12-28,ZOR,C000026,1000,10,01,USD
OR00001875,2023-09-10,OR,C000062,1000,30,01,USD
OR00001876,2023-04-13,ZOR,C000035,3000,30,01,USD
OR00001877,2023-05-19,RE,C000078,3000,20,01,GBP
OR00001878,2023-03-18,ZOR,C000037,3000,10,02,USD
OR00001879,2022-09-09,ZOR,C000050,2000,20,02,USD
OR00001880,2023-05-01,OR,C000069,1000,20,02,EUR
OR00001881,2023-08-03,OR,C000034,3000,20,00,GBP
OR00001882,2024-02-06,ZOR,C000002,1000,20,01,USD
OR00001883,2023-06-23,ZOR,C000073,1000,20,00,EUR
OR00001884,2023-10-06,OR,C000060,1000,10,02,EUR
OR00001885,2022-03-29,RE,C000078,1000,20,02,GBP
OR00001886,2023-02-08,OR,C000072,1000,10,02,GBP
OR00001887,2021-04-20,ZOR,C000045,2000,20,02,USD
OR00001888,2022-07-16,ZOR,C000009,1000,10,02,EUR
OR00001889,2023-09-05,RE,C000064,3000,20,01,EUR
OR00001890,2024-10-08,OR,C000017,3000,20,01,USD
OR00001891,2021-12-23,RE,C000071,2000,10,02,GBP
OR00001892,2022-12-18,OR,C000058,2000,30,02,GBP
OR00001893,2023-11-14,ZOR,C000069,1000,20,01,USD
OR00001894,2022-05-26,ZOR,C000056,3000,30,02,GBP
OR00001895,2023-04-23,OR,C000050,3000,20,01,EUR
OR00001896,2023-09-10,ZOR,C000027,1000,10,01,EUR
OR00001897,2023-06-07,RE,C000075,1000,20,01,GBP
OR00001898,2022-05-06,RE,C000052,1000,10,02,GBP
OR00001899,2022-11-06,ZOR,C000004,2000,10,01,USD
OR00001900,2023-10-28,ZOR,C000037,3000,20,00,GBP
OR00001901,2023-04-22,ZOR,C000040,1000,20,02,EUR
OR00001902,2021-03-23,OR,C000011,1000,30,00,GBP
OR00001903,2023-10-06,RE,C000038,2000,20,01,EUR
OR00001904,2021-08-01,ZOR,C000052,3000,20,01,EUR
OR00001905,2023-09-22,RE,C000008,3000,30,02,EUR
OR00001906,2022-05-24,RE,C000056,3000,30,01,GBP
OR00001907,2024-06-24,ZOR,C000030,3000,20,00,USD
OR00001908,2022-11-17,ZOR,C000015,3000,10,01,EUR
OR00001909,2022-10-09,ZOR,C000078,2000,20,02,GBP
OR00001910,2022-03-13,ZOR,C000031,2000,20,02,EUR
OR00001911,2022-09-18,OR,C000042,3000,10,02,GBP
OR00001912,2024-02-10,RE,C000061,1000,30,00,EUR
OR00001913,2024-11-05,OR,C000010,3000,30,01,GBP
OR00001914,2022-11-18,OR,C000010,3000,20,01,GBP
OR00001915,2023-01-28,ZOR,C000050,1000,30,02,USD
OR00001916,2023-09-01,ZOR,C000045,2000,20,00,GBP
OR00001917,2024-02-23,OR,C000026,3000,10,01,EUR
OR00001918,2023-05-21,ZOR,C000017,3000,30,00,EUR
OR00001919,2022-12-09,RE,C000044,1000,30,02,USD
OR00001920,2022-12-28,RE,C000061,3000,30,02,EUR
OR00001921,2023-08-09,OR,C000029,3000,30,00,USD
OR00001922,2021-03-06,OR,C000077,1000,30,01,EUR
OR00001923,2023-06-10,ZOR,C000076,1000,10,02,GBP
OR00001924,2022-11-06,OR,C000051,2000,10,01,GBP
OR00001925,2023-11-08,RE,C000014,1000,10,02,EUR
OR00001926,2021-12-11,ZOR,C000061,2000,20,01,GBP
OR00001927,2023-05-18,OR,C000068,2000,20,02,EUR
OR00001928,2023-02-24,RE,C000051,2000,20,02,GBP
OR00001929,2023-06-27,RE,C000067,1000,10,00,GBP
OR00001930,2021-10-16,OR,C000059,2000,20,01,USD
OR00001931,2023-05-12,OR,C000003,2000,30,00,EUR
OR00001932,2023-04-28,OR,C000073,3000,20,00,EUR
OR00001933,2023-04-27,ZOR,C000056,3000,20,02,GBP
OR00001934,2023-05-29,ZOR,C000003,2000,30,00,EUR
OR00001935,2023-07-24,RE,C000070,1000,20,00,GBP
OR00001936,2023-11-19,OR,C000012,2000,30,01,USD
OR00001937,2022-08-11,RE,C000035,3000,10,02,GBP
OR00001938,2023-12-10,ZOR,C000027,3000,10,02,GBP
OR00001939,2023-03-10,OR,C000010,1000,30,01,USD
OR00001940,2021-11-10,OR,C000020,1000,10,01,GBP
OR00001941,2021-10-01,ZOR,C000071,2000,10,00,USD
OR00001942,2022-10-16,RE,C000052,3000,10,00,GBP
OR00001943,2023-10-29,ZOR,C000060,1000,10,01,EUR
OR00001944,2023-08-19,OR,C000056,1000,20,02,USD
OR00001945,2023-11-02,ZOR,C000002,3000,30,00,USD
OR00001946,2023-03-25,OR,C000029,2000,20,02,EUR
OR00001947,2023-01-21,RE,C000069,1000,30,00,USD
OR00001948,2022-03-11,OR,C000062,3000,10,01,GBP
OR00001949,2022-10-10,OR,C000008,2000,20,01,USD
OR00001950,2023-01-16,OR,C000072,3000,20,01,EUR
OR00001951,2021-12-03,OR,C000018,3000,10,00,GBP
OR00001952,2022-06-16,OR,C000050,1000,30,02,USD
OR00001953,2023-05-25,ZOR,C000035,2000,30,01,GBP
OR00001954,2023-09-13,ZOR,C000043,3000,20,01,EUR
OR00001955,2024-11-23,OR,C000027,2000,30,01,USD
OR00001956,2024-05-06,RE,C000068,2000,10,01,GBP
OR00001957,2023-06-27,ZOR,C000078,2000,20,02,EUR
OR00001958,2023-01-05,OR,C000052,2000,10,01,USD
OR00001959,2023-06-23,RE,C000015,1000,10,01,EUR
OR00001960,2023-10-30,OR,C000024,2000,20,00,EUR
OR00001961,2022-01-25,ZOR,C000074,3000,20,01,GBP
OR00001962,2022-12-26,RE,C000035,3000,10,01,GBP
OR00001963,2023-12-27,ZOR,C000041,2000,30,00,GBP
OR00001964,2022-12-02,RE,C000034,1000,10,00,GBP
OR00001965,2023-05-06,RE,C000062,3000,20,00,EUR
OR00001966,2023-05-18,RE,C000049,2000,10,02,EUR
OR00001967,2022-05-01,ZOR,C000014,1000,10,02,USD
OR00001968,2022-11-12,OR,C000024,3000,30,02,EUR
OR00001969,2022-10-17,OR,C000019,2000,30,01,EUR
OR00001970,2021-07-03,RE,C000022,2000,30,02,GBP
OR00001971,2021-06-25,OR,C000077,2000,20,01,USD
OR00001972,2023-12-18,RE,C000071,3000,20,01,GBP
OR00001973,2022-08-14,ZOR,C000051,2000,10,00,USD
OR00001974,2023-03-26,RE,C000049,2000,10,02,USD
OR00001975,2022-09-11,ZOR,C000036,2000,30,02,EUR
OR00001976,2024-05-20,OR,C000042,2000,20,02,GBP
OR00001977,2022-07-30,RE,C000021,3000,10,02,EUR
OR00001978,2023-01-12,OR,C000017,2000,30,02,EUR
OR00001979,2024-02-05,ZOR,C000019,1000,10,01,EUR
OR00001980,2023-12-29,RE,C000058,1000,30,01,EUR
OR00001981,2022-05-03,OR,C000007,3000,30,00,USD
OR00001982,2023-11-16,OR,C000021,3000,10,01,EUR
OR00001983,2023-02-05,RE,C000026,3000,10,00,USD
OR00001984,2023-02-25,OR,C000025,3000,10,00,EUR
OR00001985,2022-02-18,OR,C000060,2000,20,00,EUR
OR00001986,2021-11-18,ZOR,C000040,2000,10,00,EUR
OR00001987,2023-09-06,RE,C000045,1000,10,00,GBP
OR00001988,2023-03-08,OR,C000078,2000,30,02,EUR
OR00001989,2023-01-18,ZOR,C000039,2000,10,00,GBP
OR00001990,2023-09-07,ZOR,C000020,2000,30,01,EUR
OR00001991,2023-10-10,OR,C000055,3000,20,00,GBP
OR00001992,2022-03-27,RE,C000031,2000,10,02,USD
OR00001993,2023-06-03,OR,C000076,3000,30,00,EUR
OR00001994,2022-02-21,OR,C000065,2000,30,00,EUR
OR00001995,2023-09-27,ZOR,C000050,3000,10,01,GBP
OR00001996,2023-07-09,ZOR,C000066,2000,30,01,USD
OR00001997,2024-06-21,RE,C000075,2000,30,01,GBP
OR00001998,2021-10-24,ZOR,C000018,2000,30,02,USD
OR00001999,2021-09-28,ZOR,C000074,1000,20,02,GBP
OR00002000,2022-08-24,OR,C000001,1000,10,00,EUR
OR00002001,2022-08-02,RE,C000022,2000,10,00,EUR
OR00002002,2022-07-17,OR,C000003,2000,30,00,GBP
OR00002003,2024-03-23,OR,C000065,3000,10,02,EUR
OR00002004,2022-07-19,ZOR,C000051,2000,10,01,GBP
OR00002005,2022-08-13,ZOR,C000023,1000,10,01,EUR
OR00002006,2023-10-05,ZOR,C000043,1000,30,02,EUR
OR00002007,2023-01-29,OR,C000059,3000,20,01,USD
OR00002008,2023-10-21,ZOR,C000057,2000,30,00,USD
OR00002009,2021-10-17,ZOR,C000017,3000,20,02,EUR
OR00002010,2023-03-01,OR,C000044,3000,10,02,GBP
OR00002011,2021-07-27,OR,C000066,1000,30,02,GBP
OR00002012,2021-10-11,RE,C000053,3000,20,02,USD
OR00002013,2024-03-23,ZOR,C000029,3000,10,01,EUR
OR00002014,2022-02-27,OR,C000077,2000,20,02,GBP
OR00002015,2023-04-06,ZOR,C000071,3000,10,02,GBP
OR00002016,2022-12-27,ZOR,C000008,1000,10,00,GBP
OR00002017,2022-10-29,OR,C000040,2000,20,00,EUR
OR00002018,2024-03-13,OR,C000052,3000,30,00,GBP
OR00002019,2021-06-17,RE,C000023,1000,10,00,GBP
OR00002020,2023-07-14,OR,C000074,3000,30,01,USD
OR00002021,2024-07-07,RE,C000032,3000,20,02,EUR
OR00002022,2023-04-27,RE,C000025,1000,30,00,EUR
OR00002023,2024-05-12,OR,C000032,1000,20,00,EUR
OR00002024,2021-09-16,RE,C000064,1000,30,02,GBP
OR00002025,2023-01-02,OR,C000065,1000,30,00,USD
OR00002026,2022-07-31,RE,C000062,2000,10,02,GBP
OR00002027,2023-09-08,ZOR,C000015,1000,10,00,EUR
OR00002028,2024-08-26,OR,C000009,2000,20,01,GBP
OR00002029,2022-07-27,RE,C000007,2000,30,02,EUR
OR00002030,2023-07-06,RE,C000052,3000,10,02,USD
OR00002031,2022-05-19,RE,C000075,2000,20,01,GBP
OR00002032,2023-05-01,OR,C000053,3000,10,00,GBP
OR00002033,2023-02-10,ZOR,C000051,1000,30,02,EUR
OR00002034,2024-07-29,OR,C000070,2000,30,02,USD
OR00002035,2023-06-02,OR,C000052,1000,10,02,USD
OR00002036,2022-10-31,ZOR,C000069,2000,30,00,EUR
OR00002037,2022-01-17,ZOR,C000003,2000,10,00,EUR
OR00002038,2022-03-16,RE,C000066,2000,20,02,USD
OR00002039,2022-06-21,OR,C000005,1000,30,02,USD
OR00002040,2022-07-21,RE,C000020,2000,10,00,GBP
OR00002041,2024-01-09,RE,C000054,3000,10,00,EUR
OR00002042,2023-04-28,RE,C000034,2000,10,02,GBP
OR00002043,2023-03-30,RE,C000054,2000,30,02,EUR
OR00002044,2022-01-19,OR,C000059,3000,10,02,EUR
OR00002045,2024-01-20,OR,C000056,2000,30,01,USD
OR00002046,2023-09-01,RE,C000073,1000,20,02,USD
OR00002047,2021-10-22,ZOR,C000018,2000,30,00,USD
OR00002048,2023-08-19,OR,C000036,1000,30,01,USD
OR00002049,2023-04-14,RE,C000063,2000,10,00,GBP
OR00002050,2021-11-20,RE,C000077,2000,10,02,GBP
OR00002051,2023-02-05,OR,C000003,2000,30,02,EUR
OR00002052,2023-02-27,ZOR,C000028,1000,10,00,GBP
OR00002053,2022-04-06,RE,C000073,1000,20,00,EUR
OR00002054,2024-05-29,ZOR,C000077,2000,10,01,USD
OR00002055,2024-01-08,OR,C000070,2000,30,02,USD
OR00002056,2023-07-18,OR,C000015,1000,20,02,GBP
OR00002057,2023-02-08,OR,C000059,2000,30,02,USD
OR00002058,2022-12-27,ZOR,C000031,1000,30,02,EUR
OR00002059,2023-07-04,ZOR,C000077,1000,20,02,USD
OR00002060,2023-04-16,ZOR,C000059,3000,20,00,GBP
OR00002061,2021-10-10,OR,C000026,2000,20,00,EUR
OR00002062,2023-03-21,ZOR,C000064,3000,30,01,USD
OR00002063,2023-11-20,RE,C000059,3000,20,02,GBP
OR00002064,2023-02-06,OR,C000032,1000,10,01,GBP
OR00002065,2021-09-15,OR,C000076,2000,30,02,GBP
OR00002066,2023-10-31,RE,C000025,1000,10,02,EUR
OR00002067,2022-05-23,ZOR,C000080,3000,30,00,EUR
OR00002068,2022-07-30,ZOR,C000057,1000,30,01,GBP
OR00002069,2022-04-04,RE,C000034,2000,30,02,GBP
OR00002070,2022-10-12,RE,C000036,2000,30,01,GBP
OR00002071,2023-10-02,OR,C000064,3000,20,00,GBP
OR00002072,2023-03-27,OR,C000019,2000,10,00,EUR
OR00002073,2022-05-27,ZOR,C000018,1000,10,02,EUR
OR00002074,2024-02-12,RE,C000050,1000,30,00,GBP
OR00002075,2024-02-14,OR,C000051,2000,10,02,GBP
OR00002076,2024-02-02,ZOR,C000053,1000,20,00,GBP
OR00002077,2022-07-07,OR,C000043,1000,10,00,EUR
OR00002078,2023-01-30,ZOR,C000069,2000,10,00,USD
OR00002079,2024-09-08,OR,C000043,2000,10,01,GBP
OR00002080,2023-10-17,OR,C000055,1000,20,01,USD
OR00002081,2021-07-06,RE,C000014,3000,10,00,GBP
OR00002082,2021-10-16,OR,C000077,3000,10,02,USD
OR00002083,2023-02-10,RE,C000071,3000,10,01,EUR
OR00002084,2024-03-27,ZOR,C000009,3000,20,02,EUR
OR00002085,2023-04-11,RE,C000080,2000,30,02,GBP
OR00002086,2023-03-09,ZOR,C000064,2000,20,01,GBP
OR00002087,2022-01-03,OR,C000008,3000,30,02,EUR
OR00002088,2023-07-09,ZOR,C000071,2000,10,00,EUR
OR00002089,2023-12-07,ZOR,C000063,3000,20,00,GBP
OR00002090,2022-11-29,ZOR,C000067,2000,30,01,USD
OR00002091,2023-10-20,ZOR,C000018,3000,10,00,USD
OR00002092,2024-07-09,ZOR,C000011,1000,30,01,EUR
OR00002093,2022-05-26,OR,C000035,2000,30,00,EUR
OR00002094,2023-03-30,RE,C000024,3000,10,02,EUR
OR00002095,2022-08-30,RE,C000032,1000,20,00,USD
OR00002096,2023-11-06,ZOR,C000059,2000,20,02,EUR
OR00002097,2023-05-10,OR,C000024,2000,30,01,EUR
OR00002098,2023-06-21,RE,C000069,3000,20,00,USD
OR00002099,2023-11-11,RE,C000076,2000,10,00,GBP
OR00002100,2022-12-13,ZOR,C000061,2000,30,01,GBP
OR00002101,2024-04-05,OR,C000057,3000,20,02,USD
OR00002102,2023-04-06,RE,C000018,1000,30,02,EUR
OR00002103,2022-03-26,OR,C000003,3000,20,00,GBP
OR00002104,2023-08-09,RE,C000046,2000,10,01,USD
OR00002105,2023-11-07,OR,C000067,2000,10,01,USD
OR00002106,2022-09-29,RE,C000050,2000,20,00,USD
OR00002107,2024-01-17,ZOR,C000033,2000,10,02,GBP
OR00002108,2024-03-23,ZOR,C000053,3000,20,01,USD
OR00002109,2022-08-19,ZOR,C000048,3000,30,00,GBP
OR00002110,2024-09-03,ZOR,C000019,3000,20,02,GBP
OR00002111,2022-03-01,OR,C000024,2000,30,02,GBP
OR00002112,2022-05-24,RE,C000075,2000,10,02,GBP
OR00002113,2022-05-01,ZOR,C000058,3000,30,02,USD
OR00002114,2024-03-05,ZOR,C000021,3000,30,02,EUR
OR00002115,2023-07-07,RE,C000002,1000,30,00,USD
OR00002116,2022-03-18,OR,C000034,1000,10,00,EUR
OR00002117,2023-01-21,ZOR,C000011,3000,20,01,GBP
OR00002118,2023-06-07,RE,C000025,1000,10,02,GBP
OR00002119,2021-11-23,RE,C000045,2000,20,01,USD
OR00002120,2024-02-18,OR,C000068,3000,20,01,EUR
OR00002121,2023-11-17,ZOR,C000033,1000,30,00,EUR
OR00002122,2023-03-15,OR,C000022,3000,10,01,USD
OR00002123,2024-07-16,RE,C000022,2000,10,01,GBP
OR00002124,2023-01-01,OR,C000073,3000,10,01,EUR
OR00002125,2024-09-05,ZOR,C000068,3000,20,01,GBP
OR00002126,2023-07-17,ZOR,C000024,2000,20,01,EUR
OR00002127,2023-06-21,ZOR,C000043,3000,30,02,USD
OR00002128,2022-04-06,OR,C000015,2000,20,02,EUR
OR00002129,2024-02-17,ZOR,C000032,2000,10,00,EUR
OR00002130,2023-01-10,ZOR,C000016,1000,30,01,GBP
OR00002131,2022-04-01,RE,C000073,2000,20,00,USD
OR00002132,2021-05-07,ZOR,C000024,2000,10,01,GBP
OR00002133,2023-04-27,ZOR,C000016,2000,20,00,GBP
OR00002134,2023-04-02,RE,C000051,3000,20,00,EUR
OR00002135,2023-08-29,ZOR,C000053,2000,10,00,USD
OR00002136,2024-02-29,RE,C000024,2000,10,01,GBP
OR00002137,2021-11-15,OR,C000025,3000,20,02,USD
OR00002138,2023-09-09,OR,C000055,2000,20,00,USD
OR00002139,2022-05-05,OR,C000038,2000,30,02,GBP
OR00002140,2024-01-18,OR,C000068,1000,20,01,GBP
OR00002141,2023-12-04,OR,C000075,2000,20,00,GBP
OR00002142,2023-04-12,ZOR,C000047,1000,10,02,EUR
OR00002143,2023-08-21,ZOR,C000006,3000,20,00,GBP
OR00002144,2022-09-27,ZOR,C000080,2000,30,01,GBP
OR00002145,2023-02-16,OR,C000038,1000,20,01,EUR
OR00002146,2023-12-07,RE,C000009,3000,10,01,EUR
OR00002147,2023-02-06,RE,C000039,3000,20,00,GBP
OR00002148,2022-11-08,OR,C000049,3000,10,02,USD
OR00002149,2023-03-07,RE,C000052,2000,20,00,USD
OR00002150,2023-12-14,ZOR,C000012,1000,20,00,EUR
OR00002151,2022-10-17,ZOR,C000034,1000,20,01,EUR
OR00002152,2022-04-17,RE,C000033,2000,20,00,USD
OR00002153,2023-08-23,RE,C000054,2000,20,02,GBP
OR00002154,2023-12-11,ZOR,C000001,3000,10,00,EUR
OR00002155,2021-12-25,RE,C000012,2000,10,02,EUR
OR00002156,2022-07-08,RE,C000066,3000,10,02,USD
OR00002157,2022-03-03,ZOR,C000017,3000,20,01,EUR
OR00002158,2022-10-30,ZOR,C000026,2000,30,01,USD
OR00002159,2023-01-29,ZOR,C000014,3000,10,01,USD
OR00002160,2023-09-25,OR,C000070,1000,20,00,GBP
OR00002161,2023-07-04,OR,C000025,2000,20,02,USD
OR00002162,2023-06-11,OR,C000051,2000,30,00,USD
OR00002163,2022-11-03,ZOR,C000044,1000,10,00,GBP
OR00002164,2023-12-29,RE,C000024,2000,20,01,USD
OR00002165,2023-02-16,OR,C000061,3000,30,01,USD
OR00002166,2024-08-19,ZOR,C000023,2000,30,01,GBP
OR00002167,2023-06-21,RE,C000076,3000,20,01,EUR
OR00002168,2022-02-06,RE,C000052,3000,10,01,EUR
OR00002169,2023-07-24,OR,C000015,1000,30,00,USD
OR00002170,2022-10-07,RE,C000012,1000,10,01,USD
OR00002171,2023-08-01,OR,C000007,1000,20,02,EUR
OR00002172,2021-10-26,OR,C000014,2000,10,02,EUR
OR00002173,2022-04-18,OR,C000006,3000,30,02,GBP
OR00002174,2024-01-15,ZOR,C000047,1000,20,01,USD
OR00002175,2022-06-24,ZOR,C000003,3000,10,00,EUR
OR00002176,2023-12-24,ZOR,C000051,3000,20,02,GBP
OR00002177,2022-08-21,OR,C000014,1000,10,01,USD
OR00002178,2023-06-28,RE,C000034,1000,30,01,EUR
OR00002179,2023-08-08,OR,C000004,1000,30,00,USD
OR00002180,2023-03-21,ZOR,C000067,1000,10,00,EUR
OR00002181,2022-09-17,OR,C000038,2000,20,00,EUR
OR00002182,2022-06-06,OR,C000036,1000,10,00,GBP
OR00002183,2021-07-26,OR,C000041,2000,20,01,EUR
OR00002184,2022-09-16,RE,C000014,3000,20,02,EUR
OR00002185,2023-07-06,OR,C000058,1000,30,02,USD
OR00002186,2024-05-15,ZOR,C000037,2000,10,00,EUR
OR00002187,2024-02-03,OR,C000020,1000,30,02,EUR
OR00002188,2023-10-11,OR,C000022,2000,30,02,EUR
OR00002189,2023-11-02,ZOR,C000068,3000,10,01,EUR
OR00002190,2023-07-15,ZOR,C000037,3000,10,00,GBP
OR00002191,2022-07-31,ZOR,C000020,3000,20,02,USD
OR00002192,2024-03-24,ZOR,C000067,1000,20,00,GBP
OR00002193,2023-07-20,ZOR,C000002,1000,10,01,GBP
OR00002194,2023-04-27,RE,C000007,1000,30,01,USD
OR00002195,2022-01-12,RE,C000064,3000,10,01,EUR
OR00002196,2023-01-27,OR,C000017,1000,10,01,USD
OR00002197,2023-02-07,OR,C000061,2000,30,00,USD
OR00002198,2024-01-26,OR,C000072,3000,20,02,EUR
OR00002199,2023-04-17,OR,C000032,3000,20,02,EUR
OR00002200,2022-11-29,RE,C000018,1000,30,00,GBP
OR00002201,2024-08-12,OR,C000070,2000,30,01,GBP
OR00002202,2022-01-12,RE,C000042,1000,10,01,GBP
OR00002203,2023-01-06,RE,C000073,2000,10,00,GBP
OR00002204,2021-08-20,ZOR,C000028,1000,20,01,EUR
OR00002205,2023-09-17,RE,C000025,1000,10,01,EUR
OR00002206,2024-04-10,OR,C000004,3000,30,00,USD
OR00002207,2022-08-22,OR,C000013,2000,20,02,EUR
OR00002208,2024-01-18,OR,C000055,3000,30,02,USD
OR00002209,2022-09-04,RE,C000030,3000,20,00,GBP
OR00002210,2024-03-30,ZOR,C000070,2000,20,01,GBP
OR00002211,2023-09-29,OR,C000073,1000,30,01,GBP
OR00002212,2023-11-19,RE,C000046,2000,10,00,USD
OR00002213,2021-06-01,RE,C000046,2000,20,02,USD
OR00002214,2024-07-05,ZOR,C000061,3000,10,00,GBP
OR00002215,2023-09-05,RE,C000046,3000,20,00,GBP
OR00002216,2022-09-17,OR,C000014,2000,10,01,EUR
OR00002217,2023-12-15,OR,C000050,3000,10,02,USD
OR00002218,2022-08-24,ZOR,C000066,2000,20,02,EUR
OR00002219,2024-02-05,RE,C000017,3000,30,01,EUR
OR00002220,2022-01-15,ZOR,C000068,1000,10,02,GBP
OR00002221,2023-08-16,RE,C000062,3000,30,01,EUR
OR00002222,2023-04-12,ZOR,C000040,2000,20,01,GBP
OR00002223,2021-12-18,OR,C000041,1000,30,01,GBP
OR00002224,2022-07-11,ZOR,C000011,2000,20,02,EUR
OR00002225,2021-05-06,ZOR,C000042,2000,30,00,EUR
OR00002226,2023-02-14,RE,C000024,2000,10,02,EUR
OR00002227,2022-09-13,RE,C000061,2000,30,02,GBP
OR00002228,2023-05-25,OR,C000034,3000,30,01,USD
OR00002229,2022-09-09,ZOR,C000014,3000,10,02,USD
OR00002230,2022-09-12,ZOR,C000027,3000,10,00,GBP
OR00002231,2023-09-20,ZOR,C000019,2000,10,00,EUR
OR00002232,2021-09-06,RE,C000016,2000,20,01,USD
OR00002233,2024-03-18,RE,C000013,1000,10,00,USD
OR00002234,2024-01-11,OR,C000075,1000,30,01,USD
OR00002235,2023-07-17,ZOR,C000062,3000,30,02,EUR
OR00002236,2023-05-22,RE,C000061,1000,20,02,USD
OR00002237,2024-03-02,OR,C000046,2000,20,02,GBP
OR00002238,2022-05-02,OR,C000063,3000,30,02,GBP
OR00002239,2021-11-14,RE,C000049,2000,30,01,EUR
OR00002240,2022-07-08,OR,C000002,3000,10,00,GBP
OR00002241,2023-11-08,RE,C000027,1000,10,00,GBP
OR00002242,2021-07-30,ZOR,C000012,2000,10,01,USD
OR00002243,2023-05-14,OR,C000028,1000,30,01,GBP
OR00002244,2024-10-29,ZOR,C000073,1000,10,02,GBP
OR00002245,2024-01-15,OR,C000052,3000,20,00,EUR
OR00002246,2023-03-28,ZOR,C000005,1000,10,01,GBP
OR00002247,2021-10-13,RE,C000077,2000,20,01,GBP
OR00002248,2023-12-17,OR,C000065,3000,20,01,EUR
OR00002249,2023-05-26,RE,C000039,1000,20,00,EUR
OR00002250,2022-01-19,OR,C000046,3000,10,01,EUR
OR00002251,2021-12-13,OR,C000009,1000,20,02,GBP
OR00002252,2024-03-28,OR,C000057,2000,30,00,EUR
OR00002253,2023-07-18,RE,C000053,1000,20,01,USD
OR00002254,2023-12-15,OR,C000059,3000,30,01,EUR
OR00002255,2024-02-13,ZOR,C000047,3000,10,00,EUR
OR00002256,2023-05-06,RE,C000012,1000,20,01,USD
OR00002257,2023-03-25,ZOR,C000020,3000,10,00,EUR
OR00002258,2023-01-12,ZOR,C000041,2000,20,00,EUR
OR00002259,2022-09-29,ZOR,C000023,2000,10,02,USD
OR00002260,2023-01-16,ZOR,C000056,3000,20,02,EUR
OR00002261,2023-10-18,RE,C000001,3000,30,01,USD
OR00002262,2023-05-28,ZOR,C000021,2000,20,00,USD
OR00002263,2024-03-03,ZOR,C000080,2000,20,01,EUR
OR00002264,2023-01-24,OR,C000065,2000,10,01,EUR
OR00002265,2023-06-01,ZOR,C000015,1000,20,01,USD
OR00002266,2023-06-19,OR,C000002,1000,30,02,GBP
OR00002267,2023-05-20,OR,C000012,1000,10,02,USD
OR00002268,2023-08-15,RE,C000058,2000,30,00,USD
OR00002269,2022-07-06,OR,C000057,2000,10,00,EUR
OR00002270,2023-03-21,ZOR,C000025,1000,20,01,GBP
OR00002271,2022-01-01,RE,C000048,3000,20,00,EUR
OR00002272,2022-12-03,ZOR,C000014,1000,10,01,USD
OR00002273,2023-03-01,ZOR,C000055,2000,10,01,GBP
OR00002274,2023-07-05,OR,C000027,3000,10,02,GBP
OR00002275,2024-06-08,RE,C000047,3000,20,00,USD
OR00002276,2023-05-27,ZOR,C000025,3000,30,00,GBP
OR00002277,2023-09-20,RE,C000049,3000,30,00,USD
OR00002278,2023-03-16,OR,C000078,1000,10,00,GBP
OR00002279,2023-06-21,RE,C000034,2000,30,02,USD
OR00002280,2021-10-29,ZOR,C000065,3000,20,02,GBP
OR00002281,2022-07-25,RE,C000017,3000,30,01,USD
OR00002282,2022-11-12,ZOR,C000062,1000,20,01,GBP
OR00002283,2023-02-17,RE,C000002,2000,30,01,EUR
OR00002284,2021-08-30,RE,C000018,3000,30,01,GBP
OR00002285,2022-02-28,OR,C000060,3000,20,01,GBP
OR00002286,2022-08-19,OR,C000031,1000,30,02,GBP
OR00002287,2024-07-28,RE,C000026,1000,30,01,GBP
OR00002288,2022-10-13,ZOR,C000053,3000,10,02,EUR
OR00002289,2023-02-25,RE,C000001,1000,20,01,EUR
OR00002290,2022-05-16,OR,C000001,3000,10,01,GBP
OR00002291,2023-06-03,RE,C000012,2000,10,02,USD
OR00002292,2022-08-23,ZOR,C000046,1000,20,01,EUR
OR00002293,2022-05-30,RE,C000041,1000,10,01,GBP
OR00002294,2023-03-24,OR,C000030,2000,20,02,USD
OR00002295,2021-03-25,ZOR,C000059,3000,20,00,USD
OR00002296,2021-04-10,ZOR,C000038,1000,20,02,GBP
OR00002297,2022-06-14,RE,C000038,3000,10,02,GBP
OR00002298,2021-08-05,ZOR,C000007,3000,30,00,USD
OR00002299,2022-01-07,ZOR,C000037,2000,10,02,EUR
OR00002300,2022-10-21,RE,C000010,2000,30,02,EUR
OR00002301,2023-11-16,RE,C000016,1000,10,02,USD
OR00002302,2023-05-06,ZOR,C000041,2000,30,02,GBP
OR00002303,2023-03-21,ZOR,C000052,3000,10,00,EUR
OR00002304,2022-09-05,RE,C000043,3000,10,02,GBP
OR00002305,2024-05-03,ZOR,C000013,1000,20,02,GBP
OR00002306,2022-12-14,OR,C000074,3000,10,02,EUR
OR00002307,2021-11-30,OR,C000067,1000,20,00,GBP
OR00002308,2023-06-08,ZOR,C000028,3000,10,00,GBP
OR00002309,2022-01-17,OR,C000069,3000,10,01,EUR
OR00002310,2022-10-27,RE,C000001,1000,20,01,GBP
OR00002311,2023-03-17,OR,C000068,3000,20,00,EUR
OR00002312,2024-02-07,OR,C000004,3000,30,01,EUR
OR00002313,2023-03-06,RE,C000052,2000,10,00,GBP
OR00002314,2023-08-15,RE,C000051,2000,10,02,USD
OR00002315,2024-10-13,OR,C000003,2000,20,00,EUR
OR00002316,2022-02-15,RE,C000054,1000,10,02,GBP
OR00002317,2022-08-16,ZOR,C000057,3000,10,00,GBP
OR00002318,2022-12-12,RE,C000003,2000,30,02,EUR
OR00002319,2023-01-05,RE,C000002,3000,20,00,EUR
OR00002320,2022-12-27,RE,C000049,3000,10,01,USD
OR00002321,2024-03-25,ZOR,C000008,3000,30,00,GBP
OR00002322,2023-08-25,RE,C000047,3000,10,02,USD
OR00002323,2023-06-01,RE,C000064,1000,30,02,USD
OR00002324,2022-09-22,OR,C000038,2000,30,01,GBP
OR00002325,2023-12-09,RE,C000063,2000,30,01,USD
OR00002326,2024-06-18,ZOR,C000060,3000,10,02,EUR
OR00002327,2023-12-06,ZOR,C000019,3000,20,00,GBP
OR00002328,2021-02-14,OR,C000067,1000,20,02,EUR
OR00002329,2023-06-23,OR,C000079,1000,20,01,USD
OR00002330,2021-09-13,OR,C000063,2000,10,00,EUR
OR00002331,2022-07-28,RE,C000067,1000,30,00,GBP
OR00002332,2021-10-03,OR,C000048,1000,20,00,USD
OR00002333,2023-05-29,RE,C000043,1000,30,02,GBP
OR00002334,2023-08-02,ZOR,C000079,2000,30,02,EUR
OR00002335,2022-01-18,RE,C000020,3000,10,01,EUR
OR00002336,2022-12-02,ZOR,C000078,2000,10,00,EUR
OR00002337,2023-02-03,OR,C000064,1000,20,02,USD
OR00002338,2022-11-19,RE,C000023,1000,30,02,EUR
OR00002339,2022-01-29,ZOR,C000059,3000,30,00,USD
OR00002340,2023-01-02,OR,C000064,3000,10,00,GBP
OR00002341,2023-09-27,RE,C000031,2000,30,01,EUR
OR00002342,2021-10-29,ZOR,C000080,2000,10,00,USD
OR00002343,2021-11-17,ZOR,C000018,3000,30,02,USD
OR00002344,2022-11-05,ZOR,C000028,1000,20,01,USD
OR00002345,2024-05-22,RE,C000020,3000,10,00,USD
OR00002346,2023-07-18,OR,C000063,3000,30,01,EUR
OR00002347,2023-07-26,OR,C000045,1000,20,00,USD
OR00002348,2022-11-12,ZOR,C000076,1000,10,02,USD
OR00002349,2023-05-22,OR,C000062,1000,30,00,GBP
OR00002350,2021-04-24,ZOR,C000016,2000,10,00,USD
OR00002351,2023-06-22,RE,C000045,3000,30,02,USD
OR00002352,2024-04-03,RE,C000021,3000,30,02,EUR
OR00002353,2023-06-05,OR,C000072,1000,10,01,GBP
OR00002354,2024-02-06,OR,C000038,1000,20,01,GBP
OR00002355,2023-09-02,RE,C000018,1000,30,01,USD
OR00002356,2022-01-28,OR,C000008,1000,10,01,USD
OR00002357,2024-03-17,ZOR,C000005,1000,20,02,USD
OR00002358,2021-10-19,RE,C000075,3000,20,01,USD
OR00002359,2023-04-07,ZOR,C000049,1000,30,01,EUR
OR00002360,2022-03-03,RE,C000032,3000,10,01,EUR
OR00002361,2021-05-03,RE,C000002,2000,30,01,USD
OR00002362,2023-01-05,OR,C000073,2000,10,02,USD
OR00002363,2022-09-07,OR,C000002,1000,10,02,GBP
OR00002364,2023-02-28,ZOR,C000013,1000,30,01,EUR
OR00002365,2023-05-10,RE,C000015,2000,20,01,EUR
OR00002366,2021-08-25,OR,C000025,3000,30,00,EUR
OR00002367,2022-02-01,RE,C000005,3000,10,02,USD
OR00002368,2023-04-26,RE,C000016,3000,10,01,USD
OR00002369,2022-10-25,OR,C000004,2000,20,02,EUR
OR00002370,2023-09-07,ZOR,C000009,3000,30,01,GBP
OR00002371,2023-07-05,ZOR,C000071,3000,30,00,EUR
OR00002372,2024-01-03,OR,C000072,2000,10,01,USD
OR00002373,2023-08-06,RE,C000020,1000,30,02,USD
OR00002374,2023-01-12,RE,C000062,3000,20,02,USD
OR00002375,2023-07-21,OR,C000047,3000,30,00,EUR
OR00002376,2022-08-17,RE,C000010,2000,20,00,USD
OR00002377,2022-09-18,RE,C000079,3000,30,01,GBP
OR00002378,2023-11-02,OR,C000074,3000,20,00,EUR
OR00002379,2023-01-26,OR,C000021,3000,20,01,GBP
OR00002380,2023-11-12,RE,C000011,1000,10,02,USD
OR00002381,2023-12-07,OR,C000009,1000,20,01,EUR
OR00002382,2024-01-17,ZOR,C000009,3000,30,02,USD
OR00002383,2024-04-08,ZOR,C000046,2000,20,01,GBP
OR00002384,2023-01-13,OR,C000005,2000,20,01,USD
OR00002385,2022-10-01,RE,C000051,1000,10,01,GBP
OR00002386,2023-05-13,ZOR,C000002,1000,30,02,EUR
OR00002387,2022-11-20,OR,C000011,3000,20,00,USD
OR00002388,2023-05-27,ZOR,C000001,1000,20,01,EUR
OR00002389,2023-08-17,RE,C000053,2000,10,00,EUR
OR00002390,2023-08-03,ZOR,C000047,1000,20,02,USD
OR00002391,2022-11-24,ZOR,C000066,3000,30,00,EUR
OR00002392,2022-04-07,ZOR,C000040,2000,20,00,USD
OR00002393,2023-01-13,RE,C000043,3000,30,00,USD
OR00002394,2022-03-04,ZOR,C000014,1000,10,01,EUR
OR00002395,2024-02-28,OR,C000075,1000,30,01,EUR
OR00002396,2022-10-28,RE,C000016,2000,20,01,EUR
OR00002397,2022-03-21,RE,C000079,2000,20,01,EUR
OR00002398,2021-06-30,ZOR,C000071,1000,20,01,USD
OR00002399,2023-06-30,ZOR,C000030,3000,30,02,GBP
OR00002400,2023-06-23,OR,C000062,3000,20,01,USD
OR00002401,2022-10-23,ZOR,C000042,3000,20,02,EUR
OR00002402,2021-10-30,RE,C000026,2000,10,01,GBP
OR00002403,2022-12-25,OR,C000014,3000,20,01,USD
OR00002404,2022-09-23,OR,C000068,2000,30,00,GBP
OR00002405,2023-07-25,ZOR,C000032,1000,20,02,EUR
OR00002406,2023-05-31,RE,C000066,1000,20,01,GBP
OR00002407,2022-11-14,OR,C000051,2000,30,02,USD
OR00002408,2022-06-12,ZOR,C000018,3000,20,01,GBP
OR00002409,2024-09-20,RE,C000007,3000,30,00,GBP
OR00002410,2023-02-02,OR,C000044,2000,30,02,EUR
OR00002411,2023-08-03,OR,C000059,1000,30,01,USD
OR00002412,2022-02-28,RE,C000014,3000,20,02,EUR
OR00002413,2023-02-28,ZOR,C000077,1000,30,00,GBP
OR00002414,2021-07-07,OR,C000025,1000,10,01,GBP
OR00002415,2023-03-16,RE,C000049,2000,30,01,EUR
OR00002416,2024-07-08,RE,C000068,3000,20,01,USD
OR00002417,2022-12-02,ZOR,C000076,2000,30,02,GBP
OR00002418,2021-08-12,RE,C000041,2000,10,00,USD
OR00002419,2021-07-18,OR,C000060,3000,10,02,EUR
OR00002420,2022-12-06,OR,C000074,3000,30,02,GBP
OR00002421,2022-03-29,RE,C000063,3000,30,00,GBP
OR00002422,2021-06-22,OR,C000004,1000,30,00,USD
OR00002423,2023-10-02,ZOR,C000023,1000,30,00,USD
OR00002424,2023-02-05,OR,C000061,2000,10,01,USD
OR00002425,2022-09-01,ZOR,C000014,1000,30,01,EUR
OR00002426,2024-03-14,ZOR,C000076,3000,10,00,GBP
OR00002427,2022-01-21,OR,C000037,1000,20,00,USD
OR00002428,2024-06-20,ZOR,C000079,3000,10,01,USD
OR00002429,2022-09-26,OR,C000012,2000,10,02,USD
OR00002430,2024-02-26,RE,C000071,3000,30,02,EUR
OR00002431,2023-05-29,OR,C000039,2000,20,02,EUR
OR00002432,2023-12-12,RE,C000062,2000,10,00,USD
OR00002433,2024-09-05,ZOR,C000044,2000,20,01,GBP
OR00002434,2022-08-31,RE,C000008,1000,20,02,USD
OR00002435,2024-07-01,RE,C000017,1000,20,00,GBP
OR00002436,2022-12-07,RE,C000025,3000,10,01,USD
OR00002437,2022-12-04,RE,C000057,1000,20,01,USD
OR00002438,2022-10-22,RE,C000018,1000,30,01,GBP
OR00002439,2023-04-13,OR,C000067,3000,30,01,EUR
OR00002440,2022-03-21,RE,C000015,1000,10,01,EUR
OR00002441,2023-04-22,ZOR,C000071,2000,30,01,USD
OR00002442,2023-04-13,ZOR,C000016,2000,10,01,GBP
OR00002443,2023-10-07,RE,C000050,1000,20,00,EUR
OR00002444,2023-12-20,OR,C000014,1000,30,02,GBP
OR00002445,2023-01-21,RE,C000029,3000,30,00,GBP
OR00002446,2022-09-14,ZOR,C000013,2000,10,00,EUR
OR00002447,2022-07-30,RE,C000022,1000,20,01,USD
OR00002448,2022-05-14,ZOR,C000054,1000,10,02,USD
OR00002449,2021-09-29,RE,C000068,1000,30,02,GBP
OR00002450,2022-10-24,ZOR,C000027,2000,30,01,USD
OR00002451,2022-08-11,OR,C000075,2000,10,02,USD
OR00002452,2024-07-14,ZOR,C000035,2000,30,00,USD
OR00002453,2023-04-25,RE,C000034,1000,30,02,GBP
OR00002454,2022-10-29,ZOR,C000072,1000,10,02,GBP
OR00002455,2023-05-12,ZOR,C000009,3000,20,02,GBP
OR00002456,2022-02-26,RE,C000010,1000,20,02,USD
OR00002457,2023-01-24,OR,C000045,2000,30,00,USD
OR00002458,2023-06-15,ZOR,C000011,2000,10,02,GBP
OR00002459,2023-03-02,RE,C000055,1000,10,00,EUR
OR00002460,2022-12-18,RE,C000024,3000,30,01,EUR
OR00002461,2024-10-19,OR,C000051,2000,30,01,EUR
OR00002462,2024-02-15,RE,C000021,2000,20,01,EUR
OR00002463,2023-06-13,ZOR,C000065,1000,10,02,USD
OR00002464,2023-05-04,RE,C000072,2000,20,01,EUR
OR00002465,2023-06-11,RE,C000068,2000,20,02,EUR
OR00002466,2022-05-23,RE,C000034,2000,20,00,USD
OR00002467,2022-12-12,OR,C000050,2000,10,01,GBP
OR00002468,2021-08-13,RE,C000021,3000,10,02,USD
OR00002469,2023-02-19,RE,C000049,2000,20,00,EUR
OR00002470,2023-04-14,ZOR,C000078,1000,20,00,GBP
OR00002471,2022-06-24,RE,C000050,2000,30,02,USD
OR00002472,2024-07-08,ZOR,C000009,1000,20,01,GBP
OR00002473,2024-03-28,RE,C000005,1000,20,00,USD
OR00002474,2023-09-01,OR,C000048,3000,10,01,EUR
OR00002475,2023-04-06,RE,C000018,1000,10,00,USD
OR00002476,2024-02-02,RE,C000027,2000,20,01,USD
OR00002477,2022-02-13,OR,C000065,2000,30,02,GBP
OR00002478,2023-11-04,OR,C000047,2000,10,00,USD
OR00002479,2022-02-04,RE,C000061,1000,10,01,USD
OR00002480,2023-11-08,OR,C000075,1000,20,02,EUR
OR00002481,2022-08-17,RE,C000043,2000,20,01,GBP
OR00002482,2024-02-11,OR,C000018,1000,20,00,USD
OR00002483,2024-05-26,OR,C000044,3000,10,01,GBP
OR00002484,2022-03-13,RE,C000035,1000,30,01,EUR
OR00002485,2023-02-09,OR,C000068,3000,30,02,USD
OR00002486,2024-08-25,RE,C000053,2000,30,02,GBP
OR00002487,2023-02-26,OR,C000001,3000,10,01,USD
OR00002488,2024-01-24,ZOR,C000054,3000,10,01,USD
OR00002489,2023-05-18,RE,C000039,1000,10,01,EUR
OR00002490,2022-11-24,OR,C000065,3000,10,00,EUR
OR00002491,2022-08-28,ZOR,C000006,2000,10,00,EUR
OR00002492,2022-05-25,ZOR,C000005,1000,30,02,GBP
OR00002493,2023-10-07,ZOR,C000027,3000,30,02,EUR
OR00002494,2022-12-05,ZOR,C000044,2000,30,01,USD
OR00002495,2023-03-20,ZOR,C000009,3000,20,02,EUR
OR00002496,2023-03-05,OR,C000023,3000,30,01,GBP
OR00002497,2023-05-10,OR,C000073,3000,20,02,EUR
OR00002498,2024-01-27,RE,C000018,1000,20,00,EUR
OR00002499,2024-08-24,OR,C000025,3000,10,01,GBP
OR00002500,2022-12-23,ZOR,C000008,3000,30,02,EUR
OR00002501,2023-12-13,OR,C000005,2000,20,02,USD
OR00002502,2023-10-09,OR,C000008,3000,10,02,USD
OR00002503,2023-05-07,OR,C000027,2000,20,00,USD
OR00002504,2024-06-20,ZOR,C000005,1000,20,01,EUR
OR00002505,2022-05-22,OR,C000043,3000,20,00,EUR
OR00002506,2022-01-09,OR,C000016,3000,20,00,GBP
OR00002507,2024-01-13,OR,C000005,2000,10,00,USD
OR00002508,2023-01-20,ZOR,C000042,1000,30,02,EUR
OR00002509,2024-01-04,OR,C000031,1000,30,00,GBP
OR00002510,2024-03-04,ZOR,C000022,3000,10,02,USD
OR00002511,2021-10-10,OR,C000039,1000,20,01,EUR
OR00002512,2024-02-19,OR,C000005,1000,30,02,GBP
OR00002513,2023-01-28,RE,C000059,1000,10,01,USD
OR00002514,2023-03-19,ZOR,C000025,2000,30,00,USD
OR00002515,2023-06-15,RE,C000076,1000,30,00,EUR
OR00002516,2024-04-24,ZOR,C000003,1000,10,00,GBP
OR00002517,2021-06-06,OR,C000071,2000,30,02,USD
OR00002518,2023-02-20,OR,C000017,2000,10,01,USD
OR00002519,2023-08-02,RE,C000053,2000,30,00,USD
OR00002520,2023-09-01,RE,C000048,3000,10,01,USD
OR00002521,2023-08-06,ZOR,C000057,2000,20,00,EUR
OR00002522,2022-02-19,RE,C000037,1000,20,00,GBP
OR00002523,2022-09-11,RE,C000027,1000,10,00,USD
OR00002524,2022-11-09,ZOR,C000074,2000,30,02,GBP
OR00002525,2023-11-18,RE,C000010,1000,10,02,USD
OR00002526,2022-08-21,ZOR,C000068,2000,30,02,EUR
OR00002527,2022-06-04,ZOR,C000072,1000,30,01,EUR
OR00002528,2024-06-23,RE,C000014,1000,30,01,USD
OR00002529,2021-04-17,OR,C000069,1000,20,01,GBP
OR00002530,2024-11-17,ZOR,C000015,2000,30,00,GBP
OR00002531,2023-07-25,RE,C000033,3000,20,02,EUR
OR00002532,2023-12-14,RE,C000038,2000,10,00,GBP
OR00002533,2022-09-06,OR,C000067,1000,20,00,GBP
OR00002534,2021-05-16,RE,C000035,1000,10,01,GBP
OR00002535,2023-09-15,OR,C000019,2000,20,00,GBP
OR00002536,2023-12-20,OR,C000043,2000,10,02,EUR
OR00002537,2023-09-17,RE,C000056,1000,30,01,GBP
OR00002538,2022-03-04,OR,C000064,1000,20,00,EUR
OR00002539,2023-09-29,RE,C000017,1000,30,02,EUR
OR00002540,2023-10-14,OR,C000056,3000,10,02,EUR
OR00002541,2023-07-10,RE,C000024,2000,20,00,EUR
OR00002542,2023-10-11,OR,C000050,2000,10,01,USD
OR00002543,2024-01-03,ZOR,C000031,2000,20,00,EUR
OR00002544,2023-06-06,RE,C000039,3000,20,02,GBP
OR00002545,2021-12-03,OR,C000023,2000,20,01,USD
OR00002546,2023-03-01,OR,C000044,2000,10,00,GBP
OR00002547,2021-11-12,ZOR,C000055,3000,30,02,EUR
OR00002548,2022-12-23,ZOR,C000067,2000,30,00,EUR
OR00002549,2022-12-23,ZOR,C000009,3000,10,00,USD
OR00002550,2021-10-18,ZOR,C000058,2000,20,02,EUR
OR00002551,2022-10-30,ZOR,C000038,2000,10,00,EUR
OR00002552,2022-01-12,RE,C000038,3000,30,01,GBP
OR00002553,2023-11-22,RE,C000051,3000,30,02,USD
OR00002554,2024-06-02,OR,C000025,3000,10,01,GBP
OR00002555,2021-11-01,OR,C000079,1000,10,02,USD
OR00002556,2024-06-18,OR,C000018,1000,10,00,GBP
OR00002557,2023-03-29,ZOR,C000080,2000,20,00,EUR
OR00002558,2022-09-11,ZOR,C000004,3000,30,01,EUR
OR00002559,2021-11-10,ZOR,C000028,1000,20,01,EUR
OR00002560,2023-03-12,RE,C000074,2000,30,02,USD
OR00002561,2023-11-08,RE,C000010,1000,10,00,EUR
OR00002562,2023-08-19,OR,C000078,1000,10,00,GBP
OR00002563,2021-09-11,RE,C000053,3000,20,01,EUR
OR00002564,2021-11-02,RE,C000005,2000,30,01,USD
OR00002565,2022-12-19,RE,C000031,3000,10,02,EUR
OR00002566,2022-09-07,RE,C000042,2000,20,02,USD
OR00002567,2022-06-30,OR,C000011,2000,30,02,EUR
OR00002568,2022-08-23,ZOR,C000036,1000,30,00,GBP
OR00002569,2023-11-17,OR,C000005,2000,30,01,EUR
OR00002570,2024-04-29,ZOR,C000002,3000,20,00,EUR
OR00002571,2022-12-21,ZOR,C000017,1000,30,01,USD
OR00002572,2024-03-23,RE,C000067,3000,10,00,USD
OR00002573,2022-10-04,ZOR,C000016,3000,20,01,EUR
OR00002574,2023-02-20,RE,C000041,3000,30,02,GBP
OR00002575,2022-06-22,RE,C000021,1000,20,02,USD
OR00002576,2023-06-26,ZOR,C000048,1000,30,01,GBP
OR00002577,2024-08-19,OR,C000073,3000,10,00,USD
OR00002578,2023-05-29,OR,C000034,2000,30,01,EUR
OR00002579,2022-11-08,OR,C000018,1000,10,00,USD
OR00002580,2023-07-02,RE,C000048,3000,10,02,USD
OR00002581,2022-02-01,ZOR,C000045,3000,20,01,GBP
OR00002582,2024-02-26,OR,C000019,3000,20,00,USD
OR00002583,2023-03-14,ZOR,C000040,3000,20,00,EUR
OR00002584,2023-01-29,OR,C000009,2000,20,02,EUR
OR00002585,2023-05-16,ZOR,C000002,2000,10,00,EUR
OR00002586,2023-06-14,RE,C000036,3000,20,01,USD
OR00002587,2021-10-30,ZOR,C000064,3000,20,01,USD
OR00002588,2023-07-29,ZOR,C000022,1000,20,02,USD
OR00002589,2022-07-11,ZOR,C000037,2000,30,02,EUR
OR00002590,2023-08-25,ZOR,C000016,2000,30,02,EUR
OR00002591,2023-12-08,OR,C000004,2000,10,00,EUR
OR00002592,2023-11-18,RE,C000014,3000,30,01,EUR
OR00002593,2023-04-21,ZOR,C000035,2000,10,02,GBP
OR00002594,2023-03-27,ZOR,C000059,2000,10,02,USD
OR00002595,2022-03-04,ZOR,C000058,1000,20,00,USD
OR00002596,2023-10-20,ZOR,C000045,3000,20,02,USD
OR00002597,2022-08-13,RE,C000005,2000,20,01,GBP
OR00002598,2023-03-09,ZOR,C000024,1000,30,01,EUR
OR00002599,2022-08-26,RE,C000004,2000,20,00,USD
OR00002600,2022-02-18,RE,C000033,2000,30,02,USD
OR00002601,2023-06-17,RE,C000045,3000,10,00,GBP
OR00002602,2021-09-21,RE,C000051,1000,20,01,GBP
OR00002603,2023-09-25,ZOR,C000017,3000,20,00,GBP
OR00002604,2022-09-30,RE,C000005,3000,20,01,USD
OR00002605,2021-01-14,RE,C000002,2000,10,00,GBP
OR00002606,2023-03-20,ZOR,C000024,3000,10,00,USD
OR00002607,2021-09-02,ZOR,C000032,1000,30,01,EUR
OR00002608,2022-08-18,RE,C000025,1000,20,02,USD
OR00002609,2023-08-19,ZOR,C000024,2000,10,02,USD
OR00002610,2021-10-11,RE,C000019,3000,30,02,EUR
OR00002611,2023-12-26,OR,C000019,3000,20,00,GBP
OR00002612,2021-03-11,OR,C000010,3000,30,00,GBP
OR00002613,2022-07-16,ZOR,C000057,2000,20,00,USD
OR00002614,2023-09-17,ZOR,C000073,2000,10,00,GBP
OR00002615,2022-09-29,ZOR,C000020,2000,30,01,EUR
OR00002616,2021-12-27,OR,C000001,1000,30,02,USD
OR00002617,2022-11-10,OR,C000007,2000,30,02,GBP
OR00002618,2022-08-12,RE,C000052,1000,10,00,EUR
OR00002619,2023-12-30,OR,C000020,1000,20,01,EUR
OR00002620,2022-09-26,ZOR,C000030,1000,10,01,EUR
OR00002621,2023-11-02,OR,C000072,3000,30,00,USD
OR00002622,2024-03-02,OR,C000026,1000,30,01,USD
OR00002623,2023-01-15,RE,C000034,1000,30,01,EUR
OR00002624,2024-03-28,RE,C000005,1000,30,02,GBP
OR00002625,2022-11-26,ZOR,C000055,2000,30,02,USD
OR00002626,2024-07-08,RE,C000026,2000,10,00,EUR
OR00002627,2021-12-04,ZOR,C000062,3000,20,00,USD
OR00002628,2023-08-02,ZOR,C000018,2000,10,00,EUR
OR00002629,2023-03-06,RE,C000049,3000,20,01,GBP
OR00002630,2022-12-06,RE,C000007,2000,10,01,EUR
OR00002631,2023-06-20,ZOR,C000028,3000,20,00,GBP
OR00002632,2023-08-16,RE,C000026,3000,30,02,EUR
OR00002633,2021-03-16,RE,C000066,2000,30,02,GBP
OR00002634,2022-04-08,ZOR,C000023,1000,10,01,USD
OR00002635,2023-08-24,RE,C000078,2000,30,00,GBP
OR00002636,2023-07-16,RE,C000040,2000,20,01,USD
OR00002637,2024-07-13,OR,C000056,1000,20,02,EUR
OR00002638,2023-10-06,RE,C000064,1000,30,00,USD
OR00002639,2024-06-09,OR,C000080,1000,30,02,EUR
OR00002640,2023-08-15,RE,C000023,1000,30,01,EUR
OR00002641,2022-09-10,ZOR,C000037,1000,10,00,USD
OR00002642,2022-01-03,RE,C000007,2000,30,02,EUR
OR00002643,2023-10-26,RE,C000016,2000,30,02,USD
OR00002644,2023-06-29,OR,C000069,2000,30,00,EUR
OR00002645,2021-09-06,OR,C000004,1000,10,02,GBP
OR00002646,2022-11-10,ZOR,C000031,2000,20,02,USD
OR00002647,2024-06-22,ZOR,C000024,1000,30,02,GBP
OR00002648,2023-03-11,RE,C000062,2000,30,00,GBP
OR00002649,2023-01-14,RE,C000038,1000,10,02,EUR
OR00002650,2023-02-05,ZOR,C000040,3000,20,01,GBP
OR00002651,2022-06-01,ZOR,C000014,2000,30,02,USD
OR00002652,2022-11-18,RE,C000023,2000,10,02,USD
OR00002653,2022-11-19,ZOR,C000058,1000,10,01,USD
OR00002654,2021-09-16,ZOR,C000063,1000,10,00,USD
OR00002655,2023-10-12,RE,C000077,3000,30,01,EUR
OR00002656,2022-12-31,ZOR,C000055,3000,30,00,EUR
OR00002657,2023-12-07,RE,C000051,3000,30,01,EUR
OR00002658,2024-01-08,OR,C000080,3000,30,00,EUR
OR00002659,2022-06-05,OR,C000024,1000,10,00,GBP
OR00002660,2023-07-09,ZOR,C000049,2000,10,01,GBP
OR00002661,2023-02-17,RE,C000012,1000,10,02,GBP
OR00002662,2024-02-15,ZOR,C000056,1000,20,02,GBP
OR00002663,2022-06-10,OR,C000074,1000,10,00,EUR
OR00002664,2023-07-25,RE,C000008,2000,30,01,EUR
OR00002665,2023-06-01,OR,C000012,3000,30,01,EUR
OR00002666,2022-09-07,OR,C000058,2000,30,01,GBP
OR00002667,2022-02-22,ZOR,C000015,1000,10,02,EUR
OR00002668,2023-07-04,RE,C000053,1000,10,01,GBP
OR00002669,2023-09-15,ZOR,C000077,1000,30,02,USD
OR00002670,2022-09-28,RE,C000027,2000,10,02,EUR
OR00002671,2023-06-29,OR,C000016,2000,30,01,GBP
OR00002672,2022-12-12,ZOR,C000013,3000,20,02,EUR
OR00002673,2023-08-24,RE,C000023,1000,10,00,EUR
OR00002674,2022-05-20,RE,C000019,3000,10,00,GBP
OR00002675,2024-02-29,ZOR,C000013,2000,30,01,USD
OR00002676,2022-08-30,RE,C000030,1000,10,00,USD
OR00002677,2022-11-17,OR,C000066,1000,20,00,EUR
OR00002678,2021-09-30,OR,C000004,3000,10,02,EUR
OR00002679,2022-01-13,ZOR,C000017,2000,20,00,GBP
OR00002680,2023-03-24,ZOR,C000041,1000,30,02,GBP
OR00002681,2022-08-09,RE,C000044,1000,30,00,EUR
OR00002682,2023-12-22,OR,C000018,2000,10,00,EUR
OR00002683,2021-05-18,RE,C000013,2000,30,00,GBP
OR00002684,2022-11-28,OR,C000068,3000,30,01,USD
OR00002685,2022-10-19,OR,C000053,1000,30,02,GBP
OR00002686,2021-06-07,OR,C000024,2000,10,02,USD
OR00002687,2022-02-03,ZOR,C000029,1000,10,00,EUR
OR00002688,2022-12-29,OR,C000063,1000,10,01,EUR
OR00002689,2023-03-05,RE,C000046,1000,10,00,GBP
OR00002690,2022-12-21,ZOR,C000029,1000,20,01,EUR
OR00002691,2023-04-05,ZOR,C000069,2000,10,02,EUR
OR00002692,2023-05-23,ZOR,C000065,1000,10,00,USD
OR00002693,2021-04-23,OR,C000077,3000,10,02,USD
OR00002694,2023-02-10,ZOR,C000005,3000,20,02,GBP
OR00002695,2024-07-07,OR,C000064,1000,20,02,USD
OR00002696,2023-03-26,ZOR,C000056,2000,30,00,USD
OR00002697,2023-07-25,ZOR,C000034,2000,30,01,GBP
OR00002698,2022-09-24,ZOR,C000006,3000,30,01,USD
OR00002699,2023-10-19,RE,C000031,2000,10,00,USD
OR00002700,2023-10-17,OR,C000068,2000,30,02,GBP
OR00002701,2023-03-28,RE,C000075,2000,10,01,GBP
OR00002702,2024-08-09,ZOR,C000067,1000,20,00,USD
OR00002703,2022-02-05,ZOR,C000067,2000,10,00,GBP
OR00002704,2021-05-28,RE,C000003,1000,30,02,EUR
OR00002705,2023-10-15,OR,C000080,3000,30,02,EUR
OR00002706,2023-11-21,RE,C000050,1000,10,02,GBP
OR00002707,2022-01-28,OR,C000059,3000,20,01,GBP
OR00002708,2022-08-06,OR,C000053,1000,10,01,GBP
OR00002709,2021-05-30,OR,C000032,1000,20,00,USD
OR00002710,2022-09-05,RE,C000022,1000,30,00,EUR
OR00002711,2023-10-18,OR,C000049,2000,30,02,USD
OR00002712,2023-03-25,OR,C000009,2000,30,01,USD
OR00002713,2022-10-30,RE,C000047,2000,20,00,GBP
OR00002714,2022-11-21,OR,C000041,1000,30,01,GBP
OR00002715,2021-02-11,ZOR,C000045,1000,10,01,USD
OR00002716,2022-09-12,OR,C000020,1000,20,00,GBP
OR00002717,2023-06-30,RE,C000036,1000,10,02,GBP
OR00002718,2024-08-04,RE,C000078,2000,30,02,USD
OR00002719,2024-01-04,ZOR,C000077,2000,30,02,EUR
OR00002720,2021-06-23,OR,C000067,1000,10,01,EUR
OR00002721,2024-03-11,ZOR,C000030,2000,30,01,EUR
OR00002722,2023-10-28,OR,C000066,3000,30,02,EUR
OR00002723,2023-10-25,RE,C000051,1000,20,02,EUR
OR00002724,2023-02-05,RE,C000044,1000,20,00,GBP
OR00002725,2022-12-15,OR,C000063,1000,30,01,EUR
OR00002726,2022-09-15,OR,C000040,3000,10,01,EUR
OR00002727,2021-10-17,OR,C000076,2000,30,01,GBP
OR00002728,2022-06-25,OR,C000061,3000,30,01,EUR
OR00002729,2022-07-16,RE,C000038,3000,20,00,USD
OR00002730,2023-02-26,ZOR,C000016,2000,30,01,EUR
OR00002731,2023-09-23,OR,C000073,3000,10,00,GBP
OR00002732,2023-02-18,OR,C000028,2000,10,01,EUR
OR00002733,2021-09-29,RE,C000044,2000,20,00,GBP
OR00002734,2024-06-24,OR,C000043,3000,20,00,GBP
OR00002735,2024-05-24,OR,C000057,3000,30,01,GBP
OR00002736,2023-10-30,ZOR,C000011,3000,10,00,USD
OR00002737,2024-10-06,OR,C000040,2000,30,00,USD
OR00002738,2023-04-15,OR,C000053,1000,30,01,GBP
OR00002739,2024-07-05,ZOR,C000055,1000,10,02,USD
OR00002740,2021-11-07,OR,C000061,3000,20,01,GBP
OR00002741,2022-11-15,RE,C000046,3000,20,01,USD
OR00002742,2022-06-21,RE,C000048,1000,10,01,EUR
OR00002743,2022-05-16,ZOR,C000001,1000,20,02,USD
OR00002744,2022-03-01,RE,C000062,1000,30,02,GBP
OR00002745,2023-06-12,ZOR,C000060,2000,30,00,USD
OR00002746,2023-10-26,ZOR,C000017,1000,20,02,USD
OR00002747,2023-05-11,OR,C000038,1000,10,01,USD
OR00002748,2022-03-10,OR,C000022,2000,20,02,GBP
OR00002749,2023-11-25,ZOR,C000025,2000,10,02,EUR
OR00002750,2023-06-22,RE,C000028,3000,10,00,USD
OR00002751,2022-12-06,RE,C000048,3000,30,01,EUR
OR00002752,2023-07-22,OR,C000048,3000,30,02,GBP
OR00002753,2022-07-31,OR,C000072,3000,20,00,GBP
OR00002754,2022-10-27,OR,C000028,3000,30,00,EUR
OR00002755,2024-04-09,ZOR,C000051,2000,30,01,USD
OR00002756,2022-09-02,ZOR,C000011,3000,10,01,GBP
OR00002757,2023-02-15,RE,C000018,3000,20,01,GBP
OR00002758,2024-02-28,ZOR,C000057,1000,10,00,EUR
OR00002759,2023-08-19,RE,C000010,2000,30,02,GBP
OR00002760,2021-10-10,ZOR,C000053,1000,10,02,USD
OR00002761,2022-03-11,OR,C000032,1000,10,02,EUR
OR00002762,2021-04-11,RE,C000036,2000,10,00,EUR
OR00002763,2023-06-19,OR,C000051,2000,20,02,GBP
OR00002764,2023-01-27,RE,C000044,2000,30,02,EUR
OR00002765,2022-02-19,RE,C000041,2000,20,00,EUR
OR00002766,2024-06-24,RE,C000069,2000,10,00,EUR
OR00002767,2023-04-04,RE,C000064,3000,20,00,GBP
OR00002768,2022-07-11,ZOR,C000054,2000,30,01,GBP
OR00002769,2023-03-12,ZOR,C000077,3000,20,02,GBP
OR00002770,2023-07-27,ZOR,C000004,2000,20,02,EUR
OR00002771,2021-11-09,OR,C000029,1000,20,01,EUR
OR00002772,2022-08-16,RE,C000031,1000,30,01,EUR
OR00002773,2023-11-21,ZOR,C000065,1000,10,00,USD
OR00002774,2023-02-06,OR,C000079,3000,10,02,USD
OR00002775,2023-04-17,ZOR,C000043,3000,30,02,GBP
OR00002776,2023-01-15,RE,C000067,2000,10,02,USD
OR00002777,2021-08-25,OR,C000053,3000,10,00,EUR
OR00002778,2022-04-06,ZOR,C000028,1000,30,01,EUR
OR00002779,2023-01-25,OR,C000008,1000,20,02,GBP
OR00002780,2022-06-02,ZOR,C000024,2000,10,02,GBP
OR00002781,2021-09-10,OR,C000068,3000,30,02,GBP
OR00002782,2023-12-31,ZOR,C000029,1000,20,01,GBP
OR00002783,2024-08-26,OR,C000064,2000,20,02,USD
OR00002784,2023-11-07,OR,C000064,1000,10,01,GBP
OR00002785,2024-01-12,OR,C000075,2000,20,01,EUR
OR00002786,2022-07-11,RE,C000041,2000,30,00,EUR
OR00002787,2024-06-30,ZOR,C000009,1000,20,00,GBP
OR00002788,2022-05-17,OR,C000009,1000,30,01,GBP
OR00002789,2024-06-10,RE,C000018,1000,10,02,USD
OR00002790,2024-10-25,ZOR,C000034,3000,30,02,EUR
OR00002791,2023-08-23,RE,C000064,2000,20,02,EUR
OR00002792,2024-08-26,OR,C000014,1000,10,02,GBP
OR00002793,2023-05-04,RE,C000004,1000,30,01,GBP
OR00002794,2022-07-31,RE,C000020,1000,30,00,EUR
OR00002795,2023-01-18,OR,C000035,2000,10,01,GBP
OR00002796,2023-05-22,ZOR,C000031,1000,30,02,USD
OR00002797,2021-11-02,OR,C000069,2000,20,00,USD
OR00002798,2023-06-12,OR,C000053,3000,30,01,GBP
OR00002799,2024-08-26,OR,C000028,2000,20,01,USD
OR00002800,2022-05-09,OR,C000059,3000,30,00,EUR
OR00002801,2023-11-06,ZOR,C000053,1000,20,01,EUR
OR00002802,2024-03-25,OR,C000080,1000,30,00,EUR
OR00002803,2024-05-25,ZOR,C000013,1000,30,02,USD
OR00002804,2024-06-29,ZOR,C000063,2000,10,01,EUR
OR00002805,2023-03-28,OR,C000026,3000,30,01,GBP
OR00002806,2024-08-13,RE,C000050,1000,30,01,EUR
OR00002807,2023-10-03,ZOR,C000038,1000,30,01,USD
OR00002808,2022-03-31,OR,C000042,2000,30,01,USD
OR00002809,2023-02-20,RE,C000014,2000,10,01,EUR
OR00002810,2023-08-28,OR,C000063,1000,30,00,EUR
OR00002811,2022-07-17,ZOR,C000045,3000,20,00,EUR
OR00002812,2023-06-26,ZOR,C000049,3000,10,01,GBP
OR00002813,2023-07-16,OR,C000044,1000,30,00,EUR
OR00002814,2022-04-02,RE,C000066,2000,10,00,USD
OR00002815,2023-05-01,OR,C000059,1000,20,00,EUR
OR00002816,2023-10-16,ZOR,C000054,3000,10,00,EUR
OR00002817,2023-03-10,ZOR,C000038,1000,30,01,USD
OR00002818,2021-05-05,RE,C000033,2000,10,01,GBP
OR00002819,2021-04-18,RE,C000007,2000,20,00,EUR
OR00002820,2022-11-07,RE,C000022,2000,10,01,EUR
OR00002821,2024-04-24,OR,C000063,3000,20,02,EUR
OR00002822,2022-06-25,OR,C000017,1000,30,02,GBP
OR00002823,2023-06-21,ZOR,C000072,1000,20,01,USD
OR00002824,2022-06-17,ZOR,C000023,1000,20,00,GBP
OR00002825,2022-10-04,OR,C000003,3000,10,00,USD
OR00002826,2024-01-06,ZOR,C000075,1000,10,00,EUR
OR00002827,2023-09-07,ZOR,C000030,3000,30,00,USD
OR00002828,2021-12-16,RE,C000011,2000,30,00,USD
OR00002829,2023-01-11,OR,C000079,1000,30,01,GBP
OR00002830,2021-07-13,ZOR,C000038,1000,20,02,GBP
OR00002831,2023-02-24,RE,C000002,3000,20,01,GBP
OR00002832,2023-07-13,ZOR,C000038,2000,10,01,EUR
OR00002833,2022-01-25,OR,C000052,2000,30,02,EUR
OR00002834,2022-08-31,RE,C000006,3000,30,01,GBP
OR00002835,2022-12-15,OR,C000006,3000,10,02,GBP
OR00002836,2024-04-13,ZOR,C000041,3000,10,01,USD
OR00002837,2024-10-16,ZOR,C000022,2000,10,01,GBP
OR00002838,2021-08-28,RE,C000018,1000,30,02,GBP
OR00002839,2023-10-06,OR,C000078,1000,10,02,EUR
OR00002840,2022-11-21,OR,C000041,1000,20,01,GBP
OR00002841,2022-12-10,OR,C000069,2000,30,00,EUR
OR00002842,2023-09-30,ZOR,C000035,1000,10,00,USD
OR00002843,2024-04-11,OR,C000070,1000,20,02,EUR
OR00002844,2024-06-09,OR,C000073,1000,20,01,GBP
OR00002845,2023-05-10,ZOR,C000028,3000,10,01,GBP
OR00002846,2022-11-07,OR,C000045,3000,30,01,USD
OR00002847,2023-11-01,OR,C000064,3000,20,02,USD
OR00002848,2022-07-21,ZOR,C000024,3000,20,01,USD
OR00002849,2023-04-30,OR,C000027,2000,30,02,GBP
OR00002850,2022-11-09,RE,C000078,1000,30,01,USD
OR00002851,2023-07-08,ZOR,C000021,3000,20,02,EUR
OR00002852,2022-07-09,RE,C000049,2000,30,00,GBP
OR00002853,2022-05-11,RE,C000029,3000,20,02,GBP
OR00002854,2024-04-10,RE,C000018,3000,20,02,GBP
OR00002855,2021-12-27,RE,C000029,3000,30,01,USD
OR00002856,2023-03-16,RE,C000061,3000,20,02,USD
OR00002857,2022-06-16,ZOR,C000066,2000,20,00,USD
OR00002858,2021-08-12,RE,C000031,1000,20,00,GBP
OR00002859,2021-08-03,OR,C000032,3000,20,00,EUR
OR00002860,2022-04-19,ZOR,C000019,3000,20,00,EUR
OR00002861,2024-01-28,OR,C000023,3000,30,02,EUR
OR00002862,2022-08-25,RE,C000063,2000,20,02,GBP
OR00002863,2024-06-08,OR,C000068,2000,10,01,EUR
OR00002864,2023-05-13,ZOR,C000053,2000,10,00,USD
OR00002865,2023-01-18,RE,C000044,2000,30,00,USD
OR00002866,2023-05-12,OR,C000066,1000,20,00,GBP
OR00002867,2023-03-24,ZOR,C000052,2000,10,00,EUR
OR00002868,2023-10-04,RE,C000060,2000,10,02,USD
OR00002869,2022-08-25,OR,C000061,3000,30,00,USD
OR00002870,2022-11-03,ZOR,C000030,2000,20,01,GBP
OR00002871,2024-03-05,ZOR,C000014,1000,30,00,USD
OR00002872,2024-05-31,OR,C000010,2000,30,00,EUR
OR00002873,2024-03-03,OR,C000078,2000,20,01,USD
OR00002874,2023-01-03,RE,C000053,2000,30,02,EUR
OR00002875,2023-10-25,OR,C000080,2000,10,02,EUR
OR00002876,2023-02-20,OR,C000059,2000,20,01,EUR
OR00002877,2023-03-09,OR,C000068,2000,30,01,EUR
OR00002878,2022-05-27,RE,C000025,3000,30,02,EUR
OR00002879,2023-05-20,OR,C000002,2000,10,00,GBP
OR00002880,2022-05-03,ZOR,C000045,3000,30,02,GBP
OR00002881,2022-10-14,ZOR,C000001,2000,30,01,USD
OR00002882,2024-01-14,OR,C000078,2000,20,00,EUR
OR00002883,2022-05-30,ZOR,C000067,3000,30,00,EUR
OR00002884,2021-10-29,ZOR,C000059,1000,30,01,GBP
OR00002885,2021-10-25,OR,C000057,2000,10,02,EUR
OR00002886,2024-05-20,OR,C000004,3000,10,02,USD
OR00002887,2023-03-17,ZOR,C000003,1000,20,01,GBP
OR00002888,2022-12-25,RE,C000023,1000,30,01,EUR
OR00002889,2023-11-25,ZOR,C000077,1000,10,00,USD
OR00002890,2023-12-22,OR,C000048,1000,20,01,EUR
OR00002891,2022-10-14,ZOR,C000031,3000,20,00,EUR
OR00002892,2023-08-07,RE,C000062,3000,10,02,EUR
OR00002893,2023-10-16,ZOR,C000047,2000,30,01,EUR
OR00002894,2023-07-07,ZOR,C000071,2000,20,00,GBP
OR00002895,2022-03-17,ZOR,C000012,1000,10,02,GBP
OR00002896,2024-02-09,RE,C000075,3000,10,00,USD
OR00002897,2023-04-11,RE,C000064,2000,10,01,GBP
OR00002898,2022-08-25,ZOR,C000041,1000,10,00,USD
OR00002899,2023-01-08,ZOR,C000033,1000,10,01,USD
OR00002900,2021-08-08,OR,C000048,3000,30,02,GBP
OR00002901,2022-02-09,OR,C000065,1000,10,02,EUR
OR00002902,2023-10-10,ZOR,C000041,2000,30,01,USD
OR00002903,2021-01-04,RE,C000050,2000,30,02,USD
OR00002904,2022-12-31,OR,C000019,3000,10,01,USD
OR00002905,2023-03-29,ZOR,C000078,2000,10,02,EUR
OR00002906,2021-09-22,RE,C000019,2000,10,02,USD
OR00002907,2024-08-01,OR,C000018,1000,20,02,USD
OR00002908,2022-06-22,OR,C000043,2000,10,00,GBP
OR00002909,2022-09-16,ZOR,C000069,2000,30,00,USD
OR00002910,2022-09-16,ZOR,C000033,3000,20,01,USD
OR00002911,2022-06-27,RE,C000036,3000,20,02,USD
OR00002912,2021-02-13,RE,C000079,1000,10,01,GBP
OR00002913,2023-09-07,RE,C000060,2000,20,00,EUR
OR00002914,2024-07-15,OR,C000017,2000,20,01,GBP
OR00002915,2022-06-20,OR,C000045,2000,30,00,GBP
OR00002916,2023-07-13,ZOR,C000063,2000,30,02,GBP
OR00002917,2023-09-18,OR,C000045,1000,30,01,USD
OR00002918,2024-01-06,OR,C000008,1000,30,00,USD
OR00002919,2023-01-06,OR,C000015,2000,20,02,USD
OR00002920,2022-09-15,OR,C000060,1000,20,00,USD
OR00002921,2022-10-08,RE,C000012,2000,30,02,EUR
OR00002922,2023-08-23,ZOR,C000028,1000,20,02,EUR
OR00002923,2023-12-01,ZOR,C000031,1000,10,01,EUR
OR00002924,2022-04-27,OR,C000056,3000,30,00,USD
OR00002925,2022-11-20,ZOR,C000021,3000,10,02,USD
OR00002926,2024-03-16,ZOR,C000029,3000,20,02,EUR
OR00002927,2023-11-21,OR,C000059,3000,10,00,GBP
OR00002928,2024-09-08,RE,C000003,1000,30,02,USD
OR00002929,2023-09-30,RE,C000021,2000,20,01,USD
OR00002930,2022-12-11,OR,C000005,2000,20,00,EUR
OR00002931,2023-05-20,ZOR,C000011,3000,10,00,GBP
OR00002932,2023-07-12,ZOR,C000060,3000,30,02,GBP
OR00002933,2021-11-13,OR,C000079,3000,20,01,EUR
OR00002934,2023-04-15,ZOR,C000012,2000,30,01,EUR
OR00002935,2023-08-21,RE,C000075,3000,30,01,GBP
OR00002936,2022-04-08,ZOR,C000051,1000,20,01,GBP
OR00002937,2023-10-25,OR,C000007,2000,30,00,GBP
OR00002938,2023-05-15,ZOR,C000021,3000,10,01,USD
OR00002939,2024-06-12,ZOR,C000056,2000,20,01,EUR
OR00002940,2021-08-21,OR,C000003,1000,10,00,USD
OR00002941,2022-08-06,OR,C000033,1000,30,00,GBP
OR00002942,2023-05-28,OR,C000035,3000,20,02,EUR
OR00002943,2022-09-08,ZOR,C000027,3000,20,01,EUR
OR00002944,2023-08-25,RE,C000078,3000,30,00,GBP
OR00002945,2023-10-04,OR,C000070,2000,20,01,GBP
OR00002946,2021-12-29,RE,C000059,1000,30,02,GBP
OR00002947,2023-03-22,OR,C000068,3000,30,00,EUR
OR00002948,2023-03-18,OR,C000044,2000,10,02,GBP
OR00002949,2022-11-19,RE,C000066,3000,30,00,GBP
OR00002950,2024-05-05,ZOR,C000043,3000,10,00,GBP
OR00002951,2023-12-13,OR,C000054,3000,30,02,USD
OR00002952,2023-08-10,ZOR,C000057,3000,30,02,EUR
OR00002953,2023-08-25,RE,C000021,2000,10,00,GBP
OR00002954,2023-02-08,OR,C000066,2000,10,00,EUR
OR00002955,2024-04-15,OR,C000005,1000,20,01,USD
OR00002956,2023-08-08,ZOR,C000033,2000,20,01,EUR
OR00002957,2023-09-07,OR,C000026,1000,30,01,GBP
OR00002958,2024-01-22,OR,C000053,2000,20,01,USD
OR00002959,2022-08-16,OR,C000028,3000,10,02,EUR
OR00002960,2023-11-21,OR,C000052,1000,10,01,USD
OR00002961,2022-05-15,OR,C000055,3000,20,01,GBP
OR00002962,2022-10-27,RE,C000047,1000,20,00,USD
OR00002963,2022-10-18,OR,C000015,3000,20,02,GBP
OR00002964,2024-08-17,ZOR,C000001,1000,10,02,USD
OR00002965,2024-01-16,RE,C000002,1000,10,01,USD
OR00002966,2023-08-14,OR,C000046,3000,30,01,GBP
OR00002967,2023-09-05,OR,C000074,2000,20,02,EUR
OR00002968,2023-04-28,RE,C000010,1000,20,01,EUR
OR00002969,2024-06-01,OR,C000057,3000,10,00,USD
OR00002970,2023-03-08,ZOR,C000033,2000,10,02,EUR
OR00002971,2022-11-29,RE,C000005,2000,10,01,USD
OR00002972,2022-04-02,RE,C000016,2000,20,00,GBP
OR00002973,2023-10-31,RE,C000039,2000,20,00,EUR
OR00002974,2023-09-12,OR,C000007,3000,10,00,GBP
OR00002975,2022-12-03,OR,C000063,3000,30,00,USD
OR00002976,2021-06-29,ZOR,C000028,1000,10,00,USD
OR00002977,2023-12-26,OR,C000070,2000,20,00,GBP
OR00002978,2021-05-01,ZOR,C000038,1000,10,01,USD
OR00002979,2023-08-16,RE,C000065,3000,10,01,USD
OR00002980,2024-07-24,RE,C000073,3000,30,01,EUR
OR00002981,2023-01-19,ZOR,C000007,1000,30,00,GBP
OR00002982,2022-07-03,OR,C000045,1000,30,01,USD
OR00002983,2023-08-17,OR,C000054,3000,30,01,GBP
OR00002984,2023-12-02,RE,C000067,2000,30,01,GBP
OR00002985,2023-04-16,OR,C000016,1000,20,02,EUR
OR00002986,2024-07-16,ZOR,C000024,1000,10,01,EUR
OR00002987,2021-09-15,OR,C000045,2000,30,02,USD
OR00002988,2023-03-15,OR,C000007,3000,10,00,USD
OR00002989,2023-08-29,ZOR,C000007,1000,20,02,GBP
OR00002990,2024-01-23,OR,C000058,3000,10,01,GBP
OR00002991,2022-04-24,ZOR,C000050,3000,10,01,EUR
OR00002992,2023-11-14,RE,C000001,3000,30,02,EUR
OR00002993,2023-04-21,OR,C000060,1000,30,00,EUR
OR00002994,2022-12-14,ZOR,C000065,1000,20,01,EUR
OR00002995,2022-02-15,OR,C000077,2000,30,02,USD
OR00002996,2024-01-27,RE,C000043,2000,20,02,EUR
OR00002997,2022-03-25,ZOR,C000059,3000,20,01,EUR
OR00002998,2022-09-22,ZOR,C000002,3000,10,00,USD
OR00002999,2022-09-02,ZOR,C000016,1000,10,02,GBP
OR00003000,2024-02-03,ZOR,C000027,1000,10,01,GBP
OR00003001,2023-07-21,OR,C000042,2000,30,01,EUR
OR00003002,2023-11-10,RE,C000054,3000,20,01,USD
OR00003003,2022-07-20,ZOR,C000031,3000,10,00,EUR
OR00003004,2023-06-14,OR,C000007,1000,10,01,GBP
OR00003005,2023-05-06,ZOR,C000043,2000,30,00,USD
OR00003006,2023-12-19,RE,C000035,2000,20,01,GBP
OR00003007,2024-03-23,ZOR,C000044,3000,30,00,USD
OR00003008,2021-05-05,OR,C000030,2000,20,01,USD
OR00003009,2023-07-22,OR,C000009,3000,10,01,USD
OR00003010,2021-09-15,RE,C000012,1000,10,00,USD
OR00003011,2023-04-18,OR,C000051,2000,10,02,USD
OR00003012,2022-08-30,OR,C000059,3000,10,02,GBP
OR00003013,2022-09-19,RE,C000068,1000,20,01,GBP
OR00003014,2022-11-03,OR,C000075,2000,10,02,GBP
OR00003015,2023-06-11,RE,C000069,2000,30,01,GBP
OR00003016,2022-10-16,OR,C000009,3000,10,01,USD
OR00003017,2023-09-10,ZOR,C000047,3000,30,00,USD
OR00003018,2022-12-21,OR,C000062,3000,10,02,USD
OR00003019,2021-10-23,OR,C000002,3000,30,01,GBP
OR00003020,2023-10-28,ZOR,C000021,3000,20,00,GBP
OR00003021,2022-08-28,RE,C000034,1000,10,02,EUR
OR00003022,2023-01-14,OR,C000046,1000,30,02,GBP
OR00003023,2023-08-01,ZOR,C000009,2000,30,01,USD
OR00003024,2022-10-15,RE,C000024,3000,20,02,USD
OR00003025,2021-09-27,OR,C000007,2000,10,01,GBP
OR00003026,2022-11-23,OR,C000039,1000,30,00,EUR
OR00003027,2024-05-27,OR,C000048,1000,10,01,GBP
OR00003028,2023-06-27,ZOR,C000072,3000,30,00,GBP
OR00003029,2023-07-20,RE,C000052,1000,30,01,EUR
OR00003030,2023-06-20,ZOR,C000057,3000,10,01,EUR
OR00003031,2022-05-20,RE,C000057,1000,30,01,EUR
OR00003032,2023-01-02,RE,C000077,2000,20,00,EUR
OR00003033,2023-09-27,OR,C000018,3000,10,01,GBP
OR00003034,2021-12-27,ZOR,C000040,3000,10,00,USD
OR00003035,2022-08-20,OR,C000059,2000,20,00,EUR
OR00003036,2022-08-18,RE,C000067,2000,10,01,USD
OR00003037,2023-01-14,RE,C000016,3000,10,01,USD
OR00003038,2024-08-23,ZOR,C000059,2000,30,02,USD
OR00003039,2021-10-21,RE,C000034,1000,30,00,GBP
OR00003040,2023-03-26,ZOR,C000041,2000,20,02,GBP
OR00003041,2022-04-24,OR,C000067,3000,20,02,USD
OR00003042,2024-07-25,RE,C000026,2000,20,02,GBP
OR00003043,2022-01-16,OR,C000058,2000,30,00,GBP
OR00003044,2022-12-20,RE,C000056,1000,10,02,GBP
OR00003045,2023-09-15,ZOR,C000035,3000,20,00,USD
OR00003046,2023-08-17,OR,C000069,3000,10,00,USD
OR00003047,2023-01-06,OR,C000028,1000,30,02,EUR
OR00003048,2022-10-28,RE,C000034,2000,20,01,EUR
OR00003049,2022-12-15,RE,C000044,2000,10,00,USD
OR00003050,2022-08-05,ZOR,C000056,2000,30,01,GBP
OR00003051,2022-05-28,OR,C000059,3000,10,01,GBP
OR00003052,2023-02-25,RE,C000020,1000,30,02,EUR
OR00003053,2022-08-10,OR,C000020,2000,30,02,USD
OR00003054,2022-08-30,ZOR,C000059,2000,10,01,USD
OR00003055,2023-07-09,RE,C000078,3000,10,02,EUR
OR00003056,2024-07-20,OR,C000031,2000,30,00,USD
OR00003057,2023-05-29,RE,C000016,2000,30,00,USD
OR00003058,2021-11-10,OR,C000057,1000,30,02,EUR
OR00003059,2021-11-07,ZOR,C000079,3000,20,02,GBP
OR00003060,2024-06-10,OR,C000054,2000,20,01,GBP
OR00003061,2022-09-09,ZOR,C000016,1000,10,00,EUR
OR00003062,2021-12-10,OR,C000023,1000,10,02,GBP
OR00003063,2023-05-26,OR,C000030,2000,20,01,EUR
OR00003064,2023-06-13,ZOR,C000069,3000,30,02,EUR
OR00003065,2023-07-02,ZOR,C000003,3000,20,02,USD
OR00003066,2022-08-08,RE,C000010,2000,30,02,USD
OR00003067,2021-05-20,ZOR,C000034,2000,30,02,EUR
OR00003068,2024-07-11,ZOR,C000072,3000,30,02,EUR
OR00003069,2022-07-21,OR,C000041,1000,30,01,GBP
OR00003070,2023-07-24,OR,C000078,2000,20,00,GBP
OR00003071,2023-08-18,OR,C000034,1000,30,00,GBP
OR00003072,2023-06-03,OR,C000066,1000,10,01,USD
OR00003073,2022-09-25,RE,C000064,1000,30,01,EUR
OR00003074,2022-08-12,ZOR,C000080,1000,30,01,USD
OR00003075,2023-05-25,RE,C000071,3000,30,01,USD
OR00003076,2024-01-28,ZOR,C000021,1000,20,01,EUR
OR00003077,2024-05-31,RE,C000067,1000,20,01,USD
OR00003078,2022-01-04,OR,C000036,1000,20,00,EUR
OR00003079,2022-03-21,OR,C000035,1000,30,00,EUR
OR00003080,2024-05-27,RE,C000061,2000,10,01,GBP
OR00003081,2023-09-14,OR,C000055,3000,30,01,EUR
OR00003082,2024-02-19,OR,C000069,2000,30,01,GBP
OR00003083,2022-05-25,RE,C000037,2000,10,00,USD
OR00003084,2023-05-17,OR,C000037,2000,30,01,EUR
OR00003085,2023-08-14,OR,C000061,1000,30,01,EUR
OR00003086,2023-07-27,RE,C000004,2000,20,01,USD
OR00003087,2022-12-24,RE,C000006,2000,30,01,GBP
OR00003088,2021-05-21,ZOR,C000030,3000,10,02,USD
OR00003089,2023-05-14,RE,C000079,1000,10,02,USD
OR00003090,2022-07-23,RE,C000027,2000,20,01,USD
OR00003091,2023-01-29,OR,C000021,1000,10,00,GBP
OR00003092,2024-06-23,RE,C000062,2000,20,02,EUR
OR00003093,2022-12-16,OR,C000028,1000,30,00,EUR
OR00003094,2023-12-27,OR,C000040,3000,10,01,GBP
OR00003095,2022-05-07,OR,C000063,3000,10,02,USD
OR00003096,2023-07-21,ZOR,C000021,3000,30,01,USD
OR00003097,2024-08-12,OR,C000074,1000,10,02,EUR
OR00003098,2021-12-27,OR,C000001,3000,10,02,GBP
OR00003099,2021-04-14,ZOR,C000008,3000,20,01,EUR
OR00003100,2023-01-15,OR,C000035,2000,10,00,EUR
OR00003101,2021-12-11,RE,C000072,3000,20,00,EUR
OR00003102,2023-09-24,OR,C000047,3000,10,01,GBP
OR00003103,2024-04-05,OR,C000030,2000,20,01,EUR
OR00003104,2023-01-16,OR,C000028,2000,10,02,GBP
OR00003105,2022-07-30,ZOR,C000006,3000,10,00,GBP
OR00003106,2023-01-16,RE,C000040,1000,20,01,EUR
OR00003107,2023-09-02,ZOR,C000053,3000,20,00,USD
OR00003108,2021-04-18,ZOR,C000078,1000,30,01,USD
OR00003109,2023-05-19,OR,C000080,1000,20,00,EUR
OR00003110,2023-06-05,RE,C000027,2000,10,02,EUR
OR00003111,2023-06-24,RE,C000029,1000,30,01,GBP
OR00003112,2022-07-11,OR,C000059,2000,20,00,USD
OR00003113,2023-08-25,OR,C000009,3000,30,01,USD
OR00003114,2021-12-08,OR,C000054,2000,20,00,EUR
OR00003115,2022-05-20,OR,C000017,2000,30,00,USD
OR00003116,2024-02-11,OR,C000011,1000,30,00,GBP
OR00003117,2023-09-16,ZOR,C000041,2000,30,00,USD
OR00003118,2021-05-13,RE,C000001,2000,10,01,USD
OR00003119,2022-07-18,ZOR,C000017,1000,20,02,GBP
OR00003120,2022-06-08,RE,C000079,3000,10,01,USD
OR00003121,2022-08-12,ZOR,C000067,3000,20,00,USD
OR00003122,2022-07-17,OR,C000056,2000,10,01,GBP
OR00003123,2021-10-10,RE,C000009,1000,10,01,USD
OR00003124,2023-02-06,RE,C000044,2000,30,01,USD
OR00003125,2023-09-10,ZOR,C000058,3000,20,02,GBP
OR00003126,2023-05-31,OR,C000029,2000,30,01,GBP
OR00003127,2023-07-21,ZOR,C000029,3000,10,02,EUR
OR00003128,2021-11-19,ZOR,C000044,3000,30,01,GBP
OR00003129,2024-06-10,RE,C000015,3000,20,01,EUR
OR00003130,2023-12-25,ZOR,C000014,2000,10,00,EUR
OR00003131,2023-11-19,ZOR,C000059,3000,20,02,GBP
OR00003132,2023-12-08,RE,C000055,2000,20,01,EUR
OR00003133,2024-05-05,ZOR,C000077,2000,10,01,USD
OR00003134,2023-04-15,ZOR,C000043,3000,30,00,USD
OR00003135,2022-05-22,OR,C000056,2000,30,02,GBP
OR00003136,2023-06-08,RE,C000048,1000,20,02,GBP
OR00003137,2023-09-19,RE,C000011,3000,30,01,EUR
OR00003138,2023-09-15,ZOR,C000071,3000,20,02,USD
OR00003139,2023-03-28,ZOR,C000016,2000,10,01,USD
OR00003140,2021-10-23,ZOR,C000031,3000,20,00,USD
OR00003141,2022-11-20,OR,C000033,1000,10,02,GBP
OR00003142,2024-04-15,RE,C000035,3000,20,02,EUR
OR00003143,2023-05-15,RE,C000035,3000,30,00,USD
OR00003144,2023-04-10,ZOR,C000037,1000,20,02,GBP
OR00003145,2022-08-10,OR,C000049,1000,30,02,EUR
OR00003146,2022-11-18,ZOR,C000080,2000,30,01,EUR
OR00003147,2024-03-07,RE,C000059,3000,20,00,GBP
OR00003148,2023-07-16,RE,C000079,1000,10,01,GBP
OR00003149,2023-11-01,RE,C000015,2000,30,01,USD
OR00003150,2023-02-02,RE,C000042,1000,20,01,EUR
OR00003151,2023-06-18,ZOR,C000042,2000,20,00,GBP
OR00003152,2022-07-18,RE,C000004,3000,20,02,GBP
OR00003153,2023-08-17,RE,C000064,3000,20,02,USD
OR00003154,2023-01-10,OR,C000080,1000,10,00,EUR
OR00003155,2023-01-23,OR,C000071,3000,20,02,EUR
OR00003156,2023-07-03,ZOR,C000053,3000,20,02,USD
OR00003157,2024-05-11,RE,C000031,2000,30,00,GBP
OR00003158,2021-10-14,OR,C000020,1000,10,00,GBP
OR00003159,2023-12-10,RE,C000039,1000,10,00,GBP
OR00003160,2022-09-04,ZOR,C000064,3000,20,01,GBP
OR00003161,2023-01-24,OR,C000031,1000,30,02,USD
OR00003162,2021-06-17,RE,C000060,3000,30,01,USD
OR00003163,2022-09-13,RE,C000004,1000,20,02,GBP
OR00003164,2023-03-13,RE,C000041,3000,10,00,EUR
OR00003165,2021-09-26,RE,C000027,2000,30,02,EUR
OR00003166,2023-03-04,OR,C000010,2000,30,01,USD
OR00003167,2024-04-25,OR,C000026,2000,10,01,EUR
OR00003168,2022-01-03,ZOR,C000022,1000,20,00,EUR
OR00003169,2023-10-09,RE,C000075,3000,30,02,GBP
OR00003170,2022-12-25,OR,C000008,1000,10,02,GBP
OR00003171,2023-07-07,ZOR,C000077,3000,10,02,GBP
OR00003172,2022-07-31,OR,C000021,3000,30,00,EUR
OR00003173,2022-03-28,ZOR,C000036,1000,30,00,GBP
OR00003174,2022-03-30,RE,C000010,1000,10,02,USD
OR00003175,2021-10-28,ZOR,C000031,2000,10,00,EUR
OR00003176,2022-05-03,OR,C000043,3000,10,01,USD
OR00003177,2023-07-14,RE,C000002,2000,20,02,EUR
OR00003178,2024-02-17,ZOR,C000069,1000,20,02,USD
OR00003179,2023-11-28,OR,C000045,2000,30,02,EUR
OR00003180,2023-07-31,OR,C000002,2000,30,01,GBP
OR00003181,2022-01-11,ZOR,C000050,2000,20,00,USD
OR00003182,2022-09-01,OR,C000069,1000,20,00,EUR
OR00003183,2022-09-22,OR,C000051,2000,30,00,GBP
OR00003184,2022-07-20,OR,C000067,3000,30,02,EUR
OR00003185,2023-03-23,ZOR,C000031,3000,20,00,USD
OR00003186,2023-04-08,OR,C000012,3000,30,02,GBP
OR00003187,2022-11-07,RE,C000012,1000,30,00,USD
OR00003188,2022-11-04,RE,C000042,2000,10,01,GBP
OR00003189,2023-12-14,RE,C000059,1000,30,01,EUR
OR00003190,2023-11-03,OR,C000014,3000,10,01,EUR
OR00003191,2022-09-20,OR,C000054,2000,10,01,USD
OR00003192,2024-04-03,RE,C000033,2000,10,00,USD
OR00003193,2024-06-13,ZOR,C000037,3000,20,02,USD
OR00003194,2022-10-09,RE,C000036,1000,20,00,GBP
OR00003195,2022-11-05,OR,C000053,1000,10,01,USD
OR00003196,2023-03-16,RE,C000016,2000,20,02,EUR
OR00003197,2024-05-20,OR,C000036,1000,20,02,EUR
OR00003198,2024-02-10,RE,C000028,1000,20,02,EUR
OR00003199,2021-12-29,RE,C000019,3000,30,01,EUR
OR00003200,2022-12-10,OR,C000067,1000,30,01,EUR
OR00003201,2023-04-22,RE,C000073,2000,10,02,EUR
OR00003202,2023-03-14,OR,C000065,1000,10,01,EUR
OR00003203,2022-05-13,OR,C000016,2000,20,02,USD
OR00003204,2024-01-19,ZOR,C000072,2000,10,01,EUR
OR00003205,2023-07-25,RE,C000052,3000,20,01,EUR
OR00003206,2023-12-25,OR,C000060,3000,10,01,EUR
OR00003207,2024-01-18,ZOR,C000004,3000,20,01,EUR
OR00003208,2023-09-24,OR,C000044,3000,30,00,USD
OR00003209,2023-01-20,OR,C000074,1000,10,02,EUR
OR00003210,2023-06-03,RE,C000004,1000,20,00,GBP
OR00003211,2022-03-29,OR,C000077,2000,30,02,GBP
OR00003212,2023-07-22,ZOR,C000010,2000,30,00,EUR
OR00003213,2022-04-24,RE,C000050,2000,30,01,GBP
OR00003214,2023-08-08,OR,C000062,2000,10,02,GBP
OR00003215,2022-06-26,ZOR,C000033,3000,10,00,GBP
OR00003216,2022-01-23,ZOR,C000079,1000,10,00,EUR
OR00003217,2022-04-05,ZOR,C000074,2000,30,02,EUR
OR00003218,2021-02-20,ZOR,C000005,2000,30,01,USD
OR00003219,2023-08-29,RE,C000017,1000,10,02,USD
OR00003220,2023-09-10,OR,C000003,3000,20,00,USD
OR00003221,2023-03-23,ZOR,C000006,3000,20,00,GBP
OR00003222,2022-03-31,OR,C000021,1000,30,02,EUR
OR00003223,2021-11-23,ZOR,C000014,1000,10,00,GBP
OR00003224,2021-06-06,RE,C000033,2000,20,02,EUR
OR00003225,2022-04-06,RE,C000066,3000,30,02,EUR
OR00003226,2024-02-29,ZOR,C000024,2000,20,00,USD
OR00003227,2022-07-10,ZOR,C000027,2000,20,00,EUR
OR00003228,2022-11-05,OR,C000076,1000,20,00,USD
OR00003229,2022-01-03,OR,C000036,1000,10,02,USD
OR00003230,2022-06-18,RE,C000002,2000,20,02,USD
OR00003231,2023-03-26,OR,C000064,2000,20,02,GBP
OR00003232,2023-06-01,OR,C000003,1000,20,02,EUR
OR00003233,2022-07-15,ZOR,C000045,2000,30,02,GBP
OR00003234,2021-09-29,RE,C000025,3000,30,02,USD
OR00003235,2022-12-09,ZOR,C000036,1000,30,02,GBP
OR00003236,2022-07-02,OR,C000058,1000,10,01,USD
OR00003237,2022-06-14,ZOR,C000052,2000,30,00,EUR
OR00003238,2024-06-29,RE,C000020,1000,10,01,EUR
OR00003239,2023-06-08,OR,C000014,3000,30,01,EUR
OR00003240,2023-04-24,RE,C000079,1000,20,01,EUR
OR00003241,2022-12-31,RE,C000014,3000,10,01,USD
OR00003242,2023-01-11,RE,C000075,1000,20,02,GBP
OR00003243,2023-04-12,RE,C000038,2000,20,00,USD
OR00003244,2023-08-10,OR,C000041,1000,20,01,USD
OR00003245,2023-08-15,OR,C000020,2000,10,01,USD
OR00003246,2022-04-14,ZOR,C000070,1000,30,02,EUR
OR00003247,2023-03-11,OR,C000072,3000,20,02,USD
OR00003248,2022-12-27,OR,C000052,3000,30,02,GBP
OR00003249,2024-02-02,OR,C000062,2000,20,02,GBP
OR00003250,2023-06-19,OR,C000037,2000,20,02,EUR
OR00003251,2023-04-06,RE,C000051,1000,10,01,EUR
OR00003252,2022-01-20,RE,C000013,3000,20,00,USD
OR00003253,2023-05-31,ZOR,C000061,3000,20,01,GBP
OR00003254,2022-01-23,OR,C000045,3000,10,01,GBP
OR00003255,2022-10-19,OR,C000078,3000,20,01,GBP
OR00003256,2022-03-04,ZOR,C000063,1000,20,01,USD
OR00003257,2023-08-06,OR,C000027,1000,30,01,GBP
OR00003258,2022-05-29,ZOR,C000021,1000,20,01,GBP
OR00003259,2022-12-09,RE,C000010,3000,10,02,GBP
OR00003260,2024-03-07,ZOR,C000007,2000,20,01,GBP
OR00003261,2022-05-27,RE,C000008,3000,10,00,EUR
OR00003262,2023-03-17,ZOR,C000054,3000,10,02,GBP
OR00003263,2023-01-03,OR,C000062,1000,10,01,EUR
OR00003264,2021-06-02,OR,C000022,3000,20,00,GBP
OR00003265,2023-11-06,ZOR,C000004,1000,30,02,EUR
OR00003266,2021-10-25,ZOR,C000040,1000,30,01,EUR
OR00003267,2023-02-18,ZOR,C000014,3000,30,00,GBP
OR00003268,2023-04-27,OR,C000024,3000,10,00,EUR
OR00003269,2023-06-17,ZOR,C000051,2000,10,00,EUR
OR00003270,2023-08-03,ZOR,C000032,1000,10,00,GBP
OR00003271,2022-07-24,RE,C000074,1000,10,00,GBP
OR00003272,2021-04-23,OR,C000008,3000,10,00,GBP
OR00003273,2023-09-02,OR,C000068,1000,20,00,GBP
OR00003274,2023-04-08,ZOR,C000062,3000,10,01,GBP
OR00003275,2023-12-23,OR,C000030,1000,30,01,GBP
OR00003276,2023-12-06,OR,C000024,1000,10,02,EUR
OR00003277,2023-12-31,OR,C000002,1000,10,02,USD
OR00003278,2023-02-27,ZOR,C000030,1000,10,00,GBP
OR00003279,2022-10-16,RE,C000002,3000,20,02,EUR
OR00003280,2023-11-05,OR,C000009,3000,20,02,GBP
OR00003281,2023-01-30,OR,C000043,3000,30,02,USD
OR00003282,2022-04-30,ZOR,C000036,1000,10,01,GBP
OR00003283,2024-01-14,OR,C000048,2000,20,02,USD
OR00003284,2024-02-18,RE,C000015,3000,20,01,EUR
OR00003285,2023-02-12,OR,C000037,1000,30,00,EUR
OR00003286,2021-11-08,RE,C000063,3000,10,02,EUR
OR00003287,2022-12-06,ZOR,C000077,1000,10,00,USD
OR00003288,2023-11-17,RE,C000040,2000,10,02,GBP
OR00003289,2024-03-16,ZOR,C000003,2000,20,02,EUR
OR00003290,2022-05-26,RE,C000010,3000,30,01,USD
OR00003291,2021-10-20,RE,C000022,1000,20,01,GBP
OR00003292,2024-02-11,RE,C000035,2000,30,01,GBP
OR00003293,2022-12-07,RE,C000006,2000,20,00,EUR
OR00003294,2023-04-13,ZOR,C000038,1000,10,00,GBP
OR00003295,2024-07-18,OR,C000016,3000,30,00,USD
OR00003296,2021-10-19,OR,C000046,2000,20,02,GBP
OR00003297,2023-07-02,OR,C000042,3000,20,01,EUR
OR00003298,2021-11-04,OR,C000052,2000,30,00,EUR
OR00003299,2022-11-24,RE,C000012,2000,10,00,EUR
OR00003300,2023-11-18,ZOR,C000050,2000,30,00,EUR
OR00003301,2023-01-15,ZOR,C000061,3000,20,00,EUR
OR00003302,2024-11-11,ZOR,C000059,1000,10,02,EUR
OR00003303,2023-04-26,ZOR,C000008,3000,30,01,EUR
OR00003304,2022-10-03,OR,C000042,3000,10,01,USD
OR00003305,2022-06-15,OR,C000022,1000,30,00,EUR
OR00003306,2022-11-01,RE,C000077,2000,20,01,GBP
OR00003307,2022-11-22,OR,C000027,2000,30,01,USD
OR00003308,2021-10-24,RE,C000001,2000,30,01,GBP
OR00003309,2022-11-19,ZOR,C000039,3000,30,00,GBP
OR00003310,2023-02-10,RE,C000045,2000,30,02,GBP
OR00003311,2023-09-01,ZOR,C000078,2000,30,00,EUR
OR00003312,2023-07-08,ZOR,C000004,2000,20,01,GBP
OR00003313,2023-08-20,OR,C000037,2000,20,00,EUR
OR00003314,2021-04-14,ZOR,C000048,2000,10,02,GBP
OR00003315,2022-06-12,OR,C000024,1000,30,02,USD
OR00003316,2023-07-12,OR,C000016,3000,20,01,USD
OR00003317,2023-02-26,RE,C000074,2000,10,02,EUR
OR00003318,2021-03-24,ZOR,C000007,1000,30,00,EUR
OR00003319,2023-11-18,ZOR,C000048,3000,20,00,USD
OR00003320,2023-10-17,OR,C000015,2000,30,02,EUR
OR00003321,2023-04-18,OR,C000047,2000,10,02,GBP
OR00003322,2021-10-19,ZOR,C000039,2000,10,01,EUR
OR00003323,2023-10-11,OR,C000065,3000,10,02,EUR
OR00003324,2023-05-15,OR,C000075,2000,10,01,USD
OR00003325,2023-10-26,ZOR,C000004,1000,10,00,USD
OR00003326,2023-09-27,RE,C000063,1000,10,02,GBP
OR00003327,2023-11-17,OR,C000020,3000,30,02,USD
OR00003328,2023-03-25,ZOR,C000076,3000,10,01,USD
OR00003329,2022-02-28,OR,C000073,1000,10,00,USD
OR00003330,2023-07-20,OR,C000066,1000,10,00,EUR
OR00003331,2023-06-11,RE,C000023,2000,30,02,EUR
OR00003332,2023-09-19,RE,C000025,1000,20,00,EUR
OR00003333,2022-04-12,OR,C000016,3000,10,00,USD
OR00003334,2022-05-15,ZOR,C000010,1000,10,01,USD
OR00003335,2024-02-29,RE,C000038,3000,10,01,EUR
OR00003336,2023-09-26,OR,C000078,1000,20,02,EUR
OR00003337,2024-03-26,RE,C000076,2000,20,02,GBP
OR00003338,2023-10-04,RE,C000067,3000,10,01,EUR
OR00003339,2023-05-24,RE,C000016,1000,10,00,GBP
OR00003340,2023-07-06,RE,C000012,3000,30,00,USD
OR00003341,2024-02-27,OR,C000004,1000,10,02,EUR
OR00003342,2023-05-11,ZOR,C000079,1000,10,00,EUR
OR00003343,2023-06-20,OR,C000060,2000,10,02,EUR
OR00003344,2022-03-24,ZOR,C000073,1000,10,02,EUR
OR00003345,2023-02-18,OR,C000028,2000,20,02,USD
OR00003346,2023-08-27,RE,C000080,1000,20,00,EUR
OR00003347,2022-08-12,RE,C000022,3000,30,00,USD
OR00003348,2022-05-24,ZOR,C000003,2000,30,01,USD
OR00003349,2022-09-26,OR,C000019,3000,30,00,USD
OR00003350,2022-07-10,ZOR,C000059,3000,30,02,USD
OR00003351,2022-06-09,RE,C000064,3000,30,02,EUR
OR00003352,2023-01-08,ZOR,C000033,1000,20,01,EUR
OR00003353,2024-03-25,RE,C000035,1000,10,02,EUR
OR00003354,2023-03-17,ZOR,C000079,3000,10,00,EUR
OR00003355,2022-05-06,RE,C000039,2000,20,02,GBP
OR00003356,2021-11-10,ZOR,C000056,2000,20,00,USD
OR00003357,2023-08-10,ZOR,C000019,1000,10,00,EUR
OR00003358,2022-12-01,ZOR,C000056,3000,10,02,USD
OR00003359,2023-12-07,RE,C000013,2000,10,00,EUR
OR00003360,2023-07-11,RE,C000012,1000,20,00,USD
OR00003361,2023-11-10,ZOR,C000051,3000,30,00,USD
OR00003362,2022-08-13,RE,C000046,1000,30,01,GBP
OR00003363,2023-08-06,OR,C000055,2000,20,02,USD
OR00003364,2022-08-05,ZOR,C000070,2000,10,02,EUR
OR00003365,2024-05-17,ZOR,C000027,1000,10,02,GBP
OR00003366,2023-06-23,RE,C000047,2000,30,02,GBP
OR00003367,2022-10-07,OR,C000014,1000,10,02,USD
OR00003368,2022-08-11,OR,C000061,1000,30,01,EUR
OR00003369,2022-05-10,ZOR,C000053,1000,20,00,USD
OR00003370,2023-08-08,OR,C000016,3000,10,01,USD
OR00003371,2022-06-13,RE,C000038,1000,30,00,USD
OR00003372,2023-05-23,OR,C000025,1000,30,00,EUR
OR00003373,2022-08-05,RE,C000065,3000,20,00,USD
OR00003374,2023-07-13,RE,C000062,2000,30,02,GBP
OR00003375,2023-11-29,ZOR,C000043,1000,10,02,USD
OR00003376,2023-10-22,RE,C000022,1000,30,02,USD
OR00003377,2023-10-06,OR,C000070,1000,20,01,GBP
OR00003378,2022-05-05,ZOR,C000070,1000,30,00,GBP
OR00003379,2021-12-03,RE,C000077,2000,20,02,GBP
OR00003380,2023-08-12,RE,C000067,1000,30,02,EUR
OR00003381,2022-11-18,ZOR,C000040,1000,30,00,USD
OR00003382,2023-01-14,RE,C000067,2000,30,00,EUR
OR00003383,2021-07-19,RE,C000023,3000,20,00,USD
OR00003384,2022-07-31,ZOR,C000057,3000,30,00,EUR
OR00003385,2021-07-27,OR,C000066,3000,10,00,USD
OR00003386,2024-02-14,ZOR,C000034,2000,30,02,EUR
OR00003387,2022-07-12,RE,C000077,2000,20,00,USD
OR00003388,2023-04-25,OR,C000023,1000,30,02,GBP
OR00003389,2021-08-12,RE,C000025,2000,30,00,EUR
OR00003390,2023-07-17,RE,C000017,3000,20,00,GBP
OR00003391,2022-10-05,OR,C000038,2000,30,02,USD
OR00003392,2024-03-10,OR,C000023,2000,20,00,USD
OR00003393,2024-02-26,RE,C000004,1000,30,01,USD
OR00003394,2022-10-08,OR,C000046,1000,20,01,USD
OR00003395,2024-03-15,OR,C000004,1000,30,00,USD
OR00003396,2024-11-03,OR,C000038,2000,30,01,USD
OR00003397,2023-12-11,OR,C000071,2000,20,02,GBP
OR00003398,2024-01-02,ZOR,C000079,2000,30,02,EUR
OR00003399,2022-07-19,RE,C000043,2000,20,02,GBP
OR00003400,2023-05-09,RE,C000015,2000,20,02,USD
OR00003401,2021-10-21,OR,C000005,3000,30,02,GBP
OR00003402,2021-12-15,OR,C000037,3000,30,02,EUR
OR00003403,2024-11-30,ZOR,C000001,2000,30,02,GBP
OR00003404,2022-10-09,OR,C000023,1000,30,02,GBP
OR00003405,2023-09-24,OR,C000069,3000,10,02,EUR
OR00003406,2023-11-20,ZOR,C000031,2000,10,00,USD
OR00003407,2024-01-18,OR,C000041,1000,20,02,EUR
OR00003408,2024-11-16,ZOR,C000006,2000,20,01,USD
OR00003409,2022-07-10,ZOR,C000007,3000,10,01,GBP
OR00003410,2021-08-16,ZOR,C000035,2000,10,01,USD
OR00003411,2022-12-27,ZOR,C000020,3000,20,00,GBP
OR00003412,2022-02-12,RE,C000065,2000,30,02,GBP
OR00003413,2021-06-19,ZOR,C000017,3000,20,00,EUR
OR00003414,2022-11-10,OR,C000050,2000,10,00,USD
OR00003415,2023-10-28,OR,C000055,2000,30,02,USD
OR00003416,2023-05-01,OR,C000062,1000,30,02,EUR
OR00003417,2022-09-25,OR,C000035,3000,20,02,EUR
OR00003418,2023-07-07,RE,C000061,3000,20,02,USD
OR00003419,2022-06-29,ZOR,C000003,3000,10,01,USD
OR00003420,2021-05-16,ZOR,C000001,2000,10,00,USD
OR00003421,2023-10-09,ZOR,C000065,1000,30,02,USD
OR00003422,2023-06-13,RE,C000071,2000,30,01,USD
OR00003423,2023-10-07,RE,C000013,3000,10,00,EUR
OR00003424,2021-08-12,ZOR,C000028,1000,10,00,GBP
OR00003425,2023-12-24,OR,C000048,2000,10,01,GBP
OR00003426,2023-06-10,ZOR,C000048,3000,30,01,USD
OR00003427,2023-04-29,OR,C000068,1000,10,02,USD
OR00003428,2023-06-14,OR,C000064,3000,20,01,GBP
OR00003429,2024-01-26,RE,C000048,1000,10,00,USD
OR00003430,2023-05-17,ZOR,C000007,3000,30,00,USD
OR00003431,2023-05-12,OR,C000003,3000,10,02,GBP
OR00003432,2024-10-02,ZOR,C000065,2000,30,01,GBP
OR00003433,2023-10-02,RE,C000026,3000,30,02,GBP
OR00003434,2023-01-23,ZOR,C000012,2000,30,02,GBP
OR00003435,2023-08-19,RE,C000054,1000,20,00,USD
OR00003436,2022-12-07,OR,C000065,2000,20,02,EUR
OR00003437,2022-06-26,RE,C000022,2000,30,01,USD
OR00003438,2023-05-24,OR,C000009,2000,20,01,EUR
OR00003439,2024-04-27,ZOR,C000007,2000,30,02,USD
OR00003440,2024-04-29,ZOR,C000030,3000,10,02,EUR
OR00003441,2022-10-24,OR,C000067,2000,10,00,USD
OR00003442,2023-04-02,RE,C000061,3000,30,01,EUR
OR00003443,2022-06-05,ZOR,C000061,1000,30,01,USD
OR00003444,2024-10-30,RE,C000033,1000,30,02,USD
OR00003445,2024-08-26,ZOR,C000069,3000,30,00,EUR
OR00003446,2023-07-03,OR,C000057,1000,10,01,EUR
OR00003447,2023-11-18,OR,C000029,3000,30,02,EUR
OR00003448,2023-08-26,ZOR,C000058,2000,30,02,EUR
OR00003449,2023-05-21,RE,C000076,2000,20,01,GBP
OR00003450,2021-09-19,OR,C000057,3000,30,02,USD
OR00003451,2023-02-02,ZOR,C000014,1000,20,00,GBP
OR00003452,2023-07-23,RE,C000042,1000,30,02,USD
OR00003453,2023-07-25,ZOR,C000048,2000,20,01,USD
OR00003454,2022-11-22,OR,C000029,3000,20,00,EUR
OR00003455,2024-05-22,OR,C000035,3000,30,01,USD
OR00003456,2022-04-08,OR,C000043,1000,10,00,EUR
OR00003457,2023-03-11,ZOR,C000072,2000,10,01,GBP
OR00003458,2023-08-05,OR,C000076,1000,30,01,USD
OR00003459,2023-08-10,RE,C000036,1000,20,01,USD
OR00003460,2023-07-02,RE,C000028,3000,30,00,GBP
OR00003461,2022-08-17,ZOR,C000077,1000,30,00,USD
OR00003462,2022-03-23,ZOR,C000070,3000,10,02,EUR
OR00003463,2023-06-22,OR,C000078,2000,20,00,USD
OR00003464,2023-05-26,ZOR,C000014,1000,30,00,EUR
OR00003465,2022-04-24,ZOR,C000025,1000,30,02,GBP
OR00003466,2023-08-17,RE,C000045,3000,20,02,GBP
OR00003467,2023-02-02,ZOR,C000060,2000,30,00,USD
OR00003468,2023-07-17,RE,C000006,1000,10,01,GBP
OR00003469,2023-12-24,RE,C000050,2000,20,02,USD
OR00003470,2022-04-11,RE,C000070,1000,30,00,EUR
OR00003471,2021-06-06,OR,C000057,2000,20,00,EUR
OR00003472,2023-10-24,ZOR,C000079,3000,20,02,GBP
OR00003473,2023-06-03,ZOR,C000052,3000,30,00,USD
OR00003474,2023-08-12,ZOR,C000005,3000,30,02,GBP
OR00003475,2023-12-25,ZOR,C000075,1000,10,02,USD
OR00003476,2023-11-16,ZOR,C000029,3000,20,02,EUR
OR00003477,2024-07-01,ZOR,C000037,1000,30,02,USD
OR00003478,2023-04-08,OR,C000045,1000,10,02,GBP
OR00003479,2023-03-02,RE,C000001,2000,30,00,USD
OR00003480,2022-12-18,RE,C000034,2000,10,01,GBP
OR00003481,2022-03-20,OR,C000013,2000,20,01,GBP
OR00003482,2023-05-06,RE,C000036,2000,10,00,EUR
OR00003483,2022-08-19,RE,C000009,1000,10,02,USD
OR00003484,2024-04-15,RE,C000040,3000,30,02,USD
OR00003485,2023-05-14,OR,C000022,3000,20,01,USD
OR00003486,2023-05-21,ZOR,C000056,1000,30,00,EUR
OR00003487,2022-11-05,ZOR,C000025,3000,20,01,USD
OR00003488,2021-09-15,RE,C000026,3000,20,01,GBP
OR00003489,2021-07-21,RE,C000027,1000,20,00,USD
OR00003490,2023-01-06,OR,C000069,3000,30,00,GBP
OR00003491,2021-11-25,ZOR,C000034,2000,10,01,USD
OR00003492,2023-06-01,RE,C000075,3000,20,01,GBP
OR00003493,2024-02-16,ZOR,C000034,3000,30,02,USD
OR00003494,2024-02-19,ZOR,C000048,1000,20,00,USD
OR00003495,2023-07-10,RE,C000051,1000,20,02,GBP
OR00003496,2022-06-04,OR,C000052,1000,20,00,USD
OR00003497,2024-01-24,ZOR,C000018,1000,10,01,EUR
OR00003498,2024-02-23,RE,C000036,2000,10,01,GBP
OR00003499,2022-05-17,ZOR,C000050,3000,10,00,GBP
OR00003500,2023-09-14,ZOR,C000003,2000,10,01,GBP
OR00003501,2022-08-29,ZOR,C000068,1000,20,02,EUR
OR00003502,2023-11-16,OR,C000075,1000,20,00,GBP
OR00003503,2024-11-12,OR,C000027,1000,30,01,EUR
OR00003504,2021-07-15,OR,C000021,2000,30,02,GBP
OR00003505,2024-03-10,OR,C000007,3000,20,01,GBP
OR00003506,2023-06-12,RE,C000002,2000,10,01,USD
OR00003507,2024-08-02,ZOR,C000047,1000,20,01,GBP
OR00003508,2023-02-11,ZOR,C000071,3000,30,02,EUR
OR00003509,2024-01-05,ZOR,C000013,3000,20,01,GBP
OR00003510,2021-10-10,ZOR,C000004,2000,10,00,EUR
OR00003511,2022-10-17,ZOR,C000070,1000,20,01,GBP
OR00003512,2021-10-20,RE,C000034,3000,20,00,GBP
OR00003513,2024-08-08,RE,C000036,1000,10,01,USD
OR00003514,2023-12-01,ZOR,C000055,3000,20,02,GBP
OR00003515,2024-01-11,OR,C000066,1000,30,02,GBP
OR00003516,2024-05-15,OR,C000035,2000,30,02,USD
OR00003517,2021-11-26,ZOR,C000008,3000,20,00,USD
OR00003518,2022-12-04,RE,C000040,1000,30,00,GBP
OR00003519,2021-10-29,RE,C000019,2000,10,01,USD
OR00003520,2022-06-04,OR,C000073,1000,10,01,USD
OR00003521,2022-06-26,OR,C000060,3000,10,02,USD
OR00003522,2023-02-14,RE,C000030,3000,10,01,GBP
OR00003523,2022-08-10,ZOR,C000065,2000,30,00,EUR
OR00003524,2021-12-26,ZOR,C000060,1000,30,02,EUR
OR00003525,2022-04-08,OR,C000023,1000,10,01,EUR
OR00003526,2022-03-11,ZOR,C000056,3000,10,00,USD
OR00003527,2024-08-01,ZOR,C000015,1000,10,00,EUR
OR00003528,2023-10-04,ZOR,C000080,2000,30,00,USD
OR00003529,2024-07-18,RE,C000025,1000,10,02,EUR
OR00003530,2023-01-20,RE,C000039,3000,10,02,GBP
OR00003531,2022-08-20,ZOR,C000007,2000,20,00,EUR
OR00003532,2023-11-12,OR,C000075,2000,30,00,USD
OR00003533,2022-10-08,ZOR,C000018,1000,20,00,EUR
OR00003534,2022-09-11,OR,C000016,2000,30,01,USD
OR00003535,2022-06-30,ZOR,C000018,1000,30,02,EUR
OR00003536,2022-02-12,RE,C000035,2000,20,02,USD
OR00003537,2022-07-27,RE,C000042,3000,20,00,EUR
OR00003538,2022-11-06,OR,C000008,2000,10,02,GBP
OR00003539,2023-07-22,ZOR,C000010,3000,20,01,GBP
OR00003540,2021-10-10,OR,C000067,2000,20,00,USD
OR00003541,2022-06-03,ZOR,C000061,3000,10,01,EUR
OR00003542,2023-11-23,OR,C000079,2000,10,02,GBP
OR00003543,2022-03-10,OR,C000072,1000,20,00,GBP
OR00003544,2022-10-24,RE,C000045,1000,20,00,EUR
OR00003545,2024-01-26,ZOR,C000042,1000,10,00,GBP
OR00003546,2022-03-22,OR,C000003,3000,30,02,GBP
OR00003547,2021-11-22,ZOR,C000026,1000,10,00,USD
OR00003548,2023-02-27,OR,C000045,3000,30,00,USD
OR00003549,2022-09-14,RE,C000015,2000,20,00,GBP
OR00003550,2023-04-29,OR,C000037,2000,10,02,USD
OR00003551,2023-11-17,OR,C000069,2000,20,01,USD
OR00003552,2022-02-23,ZOR,C000070,3000,10,00,EUR
OR00003553,2023-05-12,OR,C000002,2000,30,00,EUR
OR00003554,2023-03-16,ZOR,C000056,1000,10,02,EUR
OR00003555,2022-03-06,OR,C000003,3000,30,01,USD
OR00003556,2023-06-13,ZOR,C000060,1000,30,01,EUR
OR00003557,2022-08-15,RE,C000036,3000,10,01,EUR
OR00003558,2023-03-01,RE,C000025,3000,30,01,USD
OR00003559,2021-11-21,OR,C000016,1000,10,00,USD
OR00003560,2023-02-06,RE,C000070,3000,20,02,GBP
OR00003561,2022-09-19,RE,C000007,3000,10,01,USD
OR00003562,2023-12-07,RE,C000047,1000,30,02,GBP
OR00003563,2021-09-27,OR,C000073,1000,30,00,EUR
OR00003564,2023-01-02,ZOR,C000034,3000,20,00,USD
OR00003565,2023-02-05,OR,C000049,1000,20,00,EUR
OR00003566,2023-09-03,OR,C000056,1000,10,00,USD
OR00003567,2023-05-08,ZOR,C000061,3000,20,01,GBP
OR00003568,2023-07-17,OR,C000016,1000,10,02,GBP
OR00003569,2023-10-21,RE,C000059,1000,30,02,USD
OR00003570,2024-01-23,ZOR,C000045,3000,10,02,USD
OR00003571,2022-09-26,ZOR,C000058,2000,20,01,GBP
OR00003572,2023-04-10,ZOR,C000008,3000,10,02,GBP
OR00003573,2023-12-27,ZOR,C000040,2000,30,02,EUR
OR00003574,2024-09-27,ZOR,C000017,1000,10,00,EUR
OR00003575,2024-02-28,OR,C000024,3000,10,00,EUR
OR00003576,2022-11-21,ZOR,C000039,2000,20,02,GBP
OR00003577,2022-05-15,OR,C000076,3000,10,02,EUR
OR00003578,2023-03-03,ZOR,C000055,2000,20,01,USD
OR00003579,2023-09-18,ZOR,C000070,1000,20,02,EUR
OR00003580,2023-03-05,OR,C000062,2000,10,01,GBP
OR00003581,2023-02-26,ZOR,C000042,1000,10,00,USD
OR00003582,2023-12-25,RE,C000074,2000,30,01,GBP
OR00003583,2022-11-11,ZOR,C000066,2000,20,02,USD
OR00003584,2024-01-20,OR,C000052,3000,10,01,USD
OR00003585,2022-12-23,ZOR,C000006,2000,20,02,GBP
OR00003586,2022-10-10,RE,C000042,1000,20,00,USD
OR00003587,2023-02-01,ZOR,C000071,3000,10,00,EUR
OR00003588,2023-10-07,ZOR,C000041,1000,30,01,EUR
OR00003589,2022-02-06,ZOR,C000032,3000,10,00,GBP
OR00003590,2022-05-17,RE,C000066,3000,30,02,USD
OR00003591,2024-06-10,RE,C000034,1000,10,02,USD
OR00003592,2022-04-19,RE,C000037,2000,10,02,GBP
OR00003593,2023-05-03,ZOR,C000010,2000,10,00,USD
OR00003594,2023-05-11,RE,C000051,3000,20,01,USD
OR00003595,2023-03-03,OR,C000032,1000,10,01,USD
OR00003596,2023-06-29,OR,C000017,2000,30,01,GBP
OR00003597,2022-06-27,RE,C000074,3000,20,02,USD
OR00003598,2023-04-21,ZOR,C000068,1000,30,00,USD
OR00003599,2022-11-21,RE,C000022,3000,20,02,USD
OR00003600,2023-07-12,OR,C000010,3000,20,01,GBP
OR00003601,2022-03-01,OR,C000001,1000,20,00,GBP
OR00003602,2023-05-05,OR,C000073,3000,20,02,EUR
OR00003603,2022-05-02,OR,C000040,3000,10,00,GBP
OR00003604,2022-08-20,OR,C000001,3000,30,01,GBP
OR00003605,2022-06-13,OR,C000014,3000,20,01,USD
OR00003606,2022-04-29,OR,C000018,2000,20,02,USD
OR00003607,2023-12-11,OR,C000020,1000,20,01,USD
OR00003608,2022-08-28,ZOR,C000056,3000,30,01,USD
OR00003609,2024-04-25,RE,C000062,2000,30,00,EUR
OR00003610,2024-07-23,ZOR,C000019,2000,30,02,USD
OR00003611,2023-05-05,ZOR,C000017,1000,10,01,EUR
OR00003612,2022-03-04,ZOR,C000025,2000,20,01,EUR
OR00003613,2022-11-24,ZOR,C000056,2000,20,01,GBP
OR00003614,2023-11-11,ZOR,C000038,1000,30,02,USD
OR00003615,2022-11-17,OR,C000024,2000,20,02,EUR
OR00003616,2021-11-30,RE,C000047,3000,30,02,USD
OR00003617,2023-04-24,RE,C000021,2000,30,00,EUR
OR00003618,2024-01-02,OR,C000012,2000,10,00,USD
OR00003619,2023-11-09,RE,C000037,3000,10,01,EUR
OR00003620,2022-04-19,OR,C000026,2000,10,02,USD
OR00003621,2023-07-21,ZOR,C000044,1000,30,00,GBP
OR00003622,2022-06-16,OR,C000028,2000,10,00,USD
OR00003623,2022-06-13,RE,C000035,2000,10,00,EUR
OR00003624,2024-02-07,ZOR,C000024,3000,30,02,USD
OR00003625,2022-07-20,RE,C000002,1000,30,01,USD
OR00003626,2022-08-04,RE,C000052,2000,20,00,EUR
OR00003627,2021-01-29,ZOR,C000063,3000,10,01,GBP
OR00003628,2024-02-02,ZOR,C000018,1000,20,00,USD
OR00003629,2023-11-06,ZOR,C000045,2000,10,00,GBP
OR00003630,2023-06-16,RE,C000054,2000,10,02,EUR
OR00003631,2023-09-26,ZOR,C000049,1000,10,02,GBP
OR00003632,2022-03-17,ZOR,C000049,3000,30,00,USD
OR00003633,2023-02-05,RE,C000045,3000,30,01,USD
OR00003634,2022-11-02,ZOR,C000075,1000,20,02,USD
OR00003635,2021-12-13,OR,C000079,1000,20,00,USD
OR00003636,2023-02-28,RE,C000002,3000,30,02,GBP
OR00003637,2024-04-15,ZOR,C000022,2000,30,00,USD
OR00003638,2021-08-15,ZOR,C000034,2000,20,00,EUR
OR00003639,2022-09-03,OR,C000019,2000,10,00,USD
OR00003640,2022-05-31,ZOR,C000056,3000,10,02,EUR
OR00003641,2022-07-06,RE,C000013,2000,30,02,USD
OR00003642,2024-03-26,RE,C000053,2000,20,02,USD
OR00003643,2023-02-13,ZOR,C000015,2000,20,00,GBP
OR00003644,2023-02-12,ZOR,C000041,2000,20,02,GBP
OR00003645,2023-10-06,OR,C000016,3000,20,00,GBP
OR00003646,2022-03-21,RE,C000080,1000,30,01,GBP
OR00003647,2023-03-01,RE,C000066,2000,30,01,USD
OR00003648,2023-01-12,RE,C000026,2000,20,00,GBP
OR00003649,2023-05-24,RE,C000059,1000,10,01,GBP
OR00003650,2024-12-11,OR,C000058,1000,10,00,USD
OR00003651,2023-10-14,ZOR,C000073,2000,20,00,USD
OR00003652,2022-12-15,OR,C000036,1000,10,02,GBP
OR00003653,2023-12-13,ZOR,C000025,1000,30,01,USD
OR00003654,2022-04-13,RE,C000015,1000,30,02,GBP
OR00003655,2021-07-17,RE,C000034,1000,30,00,GBP
OR00003656,2022-05-27,ZOR,C000004,3000,10,00,EUR
OR00003657,2022-10-22,OR,C000057,1000,30,01,USD
OR00003658,2023-03-20,OR,C000062,3000,10,01,GBP
OR00003659,2023-06-07,OR,C000012,2000,20,02,GBP
OR00003660,2024-03-29,RE,C000069,2000,20,00,USD
OR00003661,2023-03-19,ZOR,C000014,3000,30,02,EUR
OR00003662,2023-03-12,ZOR,C000072,3000,10,01,EUR
OR00003663,2021-09-11,RE,C000002,3000,10,01,USD
OR00003664,2021-07-31,RE,C000050,3000,10,02,GBP
OR00003665,2023-04-20,ZOR,C000052,1000,20,00,EUR
OR00003666,2023-01-19,RE,C000058,3000,10,00,EUR
OR00003667,2023-12-26,OR,C000020,1000,20,01,USD
OR00003668,2022-03-30,RE,C000070,1000,10,00,EUR
OR00003669,2021-06-28,OR,C000061,2000,20,02,GBP
OR00003670,2023-01-28,OR,C000073,3000,20,02,GBP
OR00003671,2022-07-06,OR,C000051,3000,30,00,GBP
OR00003672,2021-09-09,RE,C000063,3000,30,01,USD
OR00003673,2023-09-03,RE,C000026,1000,20,02,GBP
OR00003674,2022-01-13,OR,C000067,3000,20,01,EUR
OR00003675,2023-06-02,RE,C000006,3000,20,00,GBP
OR00003676,2022-08-23,RE,C000044,2000,30,00,USD
OR00003677,2022-04-17,RE,C000008,3000,10,01,EUR
OR00003678,2022-11-28,OR,C000058,2000,30,01,EUR
OR00003679,2023-11-15,RE,C000034,2000,30,00,GBP
OR00003680,2022-12-10,ZOR,C000037,2000,20,02,EUR
OR00003681,2023-09-27,RE,C000007,1000,10,01,GBP
OR00003682,2022-02-05,RE,C000039,3000,10,02,GBP
OR00003683,2023-10-17,OR,C000055,3000,20,01,EUR
OR00003684,2022-07-05,OR,C000013,2000,10,02,USD
OR00003685,2023-07-25,RE,C000020,3000,20,00,EUR
OR00003686,2023-05-01,ZOR,C000072,2000,10,02,USD
OR00003687,2024-04-29,OR,C000046,2000,10,01,EUR
OR00003688,2022-12-05,RE,C000080,3000,20,02,GBP
OR00003689,2021-10-18,OR,C000014,1000,10,01,EUR
OR00003690,2021-06-06,ZOR,C000008,1000,30,02,EUR
OR00003691,2023-12-12,OR,C000056,2000,10,01,USD
OR00003692,2023-03-31,OR,C000016,3000,20,02,GBP
OR00003693,2023-10-20,ZOR,C000037,3000,20,02,GBP
OR00003694,2022-07-02,RE,C000076,3000,10,01,EUR
OR00003695,2022-10-27,RE,C000018,1000,10,00,USD
OR00003696,2021-07-16,ZOR,C000001,1000,10,02,USD
OR00003697,2024-07-02,OR,C000064,2000,30,01,EUR
OR00003698,2023-07-17,RE,C000026,1000,20,00,GBP
OR00003699,2024-05-06,RE,C000006,1000,30,00,GBP
OR00003700,2022-08-06,RE,C000065,1000,20,02,GBP
OR00003701,2023-06-04,ZOR,C000007,1000,30,00,USD
OR00003702,2023-07-26,OR,C000080,1000,30,02,USD
OR00003703,2022-09-30,ZOR,C000015,1000,10,00,EUR
OR00003704,2024-01-06,RE,C000061,3000,20,01,USD
OR00003705,2024-06-01,RE,C000025,2000,10,00,USD
OR00003706,2024-02-21,RE,C000032,2000,10,02,EUR
OR00003707,2023-09-16,RE,C000034,1000,30,00,EUR
OR00003708,2022-08-19,OR,C000010,3000,10,01,EUR
OR00003709,2022-08-24,RE,C000074,2000,20,00,EUR
OR00003710,2024-07-07,RE,C000055,2000,10,00,EUR
OR00003711,2021-04-25,ZOR,C000008,3000,10,02,USD
OR00003712,2023-08-26,OR,C000046,3000,30,00,EUR
OR00003713,2023-08-18,ZOR,C000045,2000,20,02,GBP
OR00003714,2023-06-12,RE,C000036,2000,30,01,USD
OR00003715,2024-09-30,OR,C000007,1000,30,00,USD
OR00003716,2022-09-24,ZOR,C000054,1000,30,01,USD
OR00003717,2022-10-22,OR,C000028,2000,20,00,GBP
OR00003718,2021-11-14,ZOR,C000010,2000,30,01,USD
OR00003719,2023-01-23,OR,C000020,1000,30,00,EUR
OR00003720,2022-08-01,OR,C000007,1000,20,01,GBP
OR00003721,2022-10-25,OR,C000062,2000,30,00,EUR
OR00003722,2023-12-21,ZOR,C000044,1000,10,00,USD
OR00003723,2024-05-10,ZOR,C000017,1000,30,01,GBP
OR00003724,2022-05-03,ZOR,C000062,2000,10,02,USD
OR00003725,2022-11-22,OR,C000068,1000,30,02,EUR
OR00003726,2024-04-28,RE,C000016,1000,20,02,GBP
OR00003727,2021-10-09,OR,C000076,1000,20,02,EUR
OR00003728,2021-12-10,ZOR,C000042,1000,10,00,USD
OR00003729,2022-04-02,RE,C000006,3000,10,02,EUR
OR00003730,2023-05-23,RE,C000009,3000,10,02,GBP
OR00003731,2022-03-15,OR,C000050,3000,20,02,GBP
OR00003732,2024-07-19,ZOR,C000061,2000,30,02,GBP
OR00003733,2023-01-26,ZOR,C000067,1000,10,00,USD
OR00003734,2023-03-12,RE,C000063,3000,30,02,EUR
OR00003735,2022-07-16,ZOR,C000039,1000,30,00,GBP
OR00003736,2023-02-16,RE,C000047,1000,30,00,GBP
OR00003737,2023-07-13,RE,C000064,2000,20,00,GBP
OR00003738,2023-09-27,OR,C000054,1000,30,02,GBP
OR00003739,2023-09-29,OR,C000045,3000,10,01,USD
OR00003740,2023-05-10,OR,C000032,2000,20,01,USD
OR00003741,2024-03-20,ZOR,C000021,2000,30,01,EUR
OR00003742,2023-12-02,RE,C000009,2000,20,01,EUR
OR00003743,2023-10-02,ZOR,C000077,2000,10,01,USD
OR00003744,2021-09-24,ZOR,C000049,1000,30,02,GBP
OR00003745,2021-04-04,RE,C000018,3000,30,00,USD
OR00003746,2022-06-06,OR,C000055,3000,10,02,GBP
OR00003747,2023-07-14,RE,C000074,2000,20,01,EUR
OR00003748,2022-12-27,RE,C000067,2000,20,00,USD
OR00003749,2022-12-19,RE,C000001,1000,30,02,GBP
OR00003750,2024-02-21,OR,C000033,2000,10,00,EUR
OR00003751,2024-03-07,OR,C000037,2000,30,00,EUR
OR00003752,2024-03-27,RE,C000074,3000,20,02,EUR
OR00003753,2022-09-26,ZOR,C000008,3000,30,02,EUR
OR00003754,2023-08-05,RE,C000005,2000,30,00,EUR
OR00003755,2022-08-13,OR,C000070,1000,30,01,EUR
OR00003756,2022-05-09,ZOR,C000053,1000,20,01,EUR
OR00003757,2022-05-01,OR,C000034,2000,10,01,USD
OR00003758,2022-10-24,RE,C000057,3000,10,00,USD
OR00003759,2023-01-12,OR,C000045,3000,30,01,USD
OR00003760,2023-12-17,OR,C000071,3000,10,02,GBP
OR00003761,2022-01-27,OR,C000063,3000,10,02,EUR
OR00003762,2023-09-12,OR,C000064,3000,20,00,USD
OR00003763,2023-04-05,ZOR,C000014,1000,30,01,USD
OR00003764,2022-08-30,ZOR,C000026,3000,30,01,USD
OR00003765,2023-03-05,OR,C000073,2000,30,02,USD
OR00003766,2022-09-12,ZOR,C000051,1000,20,02,EUR
OR00003767,2023-05-24,OR,C000070,3000,10,02,EUR
OR00003768,2023-01-15,OR,C000059,2000,30,00,GBP
OR00003769,2022-04-04,RE,C000059,2000,10,00,USD
OR00003770,2022-01-22,ZOR,C000022,2000,20,02,EUR
OR00003771,2023-04-17,RE,C000015,3000,30,01,GBP
OR00003772,2024-03-17,ZOR,C000002,1000,30,02,EUR
OR00003773,2022-10-26,ZOR,C000040,1000,20,01,EUR
OR00003774,2023-09-10,ZOR,C000035,2000,10,00,GBP
OR00003775,2023-07-10,RE,C000042,1000,30,01,USD
OR00003776,2024-05-03,OR,C000018,3000,20,00,EUR
OR00003777,2023-12-06,OR,C000044,2000,30,00,USD
OR00003778,2023-05-02,ZOR,C000061,1000,20,01,EUR
OR00003779,2023-07-09,ZOR,C000029,1000,10,01,GBP
OR00003780,2024-03-11,ZOR,C000044,2000,10,00,USD
OR00003781,2022-12-16,OR,C000021,1000,20,00,USD
OR00003782,2022-10-09,ZOR,C000018,1000,30,02,USD
OR00003783,2021-04-28,RE,C000021,2000,20,02,EUR
OR00003784,2023-12-12,ZOR,C000061,1000,10,02,GBP
OR00003785,2023-11-15,ZOR,C000034,3000,30,00,USD
OR00003786,2022-01-01,RE,C000002,2000,30,00,USD
OR00003787,2023-05-09,ZOR,C000057,3000,20,01,EUR
OR00003788,2023-02-10,OR,C000026,1000,30,00,USD
OR00003789,2022-01-25,OR,C000071,1000,10,00,EUR
OR00003790,2024-08-24,ZOR,C000042,2000,10,02,USD
OR00003791,2022-06-09,OR,C000001,1000,10,00,USD
OR00003792,2021-10-21,ZOR,C000014,3000,30,02,EUR
OR00003793,2023-05-23,ZOR,C000035,3000,10,01,GBP
OR00003794,2023-09-16,ZOR,C000061,2000,30,00,GBP
OR00003795,2021-07-23,OR,C000061,3000,30,00,GBP
OR00003796,2023-07-10,OR,C000075,2000,30,01,EUR
OR00003797,2023-04-06,OR,C000010,1000,10,00,GBP
OR00003798,2021-12-30,ZOR,C000062,2000,30,00,EUR
OR00003799,2022-04-15,OR,C000057,3000,10,02,EUR
OR00003800,2023-05-03,OR,C000067,2000,10,02,EUR
OR00003801,2022-09-08,OR,C000039,1000,20,00,USD
OR00003802,2024-05-15,OR,C000052,2000,10,01,EUR
OR00003803,2023-12-03,ZOR,C000020,2000,20,01,GBP
OR00003804,2024-09-03,ZOR,C000058,1000,10,00,EUR
OR00003805,2022-07-31,RE,C000045,3000,30,00,USD
OR00003806,2024-07-23,OR,C000078,3000,10,02,EUR
OR00003807,2023-01-13,RE,C000050,1000,20,00,USD
OR00003808,2022-10-29,ZOR,C000063,3000,20,00,GBP
OR00003809,2021-09-11,ZOR,C000025,1000,10,02,USD
OR00003810,2021-09-17,ZOR,C000003,3000,20,01,GBP
OR00003811,2023-08-06,ZOR,C000006,2000,10,02,EUR
OR00003812,2023-02-05,RE,C000062,3000,10,00,EUR
OR00003813,2022-06-23,ZOR,C000046,3000,20,01,GBP
OR00003814,2023-06-06,OR,C000006,3000,30,00,GBP
OR00003815,2022-07-23,RE,C000053,3000,20,00,GBP
OR00003816,2023-05-10,RE,C000032,3000,10,02,USD
OR00003817,2022-11-09,RE,C000031,3000,30,00,EUR
OR00003818,2023-12-09,OR,C000056,1000,20,00,GBP
OR00003819,2023-12-05,RE,C000039,1000,10,00,USD
OR00003820,2023-02-21,OR,C000032,2000,20,00,EUR
OR00003821,2022-11-01,RE,C000049,1000,30,00,USD
OR00003822,2022-11-12,RE,C000011,2000,10,00,USD
OR00003823,2023-11-19,OR,C000022,2000,10,00,EUR
OR00003824,2022-10-10,ZOR,C000041,3000,10,00,USD
OR00003825,2022-06-02,RE,C000023,1000,10,00,USD
OR00003826,2021-11-26,RE,C000044,3000,30,01,EUR
OR00003827,2023-02-12,ZOR,C000072,1000,20,00,EUR
OR00003828,2023-02-25,ZOR,C000029,3000,10,00,GBP
OR00003829,2023-12-28,ZOR,C000050,3000,10,00,GBP
OR00003830,2022-06-16,ZOR,C000026,3000,30,00,EUR
OR00003831,2022-11-30,OR,C000040,2000,20,00,USD
OR00003832,2023-11-22,OR,C000008,3000,20,02,USD
OR00003833,2023-12-09,RE,C000014,3000,10,00,GBP
OR00003834,2022-12-03,RE,C000023,3000,30,00,EUR
OR00003835,2023-02-06,OR,C000043,1000,10,02,GBP
OR00003836,2022-09-15,RE,C000074,2000,20,00,EUR
OR00003837,2024-05-05,ZOR,C000074,2000,30,01,EUR
OR00003838,2022-01-25,OR,C000014,2000,10,02,GBP
OR00003839,2024-05-07,RE,C000002,3000,30,02,USD
OR00003840,2023-07-30,OR,C000005,2000,10,00,USD
OR00003841,2023-04-05,ZOR,C000079,2000,10,00,USD
OR00003842,2021-07-24,RE,C000039,2000,30,01,USD
OR00003843,2023-02-19,ZOR,C000040,1000,20,00,EUR
OR00003844,2022-12-24,OR,C000051,1000,20,00,EUR
OR00003845,2022-03-31,RE,C000054,1000,30,01,EUR
OR00003846,2023-07-08,OR,C000038,3000,10,02,USD
OR00003847,2024-07-27,ZOR,C000039,3000,10,00,USD
OR00003848,2023-04-28,ZOR,C000078,3000,20,01,GBP
OR00003849,2023-08-25,OR,C000046,1000,20,02,EUR
OR00003850,2021-10-23,RE,C000050,3000,30,01,EUR
OR00003851,2023-01-01,ZOR,C000026,1000,30,02,EUR
OR00003852,2022-01-21,RE,C000074,2000,20,02,USD
OR00003853,2023-06-05,ZOR,C000014,2000,10,01,USD
OR00003854,2024-05-15,RE,C000029,2000,10,01,GBP
OR00003855,2023-07-12,OR,C000045,2000,30,02,USD
OR00003856,2021-11-10,RE,C000008,3000,20,00,GBP
OR00003857,2022-11-05,OR,C000053,2000,20,00,GBP
OR00003858,2023-04-20,RE,C000057,2000,30,02,GBP
OR00003859,2022-12-20,OR,C000021,1000,20,01,USD
OR00003860,2023-12-20,RE,C000062,3000,20,00,EUR
OR00003861,2023-11-29,RE,C000007,3000,20,02,GBP
OR00003862,2023-06-04,RE,C000012,1000,10,02,USD
OR00003863,2022-11-23,RE,C000046,2000,20,01,GBP
OR00003864,2022-07-26,RE,C000027,1000,10,02,GBP
OR00003865,2022-01-03,ZOR,C000036,3000,30,02,USD
OR00003866,2022-11-05,ZOR,C000075,2000,20,00,USD
OR00003867,2022-12-28,RE,C000030,1000,10,02,USD
OR00003868,2023-07-24,RE,C000076,1000,30,00,GBP
OR00003869,2023-07-10,OR,C000042,3000,30,02,GBP
OR00003870,2021-10-27,RE,C000008,3000,20,02,USD
OR00003871,2022-12-12,ZOR,C000071,2000,10,00,GBP
OR00003872,2022-04-28,ZOR,C000021,3000,20,00,GBP
OR00003873,2022-03-24,RE,C000050,2000,30,00,USD
OR00003874,2023-12-13,RE,C000050,3000,20,00,EUR
OR00003875,2021-08-20,OR,C000016,1000,30,02,GBP
OR00003876,2023-01-03,RE,C000037,3000,10,01,USD
OR00003877,2022-04-09,OR,C000066,1000,30,02,USD
OR00003878,2024-02-14,RE,C000071,3000,30,01,GBP
OR00003879,2023-04-25,OR,C000066,2000,20,00,GBP
OR00003880,2022-06-28,RE,C000020,1000,20,00,USD
OR00003881,2023-03-13,ZOR,C000006,2000,10,02,GBP
OR00003882,2023-09-09,ZOR,C000041,1000,10,02,GBP
OR00003883,2024-06-25,OR,C000015,1000,30,02,GBP
OR00003884,2022-06-15,OR,C000005,2000,20,01,EUR
OR00003885,2024-02-23,OR,C000078,2000,30,00,USD
OR00003886,2024-05-08,ZOR,C000077,1000,20,00,GBP
OR00003887,2024-04-08,RE,C000043,3000,30,01,EUR
OR00003888,2023-06-22,ZOR,C000005,3000,10,02,USD
OR00003889,2023-06-18,OR,C000049,1000,10,01,EUR
OR00003890,2022-12-20,RE,C000054,1000,20,01,GBP
OR00003891,2023-09-28,OR,C000068,2000,30,02,USD
OR00003892,2023-04-05,RE,C000022,1000,20,00,GBP
OR00003893,2023-07-25,ZOR,C000004,1000,10,01,USD
OR00003894,2023-01-11,RE,C000047,1000,30,02,EUR
OR00003895,2023-09-09,OR,C000019,2000,20,02,EUR
OR00003896,2023-12-10,OR,C000026,2000,30,02,GBP
OR00003897,2022-03-09,RE,C000033,2000,20,01,GBP
OR00003898,2023-12-19,ZOR,C000072,2000,20,02,EUR
OR00003899,2023-04-12,OR,C000065,1000,30,01,USD
OR00003900,2024-01-02,ZOR,C000013,1000,30,02,EUR
OR00003901,2023-01-13,OR,C000031,2000,30,02,USD
OR00003902,2022-11-28,ZOR,C000074,2000,20,01,GBP
OR00003903,2024-04-05,RE,C000039,1000,10,00,GBP
OR00003904,2022-07-21,OR,C000017,3000,10,02,EUR
OR00003905,2024-01-01,ZOR,C000031,2000,20,00,EUR
OR00003906,2023-02-26,RE,C000049,1000,20,00,EUR
OR00003907,2023-03-22,ZOR,C000002,2000,20,02,EUR
OR00003908,2022-09-21,RE,C000031,3000,20,02,GBP
OR00003909,2023-05-07,RE,C000053,1000,10,02,GBP
OR00003910,2022-10-07,ZOR,C000073,3000,20,00,USD
OR00003911,2021-08-13,RE,C000022,2000,30,01,USD
OR00003912,2022-08-13,OR,C000027,1000,20,02,EUR
OR00003913,2021-04-01,RE,C000059,1000,20,00,EUR
OR00003914,2024-08-17,RE,C000040,3000,10,02,USD
OR00003915,2024-07-13,RE,C000073,3000,10,00,GBP
OR00003916,2022-12-12,ZOR,C000050,1000,30,00,USD
OR00003917,2023-09-06,RE,C000019,2000,20,01,GBP
OR00003918,2022-10-28,RE,C000029,2000,30,02,GBP
OR00003919,2023-07-20,ZOR,C000026,3000,30,01,EUR
OR00003920,2023-11-19,RE,C000069,1000,20,01,GBP
OR00003921,2024-05-31,ZOR,C000037,1000,10,01,GBP
OR00003922,2022-12-17,OR,C000045,3000,30,01,GBP
OR00003923,2023-10-28,ZOR,C000070,3000,20,00,GBP
OR00003924,2022-08-07,OR,C000051,1000,20,02,USD
OR00003925,2024-10-01,ZOR,C000041,1000,30,00,USD
OR00003926,2021-07-01,ZOR,C000026,1000,10,00,GBP
OR00003927,2023-05-29,ZOR,C000037,3000,20,00,GBP
OR00003928,2023-07-11,ZOR,C000030,1000,10,00,USD
OR00003929,2023-08-03,ZOR,C000056,2000,20,02,USD
OR00003930,2022-01-28,RE,C000031,1000,10,01,GBP
OR00003931,2024-05-16,ZOR,C000021,2000,20,00,EUR
OR00003932,2022-04-27,OR,C000051,2000,20,00,GBP
OR00003933,2023-06-12,OR,C000045,2000,10,01,USD
OR00003934,2022-06-18,ZOR,C000007,1000,10,00,EUR
OR00003935,2022-09-19,OR,C000029,1000,10,02,USD
OR00003936,2023-04-17,RE,C000015,2000,10,02,GBP
OR00003937,2023-01-01,RE,C000029,3000,10,00,GBP
OR00003938,2022-03-29,RE,C000005,1000,30,01,USD
OR00003939,2022-04-13,ZOR,C000053,2000,20,01,EUR
OR00003940,2023-01-02,ZOR,C000046,3000,30,00,EUR
OR00003941,2023-10-03,ZOR,C000001,3000,30,00,EUR
OR00003942,2024-03-11,ZOR,C000057,1000,20,01,USD
OR00003943,2021-11-25,RE,C000062,1000,30,01,GBP
OR00003944,2022-12-11,RE,C000001,1000,30,01,GBP
OR00003945,2021-12-25,ZOR,C000040,3000,20,00,EUR
OR00003946,2021-05-26,RE,C000075,3000,30,02,USD
OR00003947,2023-07-12,RE,C000018,1000,10,02,EUR
OR00003948,2023-05-28,RE,C000011,1000,10,01,USD
OR00003949,2022-04-02,OR,C000042,3000,10,02,EUR
OR00003950,2022-07-01,RE,C000041,2000,30,01,EUR
OR00003951,2021-06-24,RE,C000056,3000,30,02,USD
OR00003952,2023-12-21,RE,C000074,2000,20,00,GBP
OR00003953,2024-08-06,ZOR,C000066,2000,10,00,USD
OR00003954,2022-02-21,RE,C000058,2000,20,00,EUR
OR00003955,2022-06-29,RE,C000070,1000,30,01,USD
OR00003956,2024-01-31,ZOR,C000037,2000,30,00,GBP
OR00003957,2024-04-24,OR,C000011,2000,20,02,GBP
OR00003958,2023-01-03,OR,C000077,3000,10,01,USD
OR00003959,2021-09-12,RE,C000027,1000,10,02,USD
OR00003960,2021-08-13,OR,C000015,3000,20,02,EUR
OR00003961,2023-05-07,OR,C000041,3000,20,02,EUR
OR00003962,2022-12-10,RE,C000076,1000,20,00,USD
OR00003963,2021-07-11,OR,C000003,2000,30,00,USD
OR00003964,2023-05-14,RE,C000044,1000,10,01,GBP
OR00003965,2021-05-01,OR,C000009,3000,30,02,GBP
OR00003966,2023-11-01,OR,C000052,3000,20,01,EUR
OR00003967,2022-09-19,RE,C000039,3000,30,02,EUR
OR00003968,2021-08-15,ZOR,C000056,2000,10,00,EUR
OR00003969,2023-05-18,ZOR,C000056,2000,30,02,GBP
OR00003970,2022-12-15,RE,C000063,3000,10,01,USD
OR00003971,2024-08-03,ZOR,C000014,1000,10,00,USD
OR00003972,2023-04-15,OR,C000074,3000,20,00,USD
OR00003973,2022-08-17,OR,C000046,3000,10,02,EUR
OR00003974,2023-08-21,ZOR,C000031,2000,30,00,EUR
OR00003975,2022-08-13,RE,C000068,2000,10,01,USD
OR00003976,2024-03-20,OR,C000071,3000,30,00,GBP
OR00003977,2022-11-24,OR,C000074,2000,20,02,USD
OR00003978,2023-04-19,OR,C000058,2000,20,02,GBP
OR00003979,2021-09-12,ZOR,C000079,3000,20,02,EUR
OR00003980,2023-01-09,ZOR,C000019,1000,30,01,EUR
OR00003981,2023-12-18,OR,C000025,3000,10,02,EUR
OR00003982,2023-11-19,OR,C000024,2000,30,01,USD
OR00003983,2022-06-20,RE,C000028,2000,20,01,USD
OR00003984,2022-06-22,RE,C000052,2000,30,01,GBP
OR00003985,2023-12-02,ZOR,C000018,2000,20,00,GBP
OR00003986,2024-05-01,OR,C000021,3000,10,00,GBP
OR00003987,2021-12-16,ZOR,C000014,1000,20,00,EUR
OR00003988,2023-01-29,RE,C000055,2000,30,00,USD
OR00003989,2022-10-19,OR,C000037,2000,30,02,GBP
OR00003990,2024-02-02,OR,C000041,3000,20,02,USD
OR00003991,2021-11-23,ZOR,C000028,3000,30,01,EUR
OR00003992,2022-06-04,OR,C000003,2000,10,00,EUR
OR00003993,2023-09-28,ZOR,C000002,3000,30,01,EUR
OR00003994,2021-09-14,ZOR,C000061,3000,10,00,GBP
OR00003995,2023-03-05,ZOR,C000079,3000,10,00,GBP
OR00003996,2023-01-22,ZOR,C000067,1000,20,01,GBP
OR00003997,2022-10-16,ZOR,C000041,2000,10,00,GBP
OR00003998,2022-12-12,ZOR,C000012,3000,30,01,USD
OR00003999,2023-04-04,RE,C000064,1000,20,00,USD
OR00004000,2022-03-31,ZOR,C000021,2000,10,02,USD
OR00004001,2023-05-06,RE,C000033,2000,10,00,GBP
OR00004002,2023-11-19,OR,C000055,1000,30,00,GBP
OR00004003,2023-10-05,ZOR,C000077,1000,30,02,GBP
OR00004004,2022-03-20,ZOR,C000041,1000,20,01,EUR
OR00004005,2022-03-13,ZOR,C000032,2000,10,00,GBP
OR00004006,2022-08-09,ZOR,C000073,2000,30,00,USD
OR00004007,2022-11-11,ZOR,C000048,3000,20,00,GBP
OR00004008,2022-12-24,ZOR,C000066,2000,10,02,USD
OR00004009,2023-07-27,OR,C000020,1000,20,01,EUR
OR00004010,2021-09-27,RE,C000049,3000,10,02,GBP
OR00004011,2021-07-30,RE,C000001,3000,30,00,GBP
OR00004012,2022-12-09,ZOR,C000039,2000,20,02,EUR
OR00004013,2023-08-10,ZOR,C000001,1000,30,00,GBP
OR00004014,2022-05-13,OR,C000040,1000,20,02,EUR
OR00004015,2023-06-27,OR,C000006,1000,10,00,EUR
OR00004016,2022-07-31,ZOR,C000060,3000,10,01,EUR
OR00004017,2024-02-23,ZOR,C000039,2000,30,01,GBP
OR00004018,2024-03-07,RE,C000077,3000,10,02,EUR
OR00004019,2022-09-09,OR,C000063,1000,10,00,EUR
OR00004020,2022-06-27,RE,C000032,3000,10,00,USD
OR00004021,2022-12-27,OR,C000036,2000,30,00,USD
OR00004022,2022-07-09,OR,C000053,3000,20,00,USD
OR00004023,2023-07-21,OR,C000001,2000,20,00,GBP
OR00004024,2023-12-11,OR,C000068,3000,10,01,USD
OR00004025,2023-07-22,OR,C000034,3000,10,02,GBP
OR00004026,2023-12-10,RE,C000055,2000,20,00,GBP
OR00004027,2022-12-14,ZOR,C000001,3000,10,02,EUR
OR00004028,2022-03-24,RE,C000002,2000,30,01,USD
OR00004029,2023-09-15,OR,C000038,2000,30,00,USD
OR00004030,2022-11-10,ZOR,C000072,1000,10,00,GBP
OR00004031,2023-07-20,ZOR,C000076,2000,30,01,GBP
OR00004032,2022-08-12,ZOR,C000053,2000,20,00,EUR
OR00004033,2021-11-19,RE,C000061,1000,30,02,GBP
OR00004034,2024-10-12,ZOR,C000001,3000,30,01,EUR
OR00004035,2022-03-23,OR,C000039,3000,10,00,EUR
OR00004036,2024-09-22,OR,C000011,3000,20,00,EUR
OR00004037,2024-08-13,RE,C000066,1000,10,00,GBP
OR00004038,2023-11-07,RE,C000062,1000,10,02,USD
OR00004039,2023-07-11,ZOR,C000059,1000,20,02,GBP
OR00004040,2023-05-10,RE,C000080,2000,10,02,GBP
OR00004041,2024-01-28,OR,C000062,2000,20,01,USD
OR00004042,2022-09-01,OR,C000063,1000,10,01,GBP
OR00004043,2023-02-13,ZOR,C000066,2000,30,02,USD
OR00004044,2023-06-10,ZOR,C000032,1000,30,02,GBP
OR00004045,2022-12-27,OR,C000008,2000,10,01,EUR
OR00004046,2023-01-10,ZOR,C000047,1000,30,01,EUR
OR00004047,2022-10-12,RE,C000013,1000,30,00,USD
OR00004048,2023-04-30,ZOR,C000041,3000,20,01,USD
OR00004049,2024-01-09,RE,C000033,2000,10,00,USD
OR00004050,2022-05-23,RE,C000059,1000,30,00,EUR
OR00004051,2024-05-08,ZOR,C000048,1000,30,01,GBP
OR00004052,2023-08-04,OR,C000076,3000,10,01,EUR
OR00004053,2023-12-08,RE,C000022,2000,20,00,GBP
OR00004054,2023-04-24,OR,C000062,2000,10,02,EUR
OR00004055,2023-10-24,ZOR,C000030,2000,10,00,GBP
OR00004056,2021-05-24,RE,C000054,3000,30,01,USD
OR00004057,2023-12-03,OR,C000035,3000,30,01,EUR
OR00004058,2021-08-15,ZOR,C000032,1000,10,02,EUR
OR00004059,2024-02-28,ZOR,C000019,1000,30,01,GBP
OR00004060,2024-10-09,RE,C000074,1000,20,00,EUR
OR00004061,2022-09-06,OR,C000073,1000,10,00,EUR
OR00004062,2022-06-03,OR,C000052,3000,30,00,EUR
OR00004063,2023-10-10,RE,C000061,1000,30,02,EUR
OR00004064,2022-07-23,OR,C000032,3000,20,02,GBP
OR00004065,2024-01-27,ZOR,C000021,2000,30,00,GBP
OR00004066,2021-12-29,RE,C000062,2000,30,02,USD
OR00004067,2022-02-06,ZOR,C000044,2000,30,01,USD
OR00004068,2024-08-19,OR,C000046,2000,30,00,USD
OR00004069,2023-07-22,RE,C000039,1000,30,02,USD
OR00004070,2024-01-04,OR,C000048,2000,20,01,GBP
OR00004071,2022-10-07,OR,C000050,1000,20,02,EUR
OR00004072,2023-07-24,ZOR,C000077,2000,20,00,USD
OR00004073,2023-05-22,ZOR,C000017,1000,10,00,EUR
OR00004074,2023-05-29,OR,C000014,2000,20,01,GBP
OR00004075,2023-07-29,OR,C000059,3000,20,01,GBP
OR00004076,2023-05-08,ZOR,C000001,2000,30,00,EUR
OR00004077,2023-01-11,ZOR,C000080,2000,10,01,GBP
OR00004078,2022-08-18,OR,C000044,1000,20,02,EUR
OR00004079,2023-10-13,OR,C000047,1000,30,02,EUR
OR00004080,2022-06-22,OR,C000032,3000,20,00,GBP
OR00004081,2023-08-06,ZOR,C000046,2000,10,00,GBP
OR00004082,2022-07-01,OR,C000021,2000,10,01,EUR
OR00004083,2023-06-14,RE,C000078,2000,20,01,USD
OR00004084,2023-09-23,OR,C000009,3000,10,02,GBP
OR00004085,2022-06-13,ZOR,C000023,3000,10,02,GBP
OR00004086,2021-10-04,ZOR,C000039,1000,30,00,EUR
OR00004087,2022-02-14,OR,C000022,3000,30,00,USD
OR00004088,2023-05-31,OR,C000072,2000,10,00,GBP
OR00004089,2024-01-07,OR,C000069,3000,20,00,USD
OR00004090,2021-08-28,ZOR,C000079,1000,10,01,EUR
OR00004091,2023-09-11,OR,C000066,2000,20,00,USD
OR00004092,2022-10-23,OR,C000046,1000,30,02,GBP
OR00004093,2023-02-22,ZOR,C000014,1000,10,02,GBP
OR00004094,2024-04-28,ZOR,C000011,2000,10,01,GBP
OR00004095,2022-10-14,RE,C000076,3000,30,00,USD
OR00004096,2023-02-11,ZOR,C000058,3000,30,01,GBP
OR00004097,2021-05-13,ZOR,C000016,3000,20,00,USD
OR00004098,2021-11-20,ZOR,C000009,1000,20,00,USD
OR00004099,2022-07-30,OR,C000039,1000,30,00,EUR
OR00004100,2021-07-08,ZOR,C000034,1000,10,02,GBP
OR00004101,2023-06-19,OR,C000008,3000,30,00,EUR
OR00004102,2023-01-09,ZOR,C000016,2000,10,00,EUR
OR00004103,2023-04-18,OR,C000052,1000,10,02,USD
OR00004104,2022-04-18,RE,C000047,1000,10,01,GBP
OR00004105,2022-09-08,RE,C000064,2000,10,00,USD
OR00004106,2023-07-14,OR,C000069,2000,30,00,USD
OR00004107,2024-07-11,RE,C000069,1000,30,00,EUR
OR00004108,2021-09-11,RE,C000025,2000,20,02,USD
OR00004109,2024-02-29,RE,C000007,3000,10,01,GBP
OR00004110,2023-05-09,RE,C000045,1000,30,01,EUR
OR00004111,2023-04-30,OR,C000072,3000,20,00,GBP
OR00004112,2023-03-11,RE,C000050,1000,20,01,GBP
OR00004113,2021-10-25,RE,C000032,3000,20,02,USD
OR00004114,2021-12-06,RE,C000014,1000,20,02,USD
OR00004115,2023-05-27,ZOR,C000007,2000,30,02,USD
OR00004116,2022-10-23,ZOR,C000062,2000,30,00,EUR
OR00004117,2024-04-09,ZOR,C000004,2000,30,01,USD
OR00004118,2022-12-23,ZOR,C000004,2000,20,01,EUR
OR00004119,2022-03-05,OR,C000039,2000,10,02,GBP
OR00004120,2023-08-25,ZOR,C000053,3000,30,02,GBP
OR00004121,2022-09-05,RE,C000048,1000,10,02,EUR
OR00004122,2023-03-31,RE,C000032,1000,30,01,EUR
OR00004123,2023-08-11,ZOR,C000038,1000,10,01,EUR
OR00004124,2024-03-14,OR,C000057,3000,30,01,EUR
OR00004125,2023-11-06,ZOR,C000049,2000,30,00,GBP
OR00004126,2023-07-24,OR,C000020,3000,20,01,USD
OR00004127,2023-07-27,ZOR,C000009,2000,30,02,GBP
OR00004128,2024-05-30,RE,C000014,1000,10,01,GBP
OR00004129,2022-09-08,OR,C000049,2000,30,01,GBP
OR00004130,2021-02-07,ZOR,C000036,3000,30,02,EUR
OR00004131,2022-08-13,RE,C000008,2000,10,00,USD
OR00004132,2022-06-12,OR,C000070,1000,20,00,EUR
OR00004133,2023-07-13,RE,C000054,2000,20,00,EUR
OR00004134,2023-06-21,ZOR,C000069,1000,30,02,GBP
OR00004135,2023-05-22,OR,C000053,3000,20,01,EUR
OR00004136,2021-05-25,OR,C000080,1000,20,01,EUR
OR00004137,2023-09-07,OR,C000061,2000,20,01,EUR
OR00004138,2022-10-06,ZOR,C000054,3000,20,01,GBP
OR00004139,2023-07-15,ZOR,C000038,1000,10,01,GBP
OR00004140,2023-04-24,OR,C000043,1000,30,00,GBP
OR00004141,2022-10-25,ZOR,C000042,1000,20,00,GBP
OR00004142,2022-02-19,OR,C000072,3000,30,02,USD
OR00004143,2021-12-14,RE,C000025,1000,30,02,GBP
OR00004144,2023-12-17,RE,C000076,2000,10,01,EUR
OR00004145,2024-04-11,OR,C000063,3000,10,01,EUR
OR00004146,2023-07-03,OR,C000006,3000,10,00,EUR
OR00004147,2021-12-30,OR,C000076,1000,30,01,EUR
OR00004148,2022-12-19,OR,C000003,1000,10,00,USD
OR00004149,2023-09-07,RE,C000055,3000,10,00,GBP
OR00004150,2023-10-24,RE,C000027,2000,10,00,EUR
OR00004151,2022-01-24,ZOR,C000033,3000,20,02,USD
OR00004152,2021-01-07,ZOR,C000053,3000,30,00,EUR
OR00004153,2023-08-23,RE,C000065,2000,30,00,EUR
OR00004154,2022-11-07,OR,C000045,2000,10,01,USD
OR00004155,2022-07-25,RE,C000033,3000,30,00,GBP
OR00004156,2021-05-09,OR,C000027,3000,30,02,GBP
OR00004157,2023-04-12,ZOR,C000005,1000,10,02,EUR
OR00004158,2024-01-09,OR,C000045,1000,10,00,GBP
OR00004159,2024-06-23,OR,C000042,2000,20,01,GBP
OR00004160,2023-05-01,RE,C000065,2000,30,00,GBP
OR00004161,2023-03-23,OR,C000028,2000,20,02,USD
OR00004162,2021-11-26,ZOR,C000072,2000,30,01,GBP
OR00004163,2023-04-18,RE,C000032,3000,30,00,GBP
OR00004164,2022-11-29,ZOR,C000075,2000,20,01,USD
OR00004165,2023-06-01,OR,C000068,3000,20,00,EUR
OR00004166,2022-12-07,ZOR,C000070,2000,30,02,GBP
OR00004167,2022-07-09,ZOR,C000075,3000,20,01,USD
OR00004168,2021-12-15,RE,C000009,2000,20,00,GBP
OR00004169,2022-09-27,ZOR,C000016,2000,10,00,EUR
OR00004170,2021-12-18,ZOR,C000064,3000,20,01,USD
OR00004171,2022-04-21,OR,C000061,3000,30,00,EUR
OR00004172,2024-09-18,RE,C000061,3000,10,00,EUR
OR00004173,2023-01-24,ZOR,C000071,3000,10,02,GBP
OR00004174,2023-04-05,RE,C000017,3000,10,01,GBP
OR00004175,2024-02-06,RE,C000003,3000,10,00,EUR
OR00004176,2024-10-30,ZOR,C000052,1000,30,00,GBP
OR00004177,2023-05-14,OR,C000041,1000,30,01,GBP
OR00004178,2023-11-27,OR,C000029,3000,20,00,GBP
OR00004179,2022-10-09,RE,C000071,2000,20,02,USD
OR00004180,2022-09-18,RE,C000013,1000,10,02,EUR
OR00004181,2022-12-19,RE,C000023,3000,30,01,EUR
OR00004182,2023-07-21,RE,C000061,2000,20,00,GBP
OR00004183,2023-07-29,ZOR,C000027,1000,10,02,USD
OR00004184,2022-09-27,RE,C000044,3000,10,00,GBP
OR00004185,2022-02-17,RE,C000003,1000,20,02,GBP
OR00004186,2023-06-20,RE,C000036,1000,30,00,EUR
OR00004187,2022-02-10,RE,C000079,1000,20,00,EUR
OR00004188,2023-05-11,OR,C000009,1000,20,02,GBP
OR00004189,2023-08-07,ZOR,C000047,2000,20,01,USD
OR00004190,2023-08-13,RE,C000056,1000,10,00,EUR
OR00004191,2023-09-29,ZOR,C000042,2000,20,00,GBP
OR00004192,2024-02-05,OR,C000063,3000,20,00,USD
OR00004193,2023-03-11,RE,C000071,1000,20,01,GBP
OR00004194,2023-09-08,OR,C000058,1000,30,02,EUR
OR00004195,2023-06-10,OR,C000015,2000,20,02,GBP
OR00004196,2022-05-04,ZOR,C000008,1000,30,02,USD
OR00004197,2021-07-01,ZOR,C000031,1000,10,00,USD
OR00004198,2022-08-27,OR,C000068,2000,10,02,GBP
OR00004199,2023-01-23,RE,C000062,3000,20,00,USD
OR00004200,2023-06-08,ZOR,C000003,3000,30,00,EUR
OR00004201,2024-01-08,OR,C000038,2000,20,00,USD
OR00004202,2022-05-16,RE,C000053,1000,10,00,EUR
OR00004203,2022-02-05,RE,C000031,3000,30,01,EUR
OR00004204,2024-07-07,ZOR,C000054,1000,10,00,GBP
OR00004205,2022-01-07,ZOR,C000034,2000,10,00,EUR
OR00004206,2023-02-22,RE,C000032,3000,30,01,GBP
OR00004207,2023-05-16,OR,C000041,3000,10,01,USD
OR00004208,2023-04-13,RE,C000007,1000,10,02,USD
OR00004209,2021-11-28,OR,C000072,1000,10,02,GBP
OR00004210,2021-09-28,RE,C000048,2000,10,02,EUR
OR00004211,2022-01-03,RE,C000007,3000,10,00,GBP
OR00004212,2023-05-16,ZOR,C000028,1000,20,01,EUR
OR00004213,2023-04-15,OR,C000020,3000,10,00,USD
OR00004214,2022-07-01,OR,C000014,2000,10,02,GBP
OR00004215,2023-06-24,OR,C000064,2000,10,02,USD
OR00004216,2023-12-05,OR,C000073,2000,10,01,GBP
OR00004217,2021-08-19,ZOR,C000071,3000,20,02,USD
OR00004218,2023-03-10,OR,C000026,2000,10,02,EUR
OR00004219,2023-08-04,RE,C000074,1000,10,02,EUR
OR00004220,2022-07-23,RE,C000018,2000,10,00,GBP
OR00004221,2022-09-20,RE,C000020,3000,10,01,GBP
OR00004222,2023-06-06,OR,C000062,2000,20,00,USD
OR00004223,2024-03-11,OR,C000048,2000,30,02,EUR
OR00004224,2023-11-24,OR,C000016,3000,20,01,USD
OR00004225,2023-05-14,ZOR,C000025,3000,10,01,EUR
OR00004226,2023-09-08,ZOR,C000054,1000,20,00,USD
OR00004227,2022-11-15,ZOR,C000043,1000,20,02,EUR
OR00004228,2023-06-26,RE,C000044,3000,20,01,EUR
OR00004229,2023-02-12,OR,C000006,1000,20,00,GBP
OR00004230,2022-05-08,OR,C000007,1000,30,00,EUR
OR00004231,2023-08-14,OR,C000020,3000,30,02,USD
OR00004232,2023-04-24,RE,C000011,2000,30,01,USD
OR00004233,2022-11-09,OR,C000014,3000,10,00,GBP
OR00004234,2024-03-31,ZOR,C000004,2000,20,02,GBP
OR00004235,2021-06-13,OR,C000050,2000,10,02,USD
OR00004236,2022-09-28,OR,C000002,3000,10,02,EUR
OR00004237,2021-09-27,OR,C000023,3000,20,02,GBP
OR00004238,2023-10-11,ZOR,C000008,3000,30,02,GBP
OR00004239,2023-08-15,OR,C000009,2000,30,02,EUR
OR00004240,2022-10-13,OR,C000039,2000,10,00,USD
OR00004241,2023-07-24,ZOR,C000019,2000,30,00,USD
OR00004242,2022-12-13,OR,C000016,2000,20,02,GBP
OR00004243,2023-10-02,ZOR,C000022,1000,20,02,GBP
OR00004244,2023-02-02,ZOR,C000079,1000,20,00,GBP
OR00004245,2022-12-28,RE,C000075,1000,30,00,USD
OR00004246,2024-05-09,OR,C000006,3000,30,00,EUR
OR00004247,2022-07-21,RE,C000027,2000,10,01,GBP
OR00004248,2022-01-28,RE,C000003,3000,20,02,EUR
OR00004249,2023-05-15,OR,C000032,1000,10,01,USD
OR00004250,2024-07-22,OR,C000068,3000,10,02,EUR
OR00004251,2022-11-27,OR,C000043,2000,10,00,EUR
OR00004252,2021-10-09,RE,C000006,3000,10,01,GBP
OR00004253,2022-10-21,RE,C000019,1000,30,00,GBP
OR00004254,2023-03-16,ZOR,C000074,3000,10,00,GBP
OR00004255,2022-04-01,OR,C000058,3000,30,01,EUR
OR00004256,2023-07-10,RE,C000051,3000,10,01,GBP
OR00004257,2024-11-17,ZOR,C000049,2000,20,01,EUR
OR00004258,2023-01-31,RE,C000028,2000,30,00,GBP
OR00004259,2022-11-05,RE,C000039,2000,10,00,EUR
OR00004260,2022-12-17,OR,C000060,3000,10,02,EUR
OR00004261,2022-01-19,OR,C000057,2000,10,02,GBP
OR00004262,2024-02-19,OR,C000065,3000,10,00,USD
OR00004263,2022-12-30,OR,C000009,3000,30,02,USD
OR00004264,2022-12-05,RE,C000015,1000,30,02,USD
OR00004265,2023-07-11,RE,C000037,1000,10,01,GBP
OR00004266,2023-01-22,RE,C000052,3000,20,02,GBP
OR00004267,2023-07-02,RE,C000008,1000,30,00,EUR
OR00004268,2021-10-08,OR,C000006,2000,10,00,USD
OR00004269,2023-11-28,ZOR,C000025,1000,20,01,USD
OR00004270,2024-05-19,OR,C000014,1000,10,00,EUR
OR00004271,2023-07-02,ZOR,C000060,3000,20,01,USD
OR00004272,2024-06-17,OR,C000019,3000,20,01,EUR
OR00004273,2022-03-17,RE,C000019,3000,30,01,EUR
OR00004274,2023-02-21,OR,C000045,3000,30,02,GBP
OR00004275,2023-05-28,ZOR,C000011,1000,10,02,EUR
OR00004276,2023-05-13,RE,C000018,2000,20,00,USD
OR00004277,2022-12-18,OR,C000072,2000,30,01,USD
OR00004278,2022-10-20,OR,C000017,2000,20,00,EUR
OR00004279,2022-02-07,RE,C000014,2000,10,01,USD
OR00004280,2022-12-09,ZOR,C000022,2000,30,02,EUR
OR00004281,2022-04-02,ZOR,C000012,1000,30,02,USD
OR00004282,2023-09-12,ZOR,C000046,3000,30,02,EUR
OR00004283,2022-06-01,ZOR,C000070,1000,30,02,USD
OR00004284,2021-10-01,OR,C000014,3000,10,00,USD
OR00004285,2023-04-21,ZOR,C000062,3000,30,00,EUR
OR00004286,2023-05-23,ZOR,C000005,3000,10,01,USD
OR00004287,2024-02-04,RE,C000044,3000,20,00,USD
OR00004288,2023-05-10,RE,C000040,3000,30,01,GBP
OR00004289,2022-10-27,ZOR,C000065,2000,10,01,USD
OR00004290,2023-11-17,OR,C000046,2000,30,02,GBP
OR00004291,2023-04-12,RE,C000037,1000,20,02,GBP
OR00004292,2021-11-15,ZOR,C000076,2000,30,02,GBP
OR00004293,2023-05-01,OR,C000012,3000,30,02,EUR
OR00004294,2024-03-25,OR,C000028,1000,20,01,USD
OR00004295,2022-12-13,RE,C000008,1000,30,02,EUR
OR00004296,2022-09-08,ZOR,C000010,2000,10,02,EUR
OR00004297,2022-03-05,ZOR,C000041,1000,20,02,GBP
OR00004298,2022-03-17,ZOR,C000035,3000,20,00,USD
OR00004299,2023-01-14,RE,C000007,1000,10,02,GBP
OR00004300,2023-05-23,RE,C000026,1000,30,01,EUR
OR00004301,2021-11-18,ZOR,C000072,2000,10,02,EUR
OR00004302,2024-05-18,ZOR,C000062,1000,20,02,EUR
OR00004303,2023-10-01,ZOR,C000014,3000,30,00,USD
OR00004304,2023-05-17,RE,C000012,2000,30,00,EUR
OR00004305,2023-12-14,RE,C000010,1000,30,00,EUR
OR00004306,2021-11-17,RE,C000036,2000,10,01,USD
OR00004307,2023-02-20,RE,C000049,3000,10,02,USD
OR00004308,2023-06-18,OR,C000060,2000,20,01,USD
OR00004309,2023-12-14,OR,C000019,1000,20,00,EUR
OR00004310,2023-10-28,ZOR,C000027,1000,20,00,USD
OR00004311,2022-08-19,OR,C000030,1000,20,00,EUR
OR00004312,2024-05-20,RE,C000022,1000,20,01,EUR
OR00004313,2022-02-03,ZOR,C000020,2000,10,00,EUR
OR00004314,2024-02-08,RE,C000011,3000,20,02,USD
OR00004315,2024-07-26,OR,C000017,3000,10,00,EUR
OR00004316,2022-04-21,OR,C000029,3000,30,02,EUR
OR00004317,2023-09-01,ZOR,C000044,1000,10,02,USD
OR00004318,2021-08-15,RE,C000043,1000,20,01,USD
OR00004319,2022-12-22,RE,C000020,2000,10,02,EUR
OR00004320,2023-03-24,RE,C000079,1000,10,02,GBP
OR00004321,2023-05-12,RE,C000076,1000,20,01,USD
OR00004322,2024-05-11,ZOR,C000031,2000,10,00,EUR
OR00004323,2023-07-21,ZOR,C000031,2000,10,01,GBP
OR00004324,2023-02-24,RE,C000036,3000,20,02,USD
OR00004325,2023-11-24,OR,C000024,2000,20,02,EUR
OR00004326,2024-06-08,OR,C000036,1000,20,02,GBP
OR00004327,2021-06-17,RE,C000034,2000,20,00,EUR
OR00004328,2024-08-30,OR,C000014,1000,30,02,EUR
OR00004329,2021-11-28,OR,C000051,1000,30,00,GBP
OR00004330,2023-11-29,RE,C000019,2000,10,00,GBP
OR00004331,2022-08-22,RE,C000029,3000,20,01,GBP
OR00004332,2022-02-16,RE,C000045,2000,10,01,GBP
OR00004333,2023-01-21,RE,C000046,3000,30,00,EUR
OR00004334,2023-06-29,RE,C000060,1000,10,01,GBP
OR00004335,2022-11-30,OR,C000042,3000,10,01,EUR
OR00004336,2021-09-22,RE,C000063,3000,20,02,GBP
OR00004337,2023-05-26,RE,C000048,3000,30,01,GBP
OR00004338,2024-03-17,OR,C000004,3000,20,01,EUR
OR00004339,2022-12-02,OR,C000047,2000,30,00,USD
OR00004340,2022-06-11,RE,C000032,3000,20,02,EUR
OR00004341,2023-01-23,OR,C000018,2000,30,01,GBP
OR00004342,2021-09-06,OR,C000064,3000,20,00,USD
OR00004343,2023-12-05,OR,C000033,2000,30,02,EUR
OR00004344,2023-12-12,RE,C000041,1000,30,00,USD
OR00004345,2023-05-18,OR,C000011,3000,30,00,EUR
OR00004346,2022-11-04,ZOR,C000073,3000,20,01,USD
OR00004347,2023-11-13,ZOR,C000019,1000,10,02,GBP
OR00004348,2023-04-23,ZOR,C000073,3000,30,02,EUR
OR00004349,2023-12-11,OR,C000051,2000,20,00,GBP
OR00004350,2023-06-19,RE,C000049,1000,20,01,GBP
OR00004351,2023-10-29,ZOR,C000039,2000,10,01,GBP
OR00004352,2023-05-25,ZOR,C000025,1000,20,01,EUR
OR00004353,2022-12-29,RE,C000079,2000,30,00,EUR
OR00004354,2024-06-24,OR,C000004,3000,10,02,EUR
OR00004355,2023-04-12,OR,C000078,1000,20,01,GBP
OR00004356,2023-05-30,OR,C000039,3000,30,00,EUR
OR00004357,2022-06-16,ZOR,C000075,3000,10,00,GBP
OR00004358,2023-06-15,ZOR,C000030,2000,20,00,USD
OR00004359,2023-05-06,ZOR,C000056,1000,10,01,EUR
OR00004360,2022-05-02,ZOR,C000007,3000,30,01,EUR
OR00004361,2021-10-04,ZOR,C000032,3000,10,01,EUR
OR00004362,2023-05-30,RE,C000013,3000,30,02,EUR
OR00004363,2023-10-09,ZOR,C000022,2000,30,02,USD
OR00004364,2023-03-30,RE,C000014,3000,30,02,USD
OR00004365,2022-06-23,RE,C000006,2000,10,00,GBP
OR00004366,2023-07-16,RE,C000002,3000,20,00,USD
OR00004367,2021-11-17,OR,C000013,1000,10,01,USD
OR00004368,2023-01-22,ZOR,C000055,3000,10,02,GBP
OR00004369,2022-04-03,RE,C000057,3000,30,02,GBP
OR00004370,2022-05-01,RE,C000074,2000,30,00,USD
OR00004371,2022-05-24,ZOR,C000014,1000,10,00,USD
OR00004372,2022-12-05,OR,C000018,2000,20,00,EUR
OR00004373,2021-09-13,RE,C000045,2000,30,00,USD
OR00004374,2022-12-15,RE,C000052,3000,20,01,GBP
OR00004375,2023-03-20,ZOR,C000058,3000,30,00,USD
OR00004376,2023-02-26,ZOR,C000063,2000,20,02,USD
OR00004377,2022-12-01,ZOR,C000057,3000,30,02,GBP
OR00004378,2023-12-26,RE,C000036,3000,10,00,EUR
OR00004379,2022-03-08,ZOR,C000061,1000,20,00,GBP
OR00004380,2023-03-16,OR,C000011,3000,20,01,USD
OR00004381,2021-10-09,RE,C000008,3000,20,02,GBP
OR00004382,2021-10-29,OR,C000011,1000,10,01,EUR
OR00004383,2023-05-07,OR,C000016,2000,10,01,GBP
OR00004384,2023-05-01,RE,C000043,3000,20,01,USD
OR00004385,2024-02-12,OR,C000017,3000,20,00,EUR
OR00004386,2023-04-25,ZOR,C000028,3000,30,02,GBP
OR00004387,2024-06-28,ZOR,C000002,2000,10,01,EUR
OR00004388,2021-09-07,OR,C000073,2000,10,02,EUR
OR00004389,2021-12-21,RE,C000049,2000,30,01,EUR
OR00004390,2021-08-26,ZOR,C000001,2000,20,01,USD
OR00004391,2022-05-02,RE,C000073,3000,10,02,EUR
OR00004392,2023-04-13,RE,C000003,1000,10,01,GBP
OR00004393,2023-06-30,OR,C000052,3000,10,00,GBP
OR00004394,2021-08-30,ZOR,C000044,2000,20,02,EUR
OR00004395,2024-05-30,OR,C000012,2000,30,01,GBP
OR00004396,2023-12-30,RE,C000060,3000,30,01,GBP
OR00004397,2022-09-08,OR,C000033,1000,10,02,GBP
OR00004398,2021-11-11,ZOR,C000068,3000,10,00,GBP
OR00004399,2022-04-12,ZOR,C000054,1000,10,00,GBP
OR00004400,2022-02-07,RE,C000024,1000,20,00,GBP
OR00004401,2022-02-02,ZOR,C000069,1000,20,01,GBP
OR00004402,2023-03-26,RE,C000020,2000,30,02,EUR
OR00004403,2022-07-15,ZOR,C000036,3000,30,00,USD
OR00004404,2022-11-08,OR,C000075,1000,20,00,GBP
OR00004405,2024-09-27,OR,C000076,3000,10,01,EUR
OR00004406,2023-07-31,ZOR,C000056,3000,20,01,GBP
OR00004407,2024-06-05,RE,C000016,3000,30,00,EUR
OR00004408,2022-03-03,ZOR,C000040,3000,20,00,EUR
OR00004409,2022-12-01,OR,C000019,1000,20,00,USD
OR00004410,2023-04-23,OR,C000053,2000,20,01,USD
OR00004411,2021-11-10,RE,C000073,2000,10,01,EUR
OR00004412,2021-03-15,RE,C000062,1000,10,02,GBP
OR00004413,2023-07-19,ZOR,C000023,3000,30,02,EUR
OR00004414,2023-06-27,ZOR,C000075,1000,30,00,USD
OR00004415,2022-12-26,RE,C000033,3000,10,01,GBP
OR00004416,2023-03-03,OR,C000074,3000,10,00,USD
OR00004417,2022-12-30,RE,C000016,3000,10,02,USD
OR00004418,2021-06-25,RE,C000077,2000,10,00,USD
OR00004419,2022-10-17,RE,C000027,3000,20,01,EUR
OR00004420,2022-04-21,OR,C000069,1000,20,00,EUR
OR00004421,2021-12-21,ZOR,C000080,2000,10,01,EUR
OR00004422,2024-06-21,OR,C000019,2000,10,02,USD
OR00004423,2023-05-26,OR,C000080,1000,10,01,EUR
OR00004424,2023-09-07,ZOR,C000068,3000,20,02,GBP
OR00004425,2022-09-28,OR,C000066,3000,20,00,EUR
OR00004426,2022-12-11,RE,C000060,3000,30,01,GBP
OR00004427,2022-07-05,OR,C000053,3000,10,00,GBP
OR00004428,2021-12-19,RE,C000022,3000,30,02,GBP
OR00004429,2022-04-24,ZOR,C000029,2000,10,02,EUR
OR00004430,2023-11-11,ZOR,C000060,2000,30,01,GBP
OR00004431,2023-07-25,ZOR,C000049,1000,10,00,EUR
OR00004432,2023-04-17,OR,C000012,1000,20,02,USD
OR00004433,2023-02-19,ZOR,C000032,1000,20,01,USD
OR00004434,2024-04-17,OR,C000080,3000,20,00,EUR
OR00004435,2021-11-02,RE,C000065,2000,10,01,USD
OR00004436,2022-08-23,OR,C000067,2000,10,01,EUR
OR00004437,2022-10-31,ZOR,C000041,2000,10,01,GBP
OR00004438,2023-10-27,OR,C000054,1000,30,02,USD
OR00004439,2024-10-12,OR,C000051,2000,10,01,USD
OR00004440,2022-07-09,OR,C000013,3000,30,00,GBP
OR00004441,2024-02-07,ZOR,C000035,1000,10,02,USD
OR00004442,2023-12-16,RE,C000054,2000,30,00,GBP
OR00004443,2022-06-21,ZOR,C000012,1000,10,02,USD
OR00004444,2022-12-16,RE,C000036,1000,30,00,USD
OR00004445,2022-12-25,RE,C000006,3000,30,00,EUR
OR00004446,2024-08-16,RE,C000024,2000,10,02,USD
OR00004447,2022-04-26,RE,C000009,1000,10,00,USD
OR00004448,2023-11-13,ZOR,C000014,1000,20,02,GBP
OR00004449,2022-10-16,OR,C000050,3000,10,01,USD
OR00004450,2023-09-08,RE,C000040,2000,20,00,USD
OR00004451,2023-01-03,OR,C000058,3000,20,00,EUR
OR00004452,2023-05-11,RE,C000009,3000,30,00,EUR
OR00004453,2023-12-19,OR,C000029,1000,20,00,GBP
OR00004454,2023-11-18,ZOR,C000004,1000,30,00,USD
OR00004455,2024-01-28,ZOR,C000006,3000,10,01,USD
OR00004456,2021-10-04,OR,C000067,1000,10,00,USD
OR00004457,2023-08-06,ZOR,C000063,1000,10,00,EUR
OR00004458,2022-02-28,RE,C000045,1000,20,00,USD
OR00004459,2022-12-31,ZOR,C000029,2000,10,02,USD
OR00004460,2023-04-18,RE,C000023,2000,20,00,USD
OR00004461,2022-12-19,OR,C000061,1000,20,00,GBP
OR00004462,2023-03-27,OR,C000070,2000,10,01,USD
OR00004463,2024-11-06,OR,C000058,2000,20,00,USD
OR00004464,2022-02-20,OR,C000042,3000,30,00,EUR
OR00004465,2023-07-23,RE,C000010,3000,30,00,EUR
OR00004466,2022-12-13,ZOR,C000020,1000,20,00,GBP
OR00004467,2022-02-17,OR,C000024,1000,20,01,GBP
OR00004468,2022-03-27,OR,C000075,1000,30,00,USD
OR00004469,2024-06-06,ZOR,C000033,3000,10,00,USD
OR00004470,2024-02-14,OR,C000040,1000,30,00,USD
OR00004471,2024-03-24,ZOR,C000006,1000,20,01,USD
OR00004472,2024-10-07,RE,C000025,1000,10,01,USD
OR00004473,2022-06-01,RE,C000044,3000,20,02,GBP
OR00004474,2022-11-06,OR,C000062,2000,20,02,EUR
OR00004475,2023-07-18,RE,C000016,1000,20,00,EUR
OR00004476,2023-02-26,RE,C000062,2000,20,00,USD
OR00004477,2023-01-02,OR,C000072,1000,30,01,EUR
OR00004478,2022-11-08,ZOR,C000011,1000,10,00,GBP
OR00004479,2023-05-22,RE,C000021,2000,20,00,GBP
OR00004480,2023-05-08,ZOR,C000012,1000,30,01,GBP
OR00004481,2022-03-31,RE,C000075,3000,30,01,GBP
OR00004482,2023-02-16,ZOR,C000072,1000,30,00,EUR
OR00004483,2023-04-22,RE,C000060,3000,10,02,USD
OR00004484,2023-05-05,OR,C000041,2000,10,01,EUR
OR00004485,2022-06-03,RE,C000003,3000,10,02,USD
OR00004486,2023-09-19,ZOR,C000044,1000,10,01,USD
OR00004487,2021-06-29,RE,C000015,1000,30,00,EUR
OR00004488,2022-11-05,ZOR,C000060,3000,10,02,USD
OR00004489,2023-10-25,RE,C000048,2000,20,02,USD
OR00004490,2023-04-30,RE,C000004,3000,20,01,USD
OR00004491,2022-08-01,RE,C000046,2000,10,02,USD
OR00004492,2023-08-09,OR,C000003,1000,30,01,USD
OR00004493,2023-05-02,ZOR,C000002,2000,30,02,GBP
OR00004494,2023-11-10,ZOR,C000051,3000,10,02,GBP
OR00004495,2023-09-12,RE,C000070,1000,10,01,EUR
OR00004496,2023-06-03,OR,C000053,2000,10,00,USD
OR00004497,2023-03-02,ZOR,C000039,2000,30,00,USD
OR00004498,2022-02-17,RE,C000013,1000,20,02,GBP
OR00004499,2022-08-02,RE,C000014,3000,10,02,USD
OR00004500,2023-01-03,RE,C000030,3000,30,01,USD
OR00004501,2023-05-26,RE,C000047,2000,20,01,USD
OR00004502,2023-03-22,RE,C000001,3000,20,01,USD
OR00004503,2022-08-31,RE,C000059,1000,20,01,USD
OR00004504,2021-04-01,ZOR,C000076,1000,30,02,USD
OR00004505,2023-03-08,ZOR,C000055,2000,10,02,USD
OR00004506,2022-08-28,ZOR,C000007,1000,20,01,EUR
OR00004507,2023-09-12,ZOR,C000040,2000,30,02,GBP
OR00004508,2021-06-25,ZOR,C000004,1000,30,00,USD
OR00004509,2023-05-15,ZOR,C000018,2000,30,02,GBP
OR00004510,2024-05-21,OR,C000018,2000,30,01,GBP
OR00004511,2022-04-18,ZOR,C000059,1000,30,02,GBP
OR00004512,2023-02-16,ZOR,C000030,1000,20,00,EUR
OR00004513,2021-12-08,ZOR,C000033,1000,20,01,USD
OR00004514,2023-06-15,ZOR,C000036,2000,20,02,GBP
OR00004515,2023-04-20,OR,C000053,2000,30,00,GBP
OR00004516,2022-12-23,OR,C000062,1000,20,00,EUR
OR00004517,2023-03-28,RE,C000033,2000,30,00,EUR
OR00004518,2024-03-09,RE,C000037,1000,10,02,USD
OR00004519,2022-05-17,ZOR,C000075,3000,30,02,EUR
OR00004520,2021-06-19,OR,C000035,3000,30,02,GBP
OR00004521,2024-01-22,ZOR,C000026,2000,20,02,EUR
OR00004522,2023-05-10,OR,C000058,3000,20,00,GBP
OR00004523,2024-02-29,OR,C000003,2000,20,00,GBP
OR00004524,2023-05-24,OR,C000033,1000,30,01,USD
OR00004525,2023-11-24,OR,C000035,1000,30,01,GBP
OR00004526,2023-01-12,ZOR,C000053,2000,20,02,USD
OR00004527,2023-09-26,RE,C000010,2000,30,00,USD
OR00004528,2024-04-02,OR,C000058,2000,10,02,USD
OR00004529,2023-05-06,ZOR,C000061,1000,30,00,EUR
OR00004530,2022-04-26,ZOR,C000062,3000,20,00,EUR
OR00004531,2022-08-10,ZOR,C000044,1000,20,02,GBP
OR00004532,2022-05-20,RE,C000057,1000,20,01,GBP
OR00004533,2022-07-16,ZOR,C000072,3000,30,00,EUR
OR00004534,2022-09-19,OR,C000052,2000,30,01,EUR
OR00004535,2023-04-23,RE,C000014,1000,30,01,GBP
OR00004536,2023-05-18,RE,C000023,2000,30,00,GBP
OR00004537,2023-01-09,ZOR,C000059,1000,10,01,USD
OR00004538,2023-06-07,OR,C000003,2000,20,00,EUR
OR00004539,2021-11-20,RE,C000060,3000,30,01,USD
OR00004540,2021-12-02,OR,C000058,1000,20,01,GBP
OR00004541,2022-04-14,RE,C000011,3000,10,00,USD
OR00004542,2023-03-26,RE,C000035,3000,20,00,GBP
OR00004543,2022-06-08,OR,C000018,3000,20,02,USD
OR00004544,2022-08-25,RE,C000016,3000,30,01,USD
OR00004545,2022-12-17,RE,C000028,3000,20,02,EUR
OR00004546,2023-11-26,OR,C000031,1000,30,02,GBP
OR00004547,2021-05-14,OR,C000066,2000,30,00,EUR
OR00004548,2023-07-03,OR,C000053,3000,30,01,GBP
OR00004549,2023-07-18,OR,C000029,3000,10,00,USD
OR00004550,2023-11-12,ZOR,C000033,1000,20,02,EUR
OR00004551,2024-05-05,ZOR,C000063,3000,30,01,USD
OR00004552,2021-06-10,RE,C000057,3000,20,01,GBP
OR00004553,2022-03-20,RE,C000013,3000,10,02,GBP
OR00004554,2024-02-23,OR,C000066,1000,30,01,USD
OR00004555,2023-02-05,OR,C000031,1000,10,02,USD
OR00004556,2023-04-30,OR,C000061,3000,30,01,USD
OR00004557,2023-07-13,RE,C000001,1000,10,00,GBP
OR00004558,2023-07-26,RE,C000049,1000,10,00,EUR
OR00004559,2024-05-03,RE,C000014,2000,10,02,EUR
OR00004560,2024-11-09,RE,C000041,2000,20,02,EUR
OR00004561,2023-08-30,OR,C000051,2000,10,02,EUR
OR00004562,2022-08-30,ZOR,C000026,1000,30,00,GBP
OR00004563,2024-02-14,OR,C000052,2000,10,01,USD
OR00004564,2021-09-08,ZOR,C000019,3000,20,01,EUR
OR00004565,2022-06-28,RE,C000039,1000,10,00,GBP
OR00004566,2024-03-10,ZOR,C000062,3000,20,00,GBP
OR00004567,2022-07-27,ZOR,C000044,2000,20,01,EUR
OR00004568,2022-06-16,RE,C000024,3000,10,00,EUR
OR00004569,2022-02-25,ZOR,C000002,3000,30,02,EUR
OR00004570,2024-01-19,OR,C000022,1000,30,01,EUR
OR00004571,2023-03-11,OR,C000073,3000,10,02,GBP
OR00004572,2023-07-23,OR,C000056,2000,30,01,EUR
OR00004573,2022-07-07,OR,C000056,3000,20,02,GBP
OR00004574,2023-10-03,OR,C000022,1000,10,00,EUR
OR00004575,2023-10-05,RE,C000072,3000,10,01,EUR
OR00004576,2022-09-25,RE,C000010,2000,30,00,GBP
OR00004577,2022-12-26,ZOR,C000071,3000,20,01,USD
OR00004578,2022-06-02,ZOR,C000027,2000,30,00,GBP
OR00004579,2024-08-11,RE,C000017,1000,20,02,GBP
OR00004580,2023-06-30,ZOR,C000039,1000,20,00,GBP
OR00004581,2024-05-08,OR,C000069,3000,30,02,GBP
OR00004582,2022-09-15,RE,C000075,3000,10,02,GBP
OR00004583,2023-10-26,RE,C000019,2000,20,01,GBP
OR00004584,2023-10-11,ZOR,C000073,2000,20,01,EUR
OR00004585,2023-08-06,RE,C000025,2000,10,01,USD
OR00004586,2024-07-12,OR,C000040,3000,20,00,GBP
OR00004587,2022-12-11,RE,C000037,1000,30,00,USD
OR00004588,2022-02-13,ZOR,C000068,3000,10,02,EUR
OR00004589,2023-07-20,RE,C000063,2000,30,00,EUR
OR00004590,2023-09-07,RE,C000015,1000,10,01,EUR
OR00004591,2023-05-08,RE,C000038,3000,30,00,GBP
OR00004592,2022-05-30,RE,C000079,1000,30,02,GBP
OR00004593,2023-03-15,RE,C000062,1000,30,00,USD
OR00004594,2022-09-24,RE,C000060,1000,10,02,GBP
OR00004595,2023-01-10,ZOR,C000003,1000,20,01,USD
OR00004596,2023-06-29,OR,C000040,2000,20,01,USD
OR00004597,2023-09-21,RE,C000078,1000,30,01,USD
OR00004598,2022-06-29,RE,C000075,3000,10,01,USD
OR00004599,2022-12-21,ZOR,C000034,3000,30,01,EUR
OR00004600,2022-08-10,RE,C000022,3000,30,00,GBP
OR00004601,2022-05-20,RE,C000013,3000,20,01,USD
OR00004602,2023-10-28,OR,C000050,2000,10,02,EUR
OR00004603,2024-03-27,RE,C000070,1000,20,02,EUR
OR00004604,2022-11-20,RE,C000070,3000,10,00,GBP
OR00004605,2023-09-27,RE,C000052,2000,20,01,USD
OR00004606,2024-03-09,OR,C000056,1000,10,01,GBP
OR00004607,2024-01-03,ZOR,C000073,2000,20,00,USD
OR00004608,2022-04-29,ZOR,C000020,1000,30,00,GBP
OR00004609,2024-06-20,RE,C000055,3000,20,01,USD
OR00004610,2022-11-26,RE,C000042,1000,10,02,USD
OR00004611,2022-10-21,RE,C000006,1000,20,00,USD
OR00004612,2021-10-10,OR,C000043,3000,10,02,GBP
OR00004613,2023-02-28,RE,C000071,2000,10,02,USD
OR00004614,2022-01-09,ZOR,C000017,2000,30,01,USD
OR00004615,2022-07-18,OR,C000024,2000,20,02,EUR
OR00004616,2022-09-29,RE,C000053,1000,30,00,USD
OR00004617,2023-11-23,OR,C000015,3000,20,01,EUR
OR00004618,2024-02-09,ZOR,C000063,3000,30,01,USD
OR00004619,2022-09-14,ZOR,C000028,3000,20,02,USD
OR00004620,2024-01-18,RE,C000004,1000,30,00,USD
OR00004621,2024-01-17,ZOR,C000054,1000,20,01,GBP
OR00004622,2023-10-10,ZOR,C000001,3000,30,00,EUR
OR00004623,2022-03-10,RE,C000073,2000,30,02,GBP
OR00004624,2023-08-05,OR,C000055,3000,20,01,GBP
OR00004625,2024-05-28,ZOR,C000046,1000,20,00,EUR
OR00004626,2023-07-29,RE,C000062,2000,30,01,EUR
OR00004627,2022-10-14,RE,C000048,1000,10,01,GBP
OR00004628,2023-03-12,RE,C000024,1000,10,00,GBP
OR00004629,2023-06-30,OR,C000066,2000,30,02,EUR
OR00004630,2023-03-20,RE,C000072,1000,30,02,EUR
OR00004631,2022-01-27,RE,C000058,1000,10,00,EUR
OR00004632,2022-09-24,OR,C000017,3000,20,01,USD
OR00004633,2023-11-16,OR,C000010,3000,10,00,USD
OR00004634,2024-01-22,OR,C000072,3000,30,00,EUR
OR00004635,2022-02-24,RE,C000009,1000,30,02,EUR
OR00004636,2024-06-12,RE,C000007,3000,20,01,USD
OR00004637,2022-10-11,OR,C000034,2000,30,01,USD
OR00004638,2023-07-13,OR,C000047,3000,30,00,GBP
OR00004639,2023-09-27,RE,C000071,2000,20,00,EUR
OR00004640,2023-11-26,ZOR,C000071,2000,20,00,GBP
OR00004641,2024-05-29,ZOR,C000044,3000,30,02,GBP
OR00004642,2022-09-25,ZOR,C000040,3000,30,01,EUR
OR00004643,2024-01-18,RE,C000074,1000,10,02,USD
OR00004644,2022-02-15,RE,C000030,3000,10,01,GBP
OR00004645,2023-08-17,ZOR,C000023,2000,10,00,EUR
OR00004646,2023-09-18,RE,C000042,3000,30,02,GBP
OR00004647,2023-07-25,OR,C000071,2000,10,02,EUR
OR00004648,2022-07-23,ZOR,C000052,1000,10,00,GBP
OR00004649,2024-02-05,ZOR,C000041,2000,20,01,EUR
OR00004650,2022-04-10,RE,C000040,1000,10,00,USD
OR00004651,2021-09-19,ZOR,C000051,2000,10,01,GBP
OR00004652,2023-08-28,ZOR,C000038,3000,20,02,GBP
OR00004653,2023-02-19,OR,C000057,1000,30,01,EUR
OR00004654,2024-01-07,ZOR,C000055,2000,30,00,USD
OR00004655,2022-12-02,ZOR,C000080,2000,20,02,USD
OR00004656,2022-04-09,ZOR,C000041,1000,20,01,GBP
OR00004657,2023-12-23,RE,C000069,2000,30,01,USD
OR00004658,2023-04-18,OR,C000064,3000,10,02,EUR
OR00004659,2022-05-07,ZOR,C000026,1000,30,01,EUR
OR00004660,2023-08-30,OR,C000058,2000,10,00,EUR
OR00004661,2023-03-20,ZOR,C000008,3000,10,01,GBP
OR00004662,2023-05-30,RE,C000073,2000,30,01,EUR
OR00004663,2023-02-07,OR,C000024,2000,30,00,GBP
OR00004664,2023-12-14,OR,C000069,2000,10,02,GBP
OR00004665,2023-12-15,ZOR,C000068,2000,30,01,EUR
OR00004666,2023-08-21,RE,C000054,1000,20,02,USD
OR00004667,2022-01-03,ZOR,C000002,2000,30,02,USD
OR00004668,2023-12-26,OR,C000066,1000,30,00,EUR
OR00004669,2023-07-20,ZOR,C000024,1000,30,02,EUR
OR00004670,2023-08-10,RE,C000043,3000,10,01,EUR
OR00004671,2022-11-13,RE,C000054,1000,10,01,GBP
OR00004672,2024-02-14,ZOR,C000004,2000,10,02,GBP
OR00004673,2023-09-04,RE,C000072,2000,10,01,GBP
OR00004674,2022-01-15,ZOR,C000041,1000,20,00,USD
OR00004675,2022-12-24,OR,C000007,3000,10,00,EUR
OR00004676,2024-02-23,RE,C000067,2000,10,02,USD
OR00004677,2021-09-03,RE,C000070,3000,10,00,EUR
OR00004678,2024-07-02,OR,C000026,2000,30,00,EUR
OR00004679,2023-07-26,RE,C000042,2000,30,01,GBP
OR00004680,2023-06-19,ZOR,C000062,1000,20,00,USD
OR00004681,2022-08-12,RE,C000008,3000,10,00,EUR
OR00004682,2022-07-19,RE,C000027,2000,30,02,USD
OR00004683,2024-05-22,OR,C000042,1000,20,00,EUR
OR00004684,2022-09-10,ZOR,C000069,1000,30,02,USD
OR00004685,2023-10-20,OR,C000001,2000,30,00,USD
OR00004686,2022-12-11,ZOR,C000033,2000,20,00,EUR
OR00004687,2022-02-27,ZOR,C000019,3000,20,01,USD
OR00004688,2021-04-28,ZOR,C000052,2000,30,02,USD
OR00004689,2023-04-15,RE,C000020,2000,10,01,USD
OR00004690,2024-08-09,OR,C000073,1000,30,00,USD
OR00004691,2022-11-19,OR,C000065,1000,10,02,USD
OR00004692,2022-11-07,ZOR,C000041,3000,10,02,EUR
OR00004693,2022-10-26,OR,C000070,3000,30,00,GBP
OR00004694,2023-03-27,ZOR,C000075,1000,20,00,GBP
OR00004695,2023-01-21,RE,C000026,1000,10,02,USD
OR00004696,2024-02-15,ZOR,C000052,1000,30,02,USD
OR00004697,2023-03-16,OR,C000055,3000,10,00,EUR
OR00004698,2023-03-17,ZOR,C000016,1000,10,02,GBP
OR00004699,2022-02-25,ZOR,C000059,3000,10,01,EUR
OR00004700,2024-08-31,OR,C000024,3000,20,02,GBP
OR00004701,2022-07-20,OR,C000066,1000,30,00,USD
OR00004702,2021-11-03,RE,C000066,2000,20,01,USD
OR00004703,2023-07-14,RE,C000070,2000,30,00,GBP
OR00004704,2023-05-23,ZOR,C000029,2000,20,02,EUR
OR00004705,2022-12-30,ZOR,C000063,3000,30,01,USD
OR00004706,2023-01-05,OR,C000067,3000,20,01,USD
OR00004707,2023-10-29,OR,C000055,3000,20,02,USD
OR00004708,2022-05-16,ZOR,C000006,2000,20,00,USD
OR00004709,2023-12-05,RE,C000020,3000,10,02,USD
OR00004710,2023-07-02,OR,C000021,3000,30,01,USD
OR00004711,2023-01-03,OR,C000067,1000,10,00,USD
OR00004712,2023-02-05,OR,C000008,3000,20,00,EUR
OR00004713,2022-07-27,ZOR,C000015,1000,30,00,EUR
OR00004714,2023-09-28,ZOR,C000068,2000,20,00,EUR
OR00004715,2023-03-21,ZOR,C000045,1000,10,02,GBP
OR00004716,2022-10-03,RE,C000011,1000,30,00,GBP
OR00004717,2023-05-24,RE,C000013,2000,30,01,GBP
OR00004718,2024-10-31,ZOR,C000052,2000,30,01,GBP
OR00004719,2023-01-17,RE,C000022,3000,20,02,GBP
OR00004720,2024-04-14,OR,C000014,2000,20,01,USD
OR00004721,2022-10-27,OR,C000078,1000,30,02,EUR
OR00004722,2021-09-22,ZOR,C000035,3000,20,00,GBP
OR00004723,2022-05-27,OR,C000043,3000,20,00,GBP
OR00004724,2023-01-02,OR,C000041,2000,30,01,GBP
OR00004725,2022-06-15,OR,C000062,1000,30,02,USD
OR00004726,2021-01-18,RE,C000016,2000,10,02,USD
OR00004727,2024-04-05,ZOR,C000010,2000,20,00,GBP
OR00004728,2024-01-01,ZOR,C000009,2000,30,01,EUR
OR00004729,2023-09-19,OR,C000027,3000,10,00,EUR
OR00004730,2022-04-09,ZOR,C000065,3000,30,00,EUR
OR00004731,2022-01-28,RE,C000051,1000,20,00,GBP
OR00004732,2021-10-22,ZOR,C000007,3000,20,00,EUR
OR00004733,2023-09-02,RE,C000073,3000,30,02,GBP
OR00004734,2024-04-28,RE,C000014,2000,30,02,USD
OR00004735,2023-01-13,OR,C000071,1000,20,00,EUR
OR00004736,2022-01-26,RE,C000059,3000,20,00,USD
OR00004737,2023-03-21,ZOR,C000056,3000,10,01,EUR
OR00004738,2022-10-30,RE,C000052,3000,30,01,EUR
OR00004739,2022-11-24,ZOR,C000047,1000,10,02,USD
OR00004740,2023-06-11,ZOR,C000033,2000,30,00,EUR
OR00004741,2023-08-29,ZOR,C000060,3000,20,00,USD
OR00004742,2022-01-12,OR,C000005,3000,30,01,USD
OR00004743,2021-08-02,ZOR,C000023,1000,30,01,GBP
OR00004744,2024-10-22,OR,C000069,2000,20,00,GBP
OR00004745,2022-06-30,OR,C000028,2000,20,00,EUR
OR00004746,2021-09-20,OR,C000076,2000,10,01,GBP
OR00004747,2022-05-08,OR,C000052,1000,10,00,USD
OR00004748,2021-08-12,RE,C000066,2000,10,02,GBP
OR00004749,2022-12-09,ZOR,C000009,2000,10,02,EUR
OR00004750,2023-11-16,RE,C000072,2000,10,00,USD
OR00004751,2022-10-23,RE,C000077,2000,20,00,GBP
OR00004752,2023-01-24,ZOR,C000022,2000,10,01,GBP
OR00004753,2023-07-24,RE,C000060,1000,30,00,GBP
OR00004754,2023-03-18,RE,C000060,3000,10,00,EUR
OR00004755,2024-01-22,RE,C000020,1000,20,00,USD
OR00004756,2024-01-28,ZOR,C000053,3000,10,01,GBP
OR00004757,2021-04-23,ZOR,C000054,1000,10,00,USD
OR00004758,2023-10-22,RE,C000044,1000,30,02,GBP
OR00004759,2023-02-07,OR,C000007,2000,10,00,USD
OR00004760,2024-09-24,ZOR,C000007,3000,30,00,GBP
OR00004761,2023-02-26,ZOR,C000069,1000,20,01,GBP
OR00004762,2024-09-16,OR,C000014,1000,30,01,USD
OR00004763,2023-09-30,RE,C000056,3000,10,00,USD
OR00004764,2022-07-18,RE,C000069,1000,30,01,GBP
OR00004765,2023-04-10,RE,C000013,3000,20,02,GBP
OR00004766,2024-10-10,OR,C000035,2000,30,01,EUR
OR00004767,2024-01-17,ZOR,C000076,1000,20,02,EUR
OR00004768,2021-12-19,RE,C000027,2000,20,00,USD
OR00004769,2023-08-18,ZOR,C000014,1000,30,00,USD
OR00004770,2022-10-27,RE,C000015,3000,30,02,GBP
OR00004771,2021-04-05,RE,C000004,1000,30,01,EUR
OR00004772,2022-12-20,OR,C000074,3000,20,01,GBP
OR00004773,2022-07-02,OR,C000080,1000,10,02,EUR
OR00004774,2023-12-04,ZOR,C000050,3000,30,00,GBP
OR00004775,2022-10-19,OR,C000071,1000,20,02,EUR
OR00004776,2023-12-13,ZOR,C000025,3000,30,02,USD
OR00004777,2021-01-28,ZOR,C000020,2000,10,02,USD
OR00004778,2022-09-20,ZOR,C000052,3000,30,01,USD
OR00004779,2022-07-10,RE,C000077,3000,10,00,EUR
OR00004780,2022-07-01,OR,C000065,2000,30,00,EUR
OR00004781,2021-10-23,RE,C000047,3000,20,02,USD
OR00004782,2022-05-05,RE,C000076,2000,10,01,GBP
OR00004783,2023-04-23,RE,C000066,2000,10,00,GBP
OR00004784,2022-09-03,OR,C000067,1000,30,01,GBP
OR00004785,2023-01-01,ZOR,C000009,3000,10,00,EUR
OR00004786,2022-11-26,OR,C000066,3000,20,01,EUR
OR00004787,2024-02-09,ZOR,C000073,1000,30,00,USD
OR00004788,2024-03-21,ZOR,C000048,2000,30,00,EUR
OR00004789,2023-03-06,ZOR,C000014,3000,10,00,USD
OR00004790,2022-10-12,OR,C000014,2000,10,01,GBP
OR00004791,2022-01-05,ZOR,C000009,1000,30,01,USD
OR00004792,2024-06-14,ZOR,C000001,1000,30,00,EUR
OR00004793,2021-10-05,ZOR,C000001,1000,20,01,GBP
OR00004794,2022-09-09,OR,C000055,1000,30,01,GBP
OR00004795,2022-09-10,OR,C000031,3000,30,01,GBP
OR00004796,2022-10-03,ZOR,C000043,3000,20,02,EUR
OR00004797,2022-04-04,ZOR,C000004,3000,10,02,EUR
OR00004798,2023-10-28,RE,C000012,3000,30,02,GBP
OR00004799,2022-01-31,RE,C000079,3000,10,00,GBP
OR00004800,2023-06-22,OR,C000037,1000,30,01,EUR
OR00004801,2022-02-02,ZOR,C000005,1000,10,00,USD
OR00004802,2021-10-28,OR,C000014,2000,20,02,EUR
OR00004803,2024-03-28,ZOR,C000010,2000,20,02,EUR
OR00004804,2022-05-09,OR,C000029,2000,30,02,GBP
OR00004805,2023-12-06,OR,C000075,2000,10,01,GBP
OR00004806,2023-04-15,ZOR,C000015,3000,30,02,USD
OR00004807,2021-11-12,RE,C000018,3000,10,01,EUR
OR00004808,2024-06-19,ZOR,C000035,1000,30,02,GBP
OR00004809,2022-07-17,ZOR,C000004,1000,10,01,GBP
OR00004810,2024-01-20,RE,C000011,2000,10,02,GBP
OR00004811,2022-04-10,ZOR,C000077,2000,30,00,GBP
OR00004812,2024-01-13,OR,C000014,1000,30,01,USD
OR00004813,2021-05-11,RE,C000031,2000,30,01,USD
OR00004814,2023-03-21,OR,C000060,1000,30,00,USD
OR00004815,2023-10-14,RE,C000010,1000,10,01,USD
OR00004816,2024-05-09,RE,C000047,3000,30,02,EUR
OR00004817,2024-03-27,RE,C000069,2000,10,01,USD
OR00004818,2023-12-04,OR,C000076,3000,20,01,EUR
OR00004819,2024-02-26,RE,C000035,1000,20,02,GBP
OR00004820,2022-05-20,RE,C000022,2000,10,00,USD
OR00004821,2022-08-26,OR,C000053,2000,10,00,GBP
OR00004822,2022-08-31,ZOR,C000037,1000,30,00,USD
OR00004823,2022-11-26,ZOR,C000053,1000,20,02,EUR
OR00004824,2022-12-11,OR,C000014,1000,20,01,GBP
OR00004825,2023-04-15,OR,C000052,2000,10,02,GBP
OR00004826,2022-03-29,RE,C000037,1000,10,00,USD
OR00004827,2023-08-05,ZOR,C000050,1000,10,00,USD
OR00004828,2022-04-08,RE,C000064,2000,30,02,EUR
OR00004829,2022-09-22,RE,C000046,1000,20,01,GBP
OR00004830,2023-03-14,RE,C000012,2000,20,00,GBP
OR00004831,2023-11-10,OR,C000050,2000,30,01,EUR
OR00004832,2023-09-16,RE,C000016,1000,10,01,EUR
OR00004833,2023-06-30,ZOR,C000080,1000,20,00,EUR
OR00004834,2022-03-23,ZOR,C000053,2000,30,00,GBP
OR00004835,2023-04-17,RE,C000069,1000,10,01,EUR
OR00004836,2021-12-01,RE,C000046,3000,20,00,USD
OR00004837,2022-11-26,RE,C000067,3000,20,02,USD
OR00004838,2022-12-29,RE,C000061,1000,10,02,EUR
OR00004839,2021-08-14,RE,C000010,3000,20,01,GBP
OR00004840,2022-08-15,ZOR,C000058,1000,20,02,EUR
OR00004841,2024-06-19,RE,C000048,1000,20,01,EUR
OR00004842,2024-06-15,RE,C000052,1000,30,00,EUR
OR00004843,2022-11-03,OR,C000062,1000,20,00,EUR
OR00004844,2021-08-23,ZOR,C000013,1000,30,02,EUR
OR00004845,2022-04-24,ZOR,C000003,1000,30,02,USD
OR00004846,2022-12-10,OR,C000017,1000,10,01,GBP
OR00004847,2024-06-02,OR,C000048,1000,30,01,EUR
OR00004848,2022-03-01,OR,C000075,3000,30,01,EUR
OR00004849,2023-10-08,RE,C000031,3000,10,02,GBP
OR00004850,2022-01-08,RE,C000072,3000,30,01,GBP
OR00004851,2024-08-26,RE,C000029,3000,20,02,GBP
OR00004852,2022-11-30,ZOR,C000026,2000,20,01,USD
OR00004853,2023-10-20,RE,C000073,3000,30,01,USD
OR00004854,2022-10-24,ZOR,C000072,1000,10,02,GBP
OR00004855,2023-06-16,ZOR,C000017,1000,10,02,USD
OR00004856,2022-05-11,ZOR,C000004,1000,10,01,GBP
OR00004857,2022-03-09,ZOR,C000068,3000,30,00,GBP
OR00004858,2024-05-15,RE,C000029,2000,10,01,EUR
OR00004859,2024-04-10,OR,C000073,1000,20,02,EUR
OR00004860,2024-02-25,ZOR,C000032,1000,10,01,USD
OR00004861,2023-06-14,OR,C000001,1000,30,01,USD
OR00004862,2023-11-22,ZOR,C000051,3000,30,02,GBP
OR00004863,2021-10-25,RE,C000020,1000,30,00,GBP
OR00004864,2022-10-17,ZOR,C000058,2000,30,01,USD
OR00004865,2022-09-26,OR,C000021,2000,20,01,EUR
OR00004866,2023-06-22,RE,C000037,1000,30,02,USD
OR00004867,2022-11-06,ZOR,C000014,1000,10,00,EUR
OR00004868,2022-03-12,RE,C000048,2000,20,01,USD
OR00004869,2023-05-24,ZOR,C000015,2000,30,00,GBP
OR00004870,2023-11-29,ZOR,C000045,2000,20,01,GBP
OR00004871,2022-12-01,ZOR,C000048,3000,20,00,USD
OR00004872,2022-02-16,ZOR,C000064,3000,10,00,USD
OR00004873,2022-05-17,ZOR,C000010,1000,30,01,GBP
OR00004874,2022-07-06,RE,C000002,2000,20,00,GBP
OR00004875,2022-09-12,OR,C000074,2000,10,02,EUR
OR00004876,2023-06-28,RE,C000041,2000,10,02,EUR
OR00004877,2023-05-27,OR,C000066,1000,10,01,USD
OR00004878,2023-08-09,ZOR,C000063,3000,20,01,GBP
OR00004879,2022-11-12,RE,C000044,3000,10,01,EUR
OR00004880,2023-12-09,ZOR,C000058,1000,20,00,GBP
OR00004881,2022-05-26,OR,C000041,3000,30,02,USD
OR00004882,2023-02-14,RE,C000014,1000,30,02,GBP
OR00004883,2023-11-15,RE,C000068,3000,30,00,USD
OR00004884,2022-04-26,OR,C000017,3000,10,00,EUR
OR00004885,2022-01-10,RE,C000061,2000,30,01,GBP
OR00004886,2024-02-20,ZOR,C000031,1000,10,01,EUR
OR00004887,2022-10-25,OR,C000001,3000,30,01,GBP
OR00004888,2023-07-30,RE,C000006,1000,10,01,GBP
OR00004889,2021-06-30,ZOR,C000036,3000,30,01,EUR
OR00004890,2023-08-04,RE,C000006,2000,30,00,EUR
OR00004891,2022-09-28,OR,C000033,1000,10,01,GBP
OR00004892,2021-09-25,ZOR,C000014,1000,10,00,EUR
OR00004893,2023-06-03,RE,C000010,2000,10,01,EUR
OR00004894,2022-07-09,RE,C000079,2000,30,02,EUR
OR00004895,2022-12-05,ZOR,C000019,3000,20,00,EUR
OR00004896,2021-11-18,OR,C000062,1000,30,00,EUR
OR00004897,2022-03-10,ZOR,C000017,3000,10,02,EUR
OR00004898,2022-09-10,ZOR,C000020,1000,10,02,GBP
OR00004899,2021-12-05,RE,C000077,1000,20,02,USD
OR00004900,2024-03-30,OR,C000037,2000,10,00,EUR
OR00004901,2021-03-29,ZOR,C000046,3000,30,01,EUR
OR00004902,2023-02-26,ZOR,C000030,3000,30,01,USD
OR00004903,2022-02-02,RE,C000007,1000,10,02,GBP
OR00004904,2022-09-20,OR,C000010,1000,20,00,USD
OR00004905,2024-04-23,OR,C000026,3000,30,01,USD
OR00004906,2022-03-31,ZOR,C000046,2000,20,00,EUR
OR00004907,2024-07-13,ZOR,C000067,1000,10,01,USD
OR00004908,2022-05-29,RE,C000055,1000,30,01,USD
OR00004909,2023-09-18,ZOR,C000005,2000,30,00,GBP
OR00004910,2023-04-17,ZOR,C000072,2000,30,02,EUR
OR00004911,2024-02-21,ZOR,C000014,1000,20,02,GBP
OR00004912,2023-04-22,ZOR,C000005,1000,10,00,GBP
OR00004913,2023-04-07,RE,C000051,3000,10,02,GBP
OR00004914,2022-05-15,ZOR,C000045,2000,20,00,USD
OR00004915,2022-04-07,OR,C000036,3000,20,02,GBP
OR00004916,2024-04-08,ZOR,C000025,2000,20,01,EUR
OR00004917,2022-10-10,OR,C000041,1000,30,01,GBP
OR00004918,2022-11-21,OR,C000079,1000,20,01,EUR
OR00004919,2023-10-05,OR,C000054,1000,30,02,GBP
OR00004920,2022-10-21,OR,C000055,1000,20,01,USD
OR00004921,2024-06-11,ZOR,C000011,1000,20,00,GBP
OR00004922,2023-09-15,OR,C000014,3000,10,00,GBP
OR00004923,2023-05-25,ZOR,C000030,1000,30,02,GBP
OR00004924,2024-02-16,ZOR,C000021,1000,10,01,GBP
OR00004925,2021-09-09,RE,C000008,1000,10,01,GBP
OR00004926,2022-07-28,RE,C000044,2000,10,02,USD
OR00004927,2023-02-11,RE,C000010,1000,10,00,USD
OR00004928,2022-06-23,RE,C000033,3000,20,01,USD
OR00004929,2023-09-20,ZOR,C000041,2000,20,01,USD
OR00004930,2024-04-12,RE,C000044,1000,20,02,USD
OR00004931,2023-01-07,RE,C000027,2000,10,02,GBP
OR00004932,2022-10-24,OR,C000068,3000,30,02,GBP
OR00004933,2024-07-02,OR,C000006,3000,10,00,GBP
OR00004934,2023-01-25,OR,C000056,1000,20,00,USD
OR00004935,2023-03-02,RE,C000060,3000,10,00,GBP
OR00004936,2022-11-02,RE,C000017,3000,10,02,EUR
OR00004937,2024-03-28,OR,C000066,1000,10,01,USD
OR00004938,2023-05-04,ZOR,C000028,3000,20,02,GBP
OR00004939,2023-10-07,OR,C000013,3000,20,02,GBP
OR00004940,2023-11-26,ZOR,C000065,3000,30,00,EUR
OR00004941,2022-10-24,OR,C000025,2000,30,02,EUR
OR00004942,2023-01-15,RE,C000064,1000,30,01,EUR
OR00004943,2024-01-06,ZOR,C000018,1000,10,01,EUR
OR00004944,2022-11-13,RE,C000048,3000,30,01,EUR
OR00004945,2023-11-07,RE,C000007,2000,30,01,EUR
OR00004946,2024-05-20,OR,C000037,2000,20,02,GBP
OR00004947,2023-06-13,RE,C000026,1000,10,00,GBP
OR00004948,2023-09-18,ZOR,C000024,2000,30,02,EUR
OR00004949,2023-11-19,RE,C000041,1000,10,02,GBP
OR00004950,2024-01-02,ZOR,C000062,3000,30,01,USD
OR00004951,2022-12-12,RE,C000006,1000,30,01,EUR
OR00004952,2021-09-14,RE,C000050,1000,10,00,GBP
OR00004953,2022-12-18,ZOR,C000037,2000,30,01,GBP
OR00004954,2023-07-22,OR,C000070,3000,10,00,GBP
OR00004955,2023-01-29,OR,C000004,3000,10,01,EUR
OR00004956,2023-09-25,RE,C000015,2000,10,00,GBP
OR00004957,2022-11-07,OR,C000013,2000,30,01,GBP
OR00004958,2023-06-21,OR,C000054,3000,30,02,EUR
OR00004959,2022-05-04,ZOR,C000022,2000,30,02,GBP
OR00004960,2023-09-25,RE,C000032,1000,20,00,EUR
OR00004961,2023-04-16,OR,C000016,2000,20,00,USD
OR00004962,2022-05-26,RE,C000002,2000,10,01,USD
OR00004963,2022-09-04,OR,C000036,2000,20,01,EUR
OR00004964,2023-09-25,RE,C000065,1000,10,00,EUR
OR00004965,2023-02-25,ZOR,C000044,3000,20,02,EUR
OR00004966,2022-06-10,RE,C000043,3000,30,02,USD
OR00004967,2024-07-16,RE,C000061,1000,20,02,GBP
OR00004968,2023-08-26,OR,C000019,2000,10,02,USD
OR00004969,2024-06-22,OR,C000077,1000,30,00,GBP
OR00004970,2023-01-10,ZOR,C000038,2000,20,02,GBP
OR00004971,2023-02-19,OR,C000062,2000,10,00,USD
OR00004972,2024-03-11,RE,C000040,2000,10,01,EUR
OR00004973,2023-03-31,OR,C000065,3000,30,02,USD
OR00004974,2023-08-19,ZOR,C000066,1000,30,01,GBP
OR00004975,2022-07-22,RE,C000057,3000,10,02,EUR
OR00004976,2023-01-26,ZOR,C000012,3000,30,01,USD
OR00004977,2022-02-02,RE,C000007,2000,10,01,GBP
OR00004978,2022-05-29,ZOR,C000024,2000,20,01,GBP
OR00004979,2021-02-04,RE,C000053,1000,30,01,USD
OR00004980,2021-08-13,RE,C000038,1000,30,01,USD
OR00004981,2024-08-13,ZOR,C000006,3000,20,02,EUR
OR00004982,2022-07-11,RE,C000018,3000,30,00,EUR
OR00004983,2023-07-14,RE,C000067,1000,10,02,USD
OR00004984,2023-12-26,RE,C000044,1000,10,02,GBP
OR00004985,2023-04-20,ZOR,C000026,2000,10,02,EUR
OR00004986,2022-03-19,OR,C000059,1000,30,02,EUR
OR00004987,2023-09-06,RE,C000073,1000,10,00,EUR
OR00004988,2023-05-27,RE,C000028,1000,20,00,USD
OR00004989,2023-09-09,ZOR,C000057,2000,10,00,EUR
OR00004990,2023-10-14,RE,C000080,2000,10,00,EUR
OR00004991,2024-08-08,OR,C000009,3000,20,01,USD
OR00004992,2023-05-07,RE,C000018,2000,20,00,EUR
OR00004993,2022-10-24,ZOR,C000034,2000,10,00,USD
OR00004994,2023-07-02,ZOR,C000069,1000,30,00,GBP
OR00004995,2021-10-23,OR,C000003,1000,20,01,GBP
OR00004996,2024-03-10,OR,C000078,2000,10,00,GBP
OR00004997,2022-01-26,ZOR,C000020,3000,20,00,EUR
OR00004998,2022-10-10,RE,C000046,1000,10,01,EUR
OR00004999,2023-11-30,OR,C000036,2000,30,02,USD
OR00005000,2023-05-25,ZOR,C000035,2000,10,01,GBP
OR00005001,2022-12-11,ZOR,C000033,3000,20,02,EUR
OR00005002,2023-02-18,RE,C000030,3000,30,00,USD
OR00005003,2024-01-13,OR,C000055,1000,20,00,EUR
OR00005004,2022-10-22,OR,C000047,3000,20,01,GBP
OR00005005,2024-02-01,OR,C000001,3000,10,02,GBP
OR00005006,2021-12-02,OR,C000010,1000,20,02,USD
OR00005007,2023-10-21,OR,C000043,1000,30,01,EUR
OR00005008,2024-01-05,ZOR,C000024,3000,20,02,GBP
OR00005009,2022-04-28,RE,C000049,3000,10,02,GBP
OR00005010,2023-01-12,RE,C000004,2000,20,00,GBP
OR00005011,2022-04-06,RE,C000056,2000,30,01,USD
OR00005012,2023-08-18,ZOR,C000056,1000,20,00,USD
OR00005013,2023-04-08,ZOR,C000046,1000,20,00,EUR
OR00005014,2023-06-22,OR,C000066,2000,30,00,USD
OR00005015,2022-05-17,OR,C000070,3000,30,02,GBP
OR00005016,2022-06-05,RE,C000036,1000,30,01,USD
OR00005017,2021-08-19,OR,C000057,2000,20,00,EUR
OR00005018,2022-10-04,OR,C000009,1000,20,00,EUR
OR00005019,2023-04-27,RE,C000078,3000,10,02,EUR
OR00005020,2024-01-17,OR,C000047,3000,10,00,EUR
OR00005021,2023-07-17,OR,C000004,1000,10,01,GBP
OR00005022,2023-01-17,ZOR,C000073,3000,10,02,GBP
OR00005023,2024-06-14,OR,C000077,2000,20,00,EUR
OR00005024,2023-08-29,OR,C000076,2000,10,01,USD
OR00005025,2024-04-30,OR,C000037,1000,20,02,GBP
OR00005026,2023-04-02,RE,C000025,1000,10,02,USD
OR00005027,2022-07-30,RE,C000025,1000,10,00,USD
OR00005028,2021-09-17,RE,C000055,3000,20,00,EUR
OR00005029,2023-09-04,OR,C000035,1000,30,00,USD
OR00005030,2022-01-29,RE,C000070,1000,30,00,USD
OR00005031,2022-09-15,RE,C000040,3000,10,02,USD
OR00005032,2023-04-06,RE,C000058,1000,30,00,USD
OR00005033,2023-04-30,ZOR,C000056,3000,20,00,GBP
OR00005034,2023-05-27,OR,C000045,2000,10,02,GBP
OR00005035,2022-04-07,ZOR,C000067,3000,20,01,USD
OR00005036,2022-11-28,RE,C000026,3000,20,02,GBP
OR00005037,2023-06-08,RE,C000015,1000,30,02,USD
OR00005038,2024-07-23,OR,C000004,2000,10,01,EUR
OR00005039,2023-09-06,ZOR,C000008,3000,10,00,GBP
OR00005040,2024-04-18,RE,C000006,1000,30,01,USD
OR00005041,2023-10-07,ZOR,C000025,2000,10,00,EUR
OR00005042,2023-05-20,ZOR,C000058,3000,20,01,GBP
OR00005043,2022-05-11,OR,C000054,2000,20,02,EUR
OR00005044,2023-07-16,ZOR,C000030,1000,30,00,USD
OR00005045,2023-06-13,OR,C000058,1000,20,02,EUR
OR00005046,2023-05-28,OR,C000016,2000,10,02,GBP
OR00005047,2023-03-03,ZOR,C000020,3000,30,01,USD
OR00005048,2023-04-03,ZOR,C000063,3000,30,00,GBP
OR00005049,2022-10-17,ZOR,C000061,3000,20,01,EUR
OR00005050,2023-03-26,OR,C000029,1000,20,02,USD
OR00005051,2022-05-18,RE,C000052,2000,30,01,USD
OR00005052,2023-11-19,ZOR,C000057,1000,30,01,GBP
OR00005053,2022-05-03,OR,C000062,1000,10,02,EUR
OR00005054,2021-11-26,ZOR,C000055,2000,30,00,EUR
OR00005055,2023-01-17,ZOR,C000053,2000,30,00,USD
OR00005056,2023-07-10,ZOR,C000009,2000,10,01,GBP
OR00005057,2023-01-19,OR,C000005,2000,20,01,USD
OR00005058,2022-08-18,OR,C000039,3000,10,02,EUR
OR00005059,2023-04-25,RE,C000047,3000,10,01,USD
OR00005060,2022-10-29,RE,C000003,2000,20,02,EUR
OR00005061,2024-05-05,OR,C000049,2000,30,01,USD
OR00005062,2024-04-18,ZOR,C000058,3000,10,01,EUR
OR00005063,2023-03-13,RE,C000058,3000,20,02,USD
OR00005064,2022-10-10,RE,C000049,3000,10,01,USD
OR00005065,2023-09-14,RE,C000046,1000,20,00,EUR
OR00005066,2021-08-05,RE,C000080,1000,10,01,GBP
OR00005067,2023-02-19,OR,C000009,1000,10,01,GBP
OR00005068,2022-10-18,RE,C000072,3000,10,02,USD
OR00005069,2024-04-14,RE,C000022,3000,20,02,EUR
OR00005070,2021-05-04,ZOR,C000038,3000,30,00,GBP
OR00005071,2023-04-21,RE,C000031,1000,30,02,EUR
OR00005072,2023-09-17,OR,C000021,3000,20,02,GBP
OR00005073,2023-02-27,ZOR,C000074,1000,10,01,GBP
OR00005074,2021-11-27,ZOR,C000026,3000,30,02,EUR
OR00005075,2024-07-30,RE,C000040,1000,20,01,EUR
OR00005076,2023-03-25,OR,C000049,1000,20,02,GBP
OR00005077,2023-06-06,RE,C000018,2000,10,00,EUR
OR00005078,2022-07-05,RE,C000052,2000,30,01,USD
OR00005079,2023-02-26,OR,C000031,3000,20,02,GBP
OR00005080,2023-01-11,ZOR,C000030,1000,30,00,GBP
OR00005081,2021-11-06,RE,C000020,3000,30,02,USD
OR00005082,2022-01-04,ZOR,C000024,3000,30,01,EUR
OR00005083,2023-12-24,OR,C000017,3000,30,02,EUR
OR00005084,2022-07-08,RE,C000078,1000,30,01,USD
OR00005085,2022-05-15,OR,C000019,2000,20,01,EUR
OR00005086,2023-03-15,RE,C000069,3000,10,02,GBP
OR00005087,2023-10-13,RE,C000007,3000,30,01,GBP
OR00005088,2021-10-09,RE,C000003,3000,10,02,EUR
OR00005089,2023-05-09,ZOR,C000067,3000,10,02,GBP
OR00005090,2022-01-26,OR,C000051,3000,30,01,GBP
OR00005091,2021-08-04,ZOR,C000004,1000,20,00,EUR
OR00005092,2021-09-17,OR,C000036,1000,20,02,GBP
OR00005093,2023-12-20,OR,C000006,2000,20,00,GBP
OR00005094,2022-01-24,ZOR,C000033,2000,30,00,USD
OR00005095,2021-08-29,RE,C000032,1000,30,02,GBP
OR00005096,2023-01-19,ZOR,C000043,3000,10,00,USD
OR00005097,2024-01-01,ZOR,C000071,1000,20,01,EUR
OR00005098,2022-08-03,ZOR,C000008,2000,20,02,GBP
OR00005099,2023-01-05,OR,C000038,2000,20,00,EUR
OR00005100,2021-08-14,RE,C000001,1000,10,00,EUR
OR00005101,2023-01-28,ZOR,C000067,3000,20,01,USD
OR00005102,2023-05-10,ZOR,C000050,2000,10,01,GBP
OR00005103,2023-05-05,OR,C000012,2000,30,01,GBP
OR00005104,2022-10-15,RE,C000010,2000,20,00,USD
OR00005105,2022-09-28,ZOR,C000065,2000,30,00,EUR
OR00005106,2022-01-05,OR,C000061,3000,10,02,GBP
OR00005107,2022-11-16,OR,C000027,1000,10,01,GBP
OR00005108,2021-12-23,RE,C000066,3000,20,01,USD
OR00005109,2023-10-11,OR,C000043,2000,20,00,EUR
OR00005110,2024-07-14,OR,C000015,3000,30,00,USD
OR00005111,2024-07-24,ZOR,C000012,2000,10,01,GBP
OR00005112,2024-01-26,OR,C000057,2000,30,01,EUR
OR00005113,2023-05-27,RE,C000066,3000,10,02,USD
OR00005114,2023-08-13,OR,C000026,2000,10,00,EUR
OR00005115,2022-08-27,OR,C000052,3000,30,00,EUR
OR00005116,2023-06-18,RE,C000005,1000,10,02,USD
OR00005117,2023-02-03,OR,C000007,2000,30,00,USD
OR00005118,2023-02-25,OR,C000066,3000,30,01,USD
OR00005119,2023-10-03,RE,C000077,2000,30,02,USD
OR00005120,2022-08-24,RE,C000071,1000,30,00,GBP
OR00005121,2022-09-30,RE,C000020,2000,30,02,EUR
OR00005122,2024-04-21,RE,C000038,1000,30,02,GBP
OR00005123,2021-09-26,ZOR,C000069,1000,20,02,USD
OR00005124,2023-02-28,OR,C000064,1000,30,02,GBP
OR00005125,2024-04-02,OR,C000032,3000,20,02,EUR
OR00005126,2023-06-03,OR,C000037,3000,10,02,GBP
OR00005127,2023-04-16,ZOR,C000063,3000,10,00,USD
OR00005128,2022-07-20,OR,C000064,2000,30,02,EUR
OR00005129,2022-10-25,OR,C000043,2000,30,02,USD
OR00005130,2024-01-10,ZOR,C000050,2000,30,02,EUR
OR00005131,2023-04-26,OR,C000015,3000,30,02,EUR
OR00005132,2023-03-23,ZOR,C000008,2000,20,01,EUR
OR00005133,2021-12-23,ZOR,C000039,3000,10,01,GBP
OR00005134,2021-05-24,ZOR,C000003,1000,20,01,USD
OR00005135,2024-07-08,OR,C000020,2000,10,01,USD
OR00005136,2022-11-26,ZOR,C000067,2000,10,02,EUR
OR00005137,2023-05-29,OR,C000024,3000,30,01,USD
OR00005138,2021-11-16,RE,C000061,2000,30,02,EUR
OR00005139,2023-07-30,ZOR,C000065,1000,30,00,GBP
OR00005140,2024-05-05,RE,C000034,3000,30,02,GBP
OR00005141,2023-05-09,RE,C000040,2000,10,01,USD
OR00005142,2022-02-06,RE,C000034,1000,30,00,EUR
OR00005143,2023-05-13,OR,C000049,3000,10,01,GBP
OR00005144,2023-10-11,OR,C000024,1000,10,02,EUR
OR00005145,2022-12-22,OR,C000049,2000,20,01,GBP
OR00005146,2024-02-14,RE,C000002,1000,20,00,USD
OR00005147,2023-07-02,OR,C000067,2000,20,02,EUR
OR00005148,2024-03-12,OR,C000053,2000,30,02,USD
OR00005149,2023-06-13,OR,C000062,1000,20,00,USD
OR00005150,2022-02-14,ZOR,C000077,1000,20,01,GBP
OR00005151,2022-09-22,RE,C000059,2000,10,02,EUR
OR00005152,2022-05-24,OR,C000019,1000,30,00,EUR
OR00005153,2024-03-27,RE,C000001,1000,30,00,EUR
OR00005154,2023-10-06,OR,C000015,3000,30,01,GBP
OR00005155,2023-07-24,RE,C000068,1000,10,02,USD
OR00005156,2022-09-13,ZOR,C000073,2000,20,02,EUR
OR00005157,2022-05-01,ZOR,C000076,3000,20,01,USD
OR00005158,2023-10-02,OR,C000001,2000,30,00,USD
OR00005159,2023-02-18,RE,C000079,2000,30,01,EUR
OR00005160,2022-06-22,ZOR,C000002,1000,30,00,EUR
OR00005161,2023-06-08,RE,C000072,3000,20,02,USD
OR00005162,2021-08-16,ZOR,C000075,2000,10,02,EUR
OR00005163,2022-10-08,OR,C000015,3000,10,01,GBP
OR00005164,2023-02-14,RE,C000049,2000,10,00,GBP
OR00005165,2022-03-12,ZOR,C000026,3000,10,00,EUR
OR00005166,2024-09-07,ZOR,C000021,2000,30,02,USD
OR00005167,2022-06-02,OR,C000058,3000,30,00,EUR
OR00005168,2022-02-13,RE,C000020,3000,20,02,GBP
OR00005169,2022-05-26,RE,C000006,3000,20,02,GBP
OR00005170,2023-10-14,OR,C000078,1000,30,01,USD
OR00005171,2023-01-08,OR,C000010,2000,30,01,GBP
OR00005172,2023-05-01,RE,C000015,1000,30,01,GBP
OR00005173,2021-06-13,RE,C000013,2000,10,00,GBP
OR00005174,2021-07-29,ZOR,C000056,2000,30,01,GBP
OR00005175,2023-01-26,RE,C000013,2000,10,00,EUR
OR00005176,2023-12-01,OR,C000025,2000,10,01,EUR
OR00005177,2024-02-22,RE,C000073,3000,20,02,EUR
OR00005178,2021-11-30,RE,C000034,3000,10,00,EUR
OR00005179,2023-04-10,RE,C000006,3000,10,02,EUR
OR00005180,2024-04-03,RE,C000011,1000,30,02,EUR
OR00005181,2022-12-06,OR,C000017,3000,20,00,EUR
OR00005182,2023-12-15,RE,C000032,3000,30,00,GBP
OR00005183,2022-02-18,ZOR,C000071,1000,10,01,USD
OR00005184,2024-05-10,OR,C000037,2000,10,00,GBP
OR00005185,2023-09-27,ZOR,C000054,1000,30,01,GBP
OR00005186,2024-05-21,OR,C000042,1000,10,00,EUR
OR00005187,2023-07-24,RE,C000021,1000,20,00,GBP
OR00005188,2022-11-13,OR,C000067,1000,10,02,USD
OR00005189,2024-05-15,ZOR,C000070,3000,30,02,USD
OR00005190,2022-08-17,OR,C000025,2000,20,01,USD
OR00005191,2022-10-14,OR,C000021,3000,10,00,GBP
OR00005192,2023-08-13,ZOR,C000074,2000,20,01,GBP
OR00005193,2023-10-10,OR,C000041,3000,30,02,USD
OR00005194,2024-04-29,OR,C000026,1000,20,00,GBP
OR00005195,2022-05-27,RE,C000012,3000,10,00,GBP
OR00005196,2023-11-11,ZOR,C000056,3000,30,02,EUR
OR00005197,2023-09-15,OR,C000015,1000,20,02,USD
OR00005198,2021-10-13,ZOR,C000063,3000,10,00,USD
OR00005199,2022-12-05,OR,C000030,2000,20,00,EUR
OR00005200,2022-08-25,ZOR,C000015,1000,30,00,EUR
OR00005201,2022-09-17,RE,C000045,1000,10,00,GBP
OR00005202,2024-09-01,ZOR,C000023,1000,30,02,GBP
OR00005203,2023-06-28,OR,C000006,2000,10,02,USD
OR00005204,2023-08-28,OR,C000072,1000,10,01,GBP
OR00005205,2024-08-11,OR,C000035,2000,20,02,EUR
OR00005206,2022-11-26,OR,C000003,3000,30,00,GBP
OR00005207,2023-11-15,ZOR,C000009,3000,30,01,USD
OR00005208,2023-01-16,OR,C000003,2000,20,01,GBP
OR00005209,2024-02-01,RE,C000047,2000,10,02,EUR
OR00005210,2022-04-26,ZOR,C000011,3000,20,01,GBP
OR00005211,2024-06-02,ZOR,C000009,3000,10,02,USD
OR00005212,2022-06-13,OR,C000073,2000,30,00,GBP
OR00005213,2022-10-08,RE,C000053,1000,30,01,GBP
OR00005214,2023-10-02,OR,C000038,2000,20,01,GBP
OR00005215,2022-12-11,OR,C000057,1000,20,01,GBP
OR00005216,2023-06-02,OR,C000001,1000,30,01,USD
OR00005217,2023-01-25,OR,C000037,2000,10,01,USD
OR00005218,2023-09-19,OR,C000074,3000,20,02,USD
OR00005219,2022-06-25,ZOR,C000003,1000,10,00,GBP
OR00005220,2021-10-01,ZOR,C000016,1000,10,00,GBP
OR00005221,2022-09-12,ZOR,C000050,2000,20,00,GBP
OR00005222,2023-02-18,OR,C000009,1000,10,02,USD
OR00005223,2022-04-09,RE,C000037,2000,20,00,EUR
OR00005224,2022-11-05,OR,C000064,2000,20,02,GBP
OR00005225,2022-12-17,OR,C000066,3000,30,02,EUR
OR00005226,2021-09-28,ZOR,C000012,3000,20,00,EUR
OR00005227,2023-05-14,OR,C000078,3000,30,00,GBP
OR00005228,2024-02-20,OR,C000045,3000,20,00,GBP
OR00005229,2022-03-17,OR,C000035,1000,30,01,USD
OR00005230,2023-05-25,ZOR,C000036,3000,30,01,USD
OR00005231,2023-07-15,ZOR,C000022,2000,30,00,GBP
OR00005232,2023-01-03,RE,C000062,2000,30,00,GBP
OR00005233,2023-08-14,ZOR,C000042,1000,30,02,GBP
OR00005234,2022-12-26,ZOR,C000046,2000,30,02,GBP
OR00005235,2023-03-15,ZOR,C000037,3000,30,01,USD
OR00005236,2021-04-07,RE,C000003,1000,20,00,EUR
OR00005237,2023-08-06,RE,C000071,1000,10,02,EUR
OR00005238,2023-07-12,OR,C000048,2000,20,02,GBP
OR00005239,2021-08-10,RE,C000009,3000,30,01,USD
OR00005240,2022-11-18,RE,C000043,3000,10,02,EUR
OR00005241,2024-08-19,ZOR,C000046,2000,30,02,EUR
OR00005242,2023-01-04,OR,C000018,3000,20,02,GBP
OR00005243,2023-03-13,RE,C000026,2000,30,02,GBP
OR00005244,2024-03-28,OR,C000002,3000,20,01,EUR
OR00005245,2023-08-28,OR,C000041,1000,10,00,GBP
OR00005246,2023-05-13,OR,C000037,3000,30,00,EUR
OR00005247,2023-11-11,OR,C000029,3000,20,02,USD
OR00005248,2024-01-25,RE,C000060,1000,10,01,EUR
OR00005249,2023-02-04,OR,C000009,1000,20,02,GBP
OR00005250,2023-02-19,OR,C000068,1000,20,01,GBP
OR00005251,2022-12-04,ZOR,C000022,2000,20,02,GBP
OR00005252,2024-07-15,ZOR,C000035,1000,10,00,USD
OR00005253,2023-08-10,ZOR,C000074,1000,20,01,GBP
OR00005254,2021-11-23,RE,C000003,1000,30,00,GBP
OR00005255,2024-01-24,ZOR,C000022,1000,10,00,USD
OR00005256,2023-02-23,OR,C000014,2000,10,00,EUR
OR00005257,2021-10-24,OR,C000022,1000,20,02,USD
OR00005258,2023-04-19,OR,C000032,2000,20,02,EUR
OR00005259,2023-01-01,ZOR,C000035,2000,20,01,GBP
OR00005260,2024-02-12,ZOR,C000003,2000,30,00,GBP
OR00005261,2022-05-26,ZOR,C000034,3000,10,00,GBP
OR00005262,2023-12-12,RE,C000026,2000,30,02,USD
OR00005263,2023-04-25,ZOR,C000029,2000,30,02,GBP
OR00005264,2021-09-22,RE,C000058,3000,10,02,USD
OR00005265,2024-07-29,ZOR,C000041,3000,30,00,EUR
OR00005266,2023-03-21,RE,C000036,3000,10,02,USD
OR00005267,2022-09-02,RE,C000006,3000,20,00,GBP
OR00005268,2023-02-14,ZOR,C000020,3000,10,00,GBP
OR00005269,2024-01-17,OR,C000042,2000,10,00,GBP
OR00005270,2022-09-17,ZOR,C000070,3000,30,02,EUR
OR00005271,2022-05-12,ZOR,C000035,1000,20,02,USD
OR00005272,2022-02-11,OR,C000027,3000,30,00,USD
OR00005273,2022-09-10,OR,C000047,2000,10,00,EUR
OR00005274,2023-10-24,ZOR,C000003,2000,10,01,USD
OR00005275,2023-02-16,ZOR,C000038,3000,20,00,GBP
OR00005276,2022-06-24,RE,C000021,1000,30,02,GBP
OR00005277,2022-04-07,ZOR,C000001,1000,10,02,EUR
OR00005278,2022-10-15,OR,C000020,1000,20,02,EUR
OR00005279,2024-05-18,ZOR,C000010,3000,20,01,GBP
OR00005280,2022-10-25,ZOR,C000014,1000,10,02,EUR
OR00005281,2024-09-21,ZOR,C000076,2000,10,02,USD
OR00005282,2023-02-27,RE,C000032,2000,30,00,GBP
OR00005283,2022-04-24,RE,C000030,1000,10,01,EUR
OR00005284,2024-03-01,RE,C000010,3000,20,01,GBP
OR00005285,2023-02-07,ZOR,C000033,1000,10,01,USD
OR00005286,2023-08-21,RE,C000023,2000,30,02,GBP
OR00005287,2024-09-04,RE,C000016,1000,30,01,USD
OR00005288,2021-09-11,ZOR,C000018,3000,10,02,EUR
OR00005289,2021-12-18,OR,C000033,2000,10,00,USD
OR00005290,2023-08-30,ZOR,C000048,3000,30,01,GBP
OR00005291,2022-08-24,ZOR,C000051,3000,10,01,EUR
OR00005292,2022-05-01,OR,C000004,3000,10,00,GBP
OR00005293,2021-08-13,RE,C000032,3000,30,01,EUR
OR00005294,2021-06-17,ZOR,C000079,2000,10,02,GBP
OR00005295,2023-10-19,RE,C000010,2000,20,01,EUR
OR00005296,2022-02-19,RE,C000074,2000,20,00,GBP
OR00005297,2023-02-13,RE,C000028,3000,30,01,EUR
OR00005298,2023-05-31,RE,C000008,1000,20,01,GBP
OR00005299,2023-01-11,OR,C000050,2000,20,00,USD
OR00005300,2021-07-06,RE,C000057,1000,30,00,GBP
OR00005301,2023-10-28,ZOR,C000016,1000,30,00,GBP
OR00005302,2021-04-26,OR,C000045,2000,20,01,GBP
OR00005303,2023-10-07,OR,C000060,2000,30,00,GBP
OR00005304,2024-03-04,RE,C000015,3000,30,00,EUR
OR00005305,2023-01-15,ZOR,C000050,1000,20,01,EUR
OR00005306,2023-04-08,OR,C000049,1000,10,01,GBP
OR00005307,2023-02-21,RE,C000066,2000,30,02,GBP
OR00005308,2022-12-07,OR,C000080,3000,20,01,USD
OR00005309,2024-02-25,OR,C000010,1000,20,02,GBP
OR00005310,2024-03-05,ZOR,C000052,3000,30,02,EUR
OR00005311,2022-10-18,RE,C000027,2000,20,00,USD
OR00005312,2023-06-07,ZOR,C000047,1000,20,02,USD
OR00005313,2024-04-25,OR,C000054,1000,20,00,USD
OR00005314,2024-07-04,ZOR,C000074,2000,10,02,EUR
OR00005315,2023-03-18,OR,C000061,1000,20,01,GBP
OR00005316,2023-02-01,RE,C000044,2000,20,00,GBP
OR00005317,2022-08-21,ZOR,C000036,2000,30,02,EUR
OR00005318,2024-06-26,RE,C000022,2000,20,00,GBP
OR00005319,2022-03-04,ZOR,C000026,3000,30,02,GBP
OR00005320,2023-05-12,ZOR,C000057,2000,20,01,EUR
OR00005321,2022-08-25,ZOR,C000027,3000,20,02,USD
OR00005322,2022-08-21,ZOR,C000074,1000,10,02,USD
OR00005323,2022-12-21,ZOR,C000062,2000,10,02,EUR
OR00005324,2024-11-28,RE,C000065,2000,20,01,EUR
OR00005325,2021-09-23,ZOR,C000029,1000,30,00,EUR
OR00005326,2023-05-11,ZOR,C000057,2000,10,01,EUR
OR00005327,2021-11-21,RE,C000062,1000,10,02,USD
OR00005328,2022-03-21,ZOR,C000021,1000,10,02,GBP
OR00005329,2023-01-20,OR,C000057,1000,10,00,EUR
OR00005330,2023-03-19,ZOR,C000031,1000,10,01,USD
OR00005331,2022-07-30,RE,C000072,2000,10,02,EUR
OR00005332,2022-09-29,OR,C000074,1000,30,01,GBP
OR00005333,2021-11-30,RE,C000017,1000,30,01,USD
OR00005334,2022-09-15,OR,C000005,3000,20,01,USD
OR00005335,2024-07-15,ZOR,C000044,3000,20,01,USD
OR00005336,2024-05-27,OR,C000020,2000,20,01,EUR
OR00005337,2022-10-17,RE,C000008,3000,10,01,GBP
OR00005338,2023-05-05,ZOR,C000058,2000,10,01,EUR
OR00005339,2024-03-28,OR,C000016,3000,20,01,GBP
OR00005340,2021-03-30,ZOR,C000074,3000,30,00,EUR
OR00005341,2023-11-25,OR,C000058,2000,10,01,GBP
OR00005342,2024-06-04,ZOR,C000007,2000,10,00,USD
OR00005343,2021-12-08,OR,C000039,1000,20,02,EUR
OR00005344,2022-03-31,RE,C000021,3000,20,01,EUR
OR00005345,2024-07-01,ZOR,C000021,1000,20,00,EUR
OR00005346,2023-04-10,RE,C000052,1000,30,02,USD
OR00005347,2021-05-15,OR,C000009,1000,20,00,GBP
OR00005348,2022-07-29,RE,C000070,3000,20,02,GBP
OR00005349,2023-01-29,OR,C000034,2000,30,02,USD
OR00005350,2023-08-07,RE,C000067,2000,10,02,USD
OR00005351,2023-09-11,RE,C000011,3000,30,01,USD
OR00005352,2024-10-29,RE,C000047,3000,10,01,EUR
OR00005353,2022-08-30,RE,C000028,2000,30,02,GBP
OR00005354,2023-04-10,RE,C000070,3000,30,00,EUR
OR00005355,2023-04-06,ZOR,C000023,1000,20,01,GBP
OR00005356,2022-12-22,ZOR,C000071,2000,10,01,USD
OR00005357,2022-04-11,ZOR,C000002,3000,10,02,EUR
OR00005358,2024-08-14,OR,C000036,2000,20,02,GBP
OR00005359,2024-01-12,OR,C000024,2000,20,01,EUR
OR00005360,2023-03-10,ZOR,C000035,1000,30,01,EUR
OR00005361,2023-05-29,ZOR,C000029,2000,10,00,USD
OR00005362,2022-06-24,OR,C000018,3000,30,00,GBP
OR00005363,2023-04-14,RE,C000057,1000,20,00,USD
OR00005364,2023-08-09,ZOR,C000013,3000,10,00,USD
OR00005365,2023-03-23,OR,C000015,2000,10,02,USD
OR00005366,2024-09-30,OR,C000080,1000,30,02,GBP
OR00005367,2023-06-04,ZOR,C000016,2000,10,01,EUR
OR00005368,2022-11-20,ZOR,C000029,3000,10,02,EUR
OR00005369,2023-10-17,OR,C000004,3000,10,01,GBP
OR00005370,2022-04-12,OR,C000069,1000,30,02,EUR
OR00005371,2022-12-03,RE,C000037,1000,30,01,GBP
OR00005372,2022-10-29,OR,C000079,2000,10,00,EUR
OR00005373,2023-01-14,OR,C000077,3000,10,00,GBP
OR00005374,2023-10-26,RE,C000075,3000,20,02,GBP
OR00005375,2023-02-26,OR,C000071,1000,30,01,EUR
OR00005376,2023-11-07,ZOR,C000037,1000,30,01,GBP
OR00005377,2023-05-09,OR,C000063,3000,10,00,GBP
OR00005378,2022-10-24,OR,C000022,3000,30,01,USD
OR00005379,2023-11-24,RE,C000076,2000,20,00,USD
OR00005380,2022-07-07,ZOR,C000072,1000,30,02,USD
OR00005381,2022-06-20,RE,C000071,2000,10,02,EUR
OR00005382,2023-03-15,ZOR,C000073,1000,10,02,EUR
OR00005383,2022-08-01,OR,C000026,1000,20,01,GBP
OR00005384,2021-04-18,OR,C000007,3000,30,02,USD
OR00005385,2023-07-02,ZOR,C000073,1000,10,00,GBP
OR00005386,2023-03-20,OR,C000064,1000,10,00,EUR
OR00005387,2023-01-25,ZOR,C000033,1000,20,00,EUR
OR00005388,2024-07-16,RE,C000062,3000,30,01,USD
OR00005389,2023-05-05,OR,C000074,1000,10,02,USD
OR00005390,2024-01-24,ZOR,C000052,3000,30,00,USD
OR00005391,2022-02-27,ZOR,C000027,1000,30,00,USD
OR00005392,2023-05-04,RE,C000056,3000,10,01,USD
OR00005393,2024-01-30,ZOR,C000063,2000,30,00,EUR
OR00005394,2023-05-14,ZOR,C000030,2000,30,01,EUR
OR00005395,2023-08-28,OR,C000044,2000,10,00,EUR
OR00005396,2022-11-21,RE,C000073,2000,20,02,EUR
OR00005397,2021-12-10,OR,C000063,3000,10,01,GBP
OR00005398,2023-02-05,OR,C000027,2000,20,00,EUR
OR00005399,2022-12-12,RE,C000030,2000,20,01,USD
OR00005400,2024-01-29,RE,C000044,1000,30,02,USD
OR00005401,2022-07-13,OR,C000008,2000,20,00,USD
OR00005402,2024-07-15,RE,C000022,1000,10,02,USD
OR00005403,2024-06-25,RE,C000023,3000,30,02,EUR
OR00005404,2022-07-17,ZOR,C000047,1000,30,01,EUR
OR00005405,2022-10-30,ZOR,C000074,1000,10,01,GBP
OR00005406,2024-03-07,RE,C000066,3000,30,02,GBP
OR00005407,2024-07-15,OR,C000080,3000,10,00,EUR
OR00005408,2023-01-24,OR,C000003,2000,20,02,USD
OR00005409,2022-10-03,RE,C000031,3000,20,01,EUR
OR00005410,2023-04-01,ZOR,C000074,3000,20,00,EUR
OR00005411,2023-08-03,ZOR,C000038,1000,30,00,EUR
OR00005412,2022-08-15,RE,C000043,3000,30,00,USD
OR00005413,2023-09-13,RE,C000080,1000,30,01,GBP
OR00005414,2021-09-15,ZOR,C000078,2000,30,01,GBP
OR00005415,2021-09-09,ZOR,C000035,1000,10,01,USD
OR00005416,2022-12-04,RE,C000049,1000,10,02,USD
OR00005417,2022-11-04,RE,C000043,1000,10,02,USD
OR00005418,2022-09-28,OR,C000046,1000,10,01,EUR
OR00005419,2023-03-04,RE,C000065,3000,20,02,EUR
OR00005420,2022-10-03,RE,C000026,1000,10,00,EUR
OR00005421,2022-05-11,RE,C000053,3000,10,00,GBP
OR00005422,2022-09-22,OR,C000015,3000,20,02,GBP
OR00005423,2024-08-06,ZOR,C000038,3000,20,02,USD
OR00005424,2022-12-27,OR,C000016,1000,10,01,EUR
OR00005425,2023-01-25,RE,C000033,1000,20,01,GBP
OR00005426,2023-05-09,RE,C000056,3000,20,00,GBP
OR00005427,2024-09-02,ZOR,C000072,2000,30,02,GBP
OR00005428,2022-07-10,ZOR,C000020,2000,30,01,USD
OR00005429,2023-07-28,ZOR,C000026,1000,30,00,USD
OR00005430,2023-08-26,OR,C000015,3000,10,01,GBP
OR00005431,2023-06-01,RE,C000045,1000,20,02,USD
OR00005432,2021-12-03,ZOR,C000052,3000,30,00,USD
OR00005433,2023-07-25,RE,C000053,3000,20,01,USD
OR00005434,2021-10-14,OR,C000029,1000,10,02,GBP
OR00005435,2023-05-24,ZOR,C000007,1000,20,02,GBP
OR00005436,2023-09-16,RE,C000023,3000,10,02,GBP
OR00005437,2022-06-04,ZOR,C000011,2000,10,02,GBP
OR00005438,2023-12-29,ZOR,C000060,1000,30,00,GBP
OR00005439,2021-07-17,OR,C000003,3000,20,01,GBP
OR00005440,2024-01-01,RE,C000080,3000,20,00,EUR
OR00005441,2023-02-07,RE,C000080,3000,10,01,EUR
OR00005442,2022-06-12,RE,C000071,3000,20,01,USD
OR00005443,2022-02-18,OR,C000044,3000,10,01,EUR
OR00005444,2024-06-14,OR,C000006,2000,30,02,USD
OR00005445,2021-11-01,RE,C000049,3000,10,01,GBP
OR00005446,2022-05-20,ZOR,C000031,2000,10,00,EUR
OR00005447,2022-10-29,OR,C000049,1000,10,02,USD
OR00005448,2023-06-10,ZOR,C000048,1000,30,00,USD
OR00005449,2023-04-15,RE,C000079,3000,20,02,EUR
OR00005450,2022-02-05,ZOR,C000039,3000,10,00,GBP
OR00005451,2022-09-01,RE,C000047,2000,10,02,GBP
OR00005452,2022-07-07,ZOR,C000010,1000,20,01,GBP
OR00005453,2022-06-07,OR,C000033,3000,20,00,USD
OR00005454,2022-12-27,RE,C000054,2000,10,01,EUR
OR00005455,2023-08-16,ZOR,C000043,3000,30,01,EUR
OR00005456,2022-06-12,OR,C000067,2000,20,00,GBP
OR00005457,2022-11-16,RE,C000039,2000,20,01,USD
OR00005458,2022-12-09,OR,C000068,3000,30,01,EUR
OR00005459,2024-08-11,OR,C000021,3000,30,01,EUR
OR00005460,2024-06-17,ZOR,C000032,3000,20,01,EUR
OR00005461,2023-11-14,RE,C000024,1000,30,02,USD
OR00005462,2022-07-10,ZOR,C000070,3000,20,02,GBP
OR00005463,2021-10-22,ZOR,C000065,1000,20,00,EUR
OR00005464,2022-09-29,ZOR,C000063,3000,20,02,GBP
OR00005465,2022-08-08,OR,C000078,3000,20,00,EUR
OR00005466,2023-03-16,OR,C000009,3000,20,01,USD
OR00005467,2023-10-22,RE,C000005,3000,10,00,GBP
OR00005468,2024-01-18,RE,C000034,2000,10,01,EUR
OR00005469,2024-01-02,OR,C000040,3000,30,02,GBP
OR00005470,2022-11-10,ZOR,C000006,1000,10,01,EUR
OR00005471,2023-08-02,RE,C000039,1000,10,00,EUR
OR00005472,2022-09-25,RE,C000019,1000,30,00,USD
OR00005473,2021-10-07,RE,C000018,2000,30,02,GBP
OR00005474,2023-08-14,RE,C000038,1000,10,02,EUR
OR00005475,2021-04-23,ZOR,C000013,1000,30,00,GBP
OR00005476,2022-12-25,RE,C000037,1000,10,00,EUR
OR00005477,2022-10-12,RE,C000036,1000,20,01,USD
OR00005478,2023-08-07,ZOR,C000049,2000,10,00,EUR
OR00005479,2023-10-11,ZOR,C000034,2000,10,02,EUR
OR00005480,2022-09-16,OR,C000029,1000,20,00,EUR
OR00005481,2023-11-26,OR,C000047,1000,20,02,USD
OR00005482,2022-09-06,RE,C000037,3000,20,01,GBP
OR00005483,2023-01-26,OR,C000079,3000,20,02,EUR
OR00005484,2023-09-05,ZOR,C000033,1000,10,01,USD
OR00005485,2023-08-07,OR,C000032,1000,10,01,EUR
OR00005486,2024-09-18,ZOR,C000033,3000,10,02,EUR
OR00005487,2022-06-21,OR,C000072,3000,30,01,USD
OR00005488,2023-07-13,ZOR,C000067,2000,30,00,EUR
OR00005489,2023-06-03,OR,C000070,1000,20,00,USD
OR00005490,2024-04-05,RE,C000043,1000,30,01,GBP
OR00005491,2022-03-24,OR,C000054,2000,10,02,EUR
OR00005492,2023-09-27,OR,C000056,2000,20,01,USD
OR00005493,2023-05-03,RE,C000014,1000,10,00,GBP
OR00005494,2022-08-16,ZOR,C000060,1000,30,01,EUR
OR00005495,2023-02-18,RE,C000006,1000,10,01,EUR
OR00005496,2022-10-16,OR,C000046,3000,20,01,USD
OR00005497,2023-05-11,RE,C000034,3000,10,00,USD
OR00005498,2024-02-27,RE,C000052,1000,10,02,EUR
OR00005499,2023-05-04,ZOR,C000016,3000,10,00,GBP
OR00005500,2023-06-19,RE,C000013,1000,30,02,GBP
OR00005501,2023-03-26,OR,C000004,3000,30,02,EUR
OR00005502,2021-09-13,ZOR,C000025,1000,30,02,GBP
OR00005503,2022-06-30,OR,C000018,1000,10,02,GBP
OR00005504,2023-03-05,RE,C000073,1000,30,01,EUR
OR00005505,2022-09-22,RE,C000003,3000,20,02,USD
OR00005506,2022-04-28,OR,C000007,2000,30,00,USD
OR00005507,2023-03-14,ZOR,C000051,1000,30,01,EUR
OR00005508,2022-10-05,RE,C000027,1000,10,02,GBP
OR00005509,2022-07-29,ZOR,C000016,2000,30,02,USD
OR00005510,2023-02-10,RE,C000037,3000,20,02,GBP
OR00005511,2022-02-17,OR,C000041,1000,30,01,GBP
OR00005512,2024-04-26,ZOR,C000013,3000,10,02,USD
OR00005513,2024-01-30,ZOR,C000011,2000,10,02,USD
OR00005514,2023-08-19,RE,C000025,3000,20,02,EUR
OR00005515,2022-01-04,RE,C000007,3000,10,02,EUR
OR00005516,2023-10-20,OR,C000051,3000,20,00,USD
OR00005517,2023-11-22,RE,C000014,3000,10,02,EUR
OR00005518,2023-10-13,ZOR,C000004,1000,30,01,USD
OR00005519,2022-01-17,ZOR,C000050,3000,20,02,GBP
OR00005520,2023-06-28,RE,C000035,1000,30,02,GBP
OR00005521,2023-12-21,ZOR,C000063,3000,20,00,USD
OR00005522,2023-05-10,OR,C000014,2000,10,02,GBP
OR00005523,2023-06-30,RE,C000065,2000,20,00,GBP
OR00005524,2023-02-05,OR,C000043,1000,30,01,USD
OR00005525,2023-04-03,RE,C000036,1000,20,00,USD
OR00005526,2021-07-29,OR,C000069,1000,30,00,GBP
OR00005527,2023-06-25,OR,C000043,1000,20,02,GBP
OR00005528,2021-11-19,ZOR,C000006,1000,30,02,EUR
OR00005529,2023-01-16,ZOR,C000015,1000,20,00,GBP
OR00005530,2022-09-04,ZOR,C000005,2000,30,00,EUR
OR00005531,2023-04-16,OR,C000070,1000,20,02,GBP
OR00005532,2022-02-18,RE,C000010,1000,10,01,GBP
OR00005533,2023-08-06,OR,C000033,3000,10,02,EUR
OR00005534,2023-11-08,OR,C000072,3000,20,00,USD
OR00005535,2022-04-03,RE,C000073,2000,30,00,EUR
OR00005536,2022-01-01,ZOR,C000021,1000,30,01,EUR
OR00005537,2022-03-08,ZOR,C000014,3000,30,01,EUR
OR00005538,2024-02-11,ZOR,C000041,1000,20,00,EUR
OR00005539,2023-04-02,RE,C000013,2000,20,02,EUR
OR00005540,2023-02-13,OR,C000028,3000,10,00,EUR
OR00005541,2022-01-05,ZOR,C000066,1000,10,02,GBP
OR00005542,2023-07-03,OR,C000018,1000,20,00,USD
OR00005543,2024-01-30,RE,C000027,1000,20,00,EUR
OR00005544,2023-12-14,ZOR,C000024,3000,30,01,USD
OR00005545,2023-06-15,OR,C000013,1000,10,01,EUR
OR00005546,2021-11-07,OR,C000009,2000,10,02,EUR
OR00005547,2022-01-15,ZOR,C000005,2000,10,02,EUR
OR00005548,2021-09-09,OR,C000049,2000,10,02,USD
OR00005549,2022-07-28,OR,C000017,3000,20,01,USD
OR00005550,2022-02-21,OR,C000022,3000,30,01,USD
OR00005551,2022-07-31,ZOR,C000020,3000,30,01,USD
OR00005552,2022-12-03,ZOR,C000069,1000,20,01,EUR
OR00005553,2024-05-24,ZOR,C000079,1000,20,01,USD
OR00005554,2023-06-03,ZOR,C000053,1000,10,02,USD
OR00005555,2023-12-21,ZOR,C000067,2000,20,00,USD
OR00005556,2023-08-22,OR,C000027,2000,10,01,GBP
OR00005557,2022-01-15,RE,C000006,1000,10,01,USD
OR00005558,2023-09-13,RE,C000069,1000,30,00,EUR
OR00005559,2022-08-17,RE,C000048,2000,20,00,USD
OR00005560,2023-06-25,OR,C000033,2000,20,00,USD
OR00005561,2022-10-23,ZOR,C000053,2000,30,01,GBP
OR00005562,2024-11-16,ZOR,C000058,2000,10,00,GBP
OR00005563,2022-08-04,RE,C000069,2000,20,02,EUR
OR00005564,2022-08-21,OR,C000076,2000,30,02,EUR
OR00005565,2024-05-01,OR,C000036,2000,20,01,USD
OR00005566,2021-06-27,ZOR,C000066,1000,20,02,EUR
OR00005567,2023-08-10,ZOR,C000042,2000,10,00,USD
OR00005568,2023-09-04,OR,C000067,2000,10,01,USD
OR00005569,2023-12-23,ZOR,C000059,2000,30,00,USD
OR00005570,2024-08-05,RE,C000010,2000,30,00,USD
OR00005571,2024-08-08,ZOR,C000057,1000,10,00,USD
OR00005572,2021-10-16,ZOR,C000063,1000,10,02,EUR
OR00005573,2023-12-07,ZOR,C000043,2000,10,01,GBP
OR00005574,2023-06-30,OR,C000026,3000,20,01,EUR
OR00005575,2023-07-01,RE,C000073,2000,10,00,GBP
OR00005576,2022-02-10,RE,C000027,2000,30,00,GBP
OR00005577,2023-07-03,ZOR,C000042,3000,10,00,USD
OR00005578,2024-08-30,OR,C000028,3000,10,01,USD
OR00005579,2024-03-31,ZOR,C000059,2000,10,01,EUR
OR00005580,2023-01-20,RE,C000007,2000,30,00,EUR
OR00005581,2021-08-15,ZOR,C000047,1000,10,02,EUR
OR00005582,2022-11-12,OR,C000014,3000,10,01,EUR
OR00005583,2023-12-12,ZOR,C000008,1000,20,00,USD
OR00005584,2023-08-14,RE,C000015,1000,30,00,USD
OR00005585,2023-02-06,RE,C000074,3000,30,02,GBP
OR00005586,2021-09-23,OR,C000040,1000,10,01,GBP
OR00005587,2023-01-09,ZOR,C000077,3000,10,02,EUR
OR00005588,2023-02-14,ZOR,C000076,2000,10,01,GBP
OR00005589,2024-04-28,ZOR,C000077,3000,10,02,USD
OR00005590,2023-06-26,RE,C000041,2000,10,01,EUR
OR00005591,2022-09-24,RE,C000016,3000,30,00,USD
OR00005592,2023-03-31,ZOR,C000006,2000,30,00,USD
OR00005593,2021-10-18,ZOR,C000080,3000,10,02,EUR
OR00005594,2024-07-31,OR,C000029,3000,20,02,USD
OR00005595,2022-11-10,ZOR,C000026,2000,10,02,GBP
OR00005596,2023-02-21,ZOR,C000024,3000,10,02,GBP
OR00005597,2022-11-06,OR,C000073,2000,30,01,EUR
OR00005598,2023-07-29,RE,C000056,1000,10,01,EUR
OR00005599,2023-07-13,ZOR,C000051,3000,20,00,EUR
OR00005600,2023-08-26,ZOR,C000030,3000,10,02,EUR
OR00005601,2022-08-09,ZOR,C000020,2000,20,02,USD
OR00005602,2022-09-28,OR,C000069,1000,10,02,EUR
OR00005603,2022-02-05,ZOR,C000023,2000,10,01,USD
OR00005604,2023-07-08,ZOR,C000053,3000,10,00,GBP
OR00005605,2021-08-14,RE,C000070,2000,10,00,EUR
OR00005606,2023-05-25,ZOR,C000029,2000,30,02,GBP
OR00005607,2024-02-01,RE,C000078,3000,30,01,EUR
OR00005608,2024-02-29,RE,C000001,2000,20,02,EUR
OR00005609,2023-01-28,RE,C000064,3000,10,01,EUR
OR00005610,2023-02-06,OR,C000025,2000,30,00,GBP
OR00005611,2021-11-10,ZOR,C000055,2000,20,01,USD
OR00005612,2023-07-20,ZOR,C000002,3000,10,00,GBP
OR00005613,2023-12-06,RE,C000038,1000,10,02,GBP
OR00005614,2022-07-14,OR,C000061,1000,20,02,USD
OR00005615,2023-01-05,RE,C000003,1000,20,02,EUR
OR00005616,2023-12-26,OR,C000058,2000,30,01,EUR
OR00005617,2024-02-11,ZOR,C000018,2000,20,02,USD
OR00005618,2022-07-12,OR,C000067,2000,10,02,EUR
OR00005619,2023-04-20,OR,C000061,2000,10,00,EUR
OR00005620,2022-05-12,ZOR,C000039,2000,30,02,GBP
OR00005621,2021-12-27,RE,C000023,1000,10,00,USD
OR00005622,2024-03-30,RE,C000037,1000,20,02,USD
OR00005623,2023-12-05,RE,C000059,2000,20,00,GBP
OR00005624,2023-10-05,ZOR,C000056,2000,20,02,EUR
OR00005625,2021-09-07,RE,C000012,1000,20,00,GBP
OR00005626,2023-12-31,RE,C000007,2000,10,01,USD
OR00005627,2023-01-19,ZOR,C000043,1000,30,02,EUR
OR00005628,2022-10-24,RE,C000038,1000,20,02,EUR
OR00005629,2023-04-17,OR,C000053,3000,20,00,EUR
OR00005630,2021-12-08,OR,C000071,1000,20,02,GBP
OR00005631,2023-10-02,ZOR,C000017,3000,20,02,USD
OR00005632,2023-05-14,RE,C000021,2000,20,00,USD
OR00005633,2022-05-04,ZOR,C000023,1000,10,02,GBP
OR00005634,2022-05-06,RE,C000029,3000,30,01,EUR
OR00005635,2022-05-01,ZOR,C000052,1000,20,02,EUR
OR00005636,2021-09-28,OR,C000007,3000,20,02,EUR
OR00005637,2023-05-18,ZOR,C000005,3000,30,00,GBP
OR00005638,2023-12-28,RE,C000056,2000,20,00,EUR
OR00005639,2021-05-30,RE,C000070,2000,30,02,GBP
OR00005640,2021-09-08,OR,C000062,3000,20,00,EUR
OR00005641,2023-05-06,RE,C000072,2000,30,01,GBP
OR00005642,2023-12-04,RE,C000066,3000,10,02,GBP
OR00005643,2022-10-09,OR,C000060,3000,20,02,GBP
OR00005644,2022-10-31,OR,C000066,1000,30,01,GBP
OR00005645,2023-05-24,OR,C000030,2000,30,01,EUR
OR00005646,2022-08-16,OR,C000073,1000,30,01,EUR
OR00005647,2021-07-04,ZOR,C000037,3000,20,01,GBP
OR00005648,2023-09-12,ZOR,C000012,3000,30,00,GBP
OR00005649,2023-06-15,ZOR,C000038,2000,10,00,EUR
OR00005650,2023-05-12,RE,C000059,1000,20,02,EUR
OR00005651,2023-09-18,RE,C000070,2000,10,01,USD
OR00005652,2023-07-23,ZOR,C000029,3000,30,00,USD
OR00005653,2022-05-29,ZOR,C000051,1000,30,02,USD
OR00005654,2022-11-03,ZOR,C000028,1000,30,00,USD
OR00005655,2022-02-06,RE,C000035,2000,30,02,USD
OR00005656,2022-02-12,ZOR,C000008,2000,20,02,EUR
OR00005657,2023-07-24,OR,C000013,1000,30,00,USD
OR00005658,2024-01-18,ZOR,C000018,3000,30,01,USD
OR00005659,2024-07-05,ZOR,C000017,3000,30,02,GBP
OR00005660,2023-06-17,RE,C000077,1000,20,00,GBP
OR00005661,2022-05-01,ZOR,C000052,1000,20,02,USD
OR00005662,2022-01-03,OR,C000021,2000,30,01,USD
OR00005663,2023-11-27,RE,C000073,3000,20,01,GBP
OR00005664,2023-05-11,ZOR,C000060,1000,30,00,EUR
OR00005665,2023-06-09,OR,C000021,3000,30,02,GBP
OR00005666,2023-10-26,ZOR,C000078,2000,10,00,USD
OR00005667,2023-08-16,ZOR,C000017,2000,30,01,USD
OR00005668,2023-12-21,OR,C000036,2000,30,02,GBP
OR00005669,2021-09-26,ZOR,C000011,3000,10,00,GBP
OR00005670,2023-09-24,ZOR,C000040,3000,10,01,GBP
OR00005671,2024-01-09,OR,C000065,2000,20,00,EUR
OR00005672,2022-08-28,ZOR,C000034,2000,20,00,EUR
OR00005673,2023-06-26,RE,C000072,1000,10,01,EUR
OR00005674,2022-09-26,RE,C000063,2000,20,01,GBP
OR00005675,2024-06-24,RE,C000014,2000,20,02,GBP
OR00005676,2021-07-26,OR,C000033,1000,30,00,EUR
OR00005677,2023-05-12,ZOR,C000028,3000,10,00,GBP
OR00005678,2022-04-07,ZOR,C000047,2000,10,01,USD
OR00005679,2023-08-23,ZOR,C000021,1000,30,00,EUR
OR00005680,2022-04-20,ZOR,C000001,3000,30,00,GBP
OR00005681,2022-07-03,RE,C000076,3000,30,00,USD
OR00005682,2023-03-07,OR,C000067,2000,10,02,EUR
OR00005683,2024-04-05,RE,C000044,3000,30,02,GBP
OR00005684,2022-06-05,RE,C000004,1000,10,00,GBP
OR00005685,2022-03-06,RE,C000038,2000,30,00,GBP
OR00005686,2023-10-04,ZOR,C000024,2000,30,02,USD
OR00005687,2023-03-12,OR,C000063,3000,20,00,EUR
OR00005688,2024-03-31,ZOR,C000049,1000,30,00,USD
OR00005689,2022-03-10,ZOR,C000076,1000,20,02,EUR
OR00005690,2023-06-30,OR,C000061,3000,20,01,EUR
OR00005691,2022-06-30,ZOR,C000015,1000,20,02,USD
OR00005692,2022-03-24,RE,C000055,1000,30,00,USD
OR00005693,2023-07-30,ZOR,C000016,1000,20,01,USD
OR00005694,2023-05-22,ZOR,C000066,2000,30,00,EUR
OR00005695,2023-09-30,RE,C000010,3000,10,01,GBP
OR00005696,2022-09-22,ZOR,C000077,3000,10,02,USD
OR00005697,2023-01-27,ZOR,C000060,3000,30,02,EUR
OR00005698,2022-12-22,ZOR,C000029,1000,30,02,EUR
OR00005699,2024-09-05,RE,C000015,3000,20,00,GBP
OR00005700,2022-09-04,ZOR,C000052,2000,30,01,USD
OR00005701,2022-09-07,RE,C000060,2000,30,02,GBP
OR00005702,2022-11-05,RE,C000036,3000,20,01,GBP
OR00005703,2023-04-30,OR,C000007,2000,30,00,GBP
OR00005704,2022-07-23,ZOR,C000054,1000,20,02,USD
OR00005705,2024-04-06,ZOR,C000003,2000,10,01,EUR
OR00005706,2022-08-06,OR,C000032,2000,30,02,USD
OR00005707,2024-03-07,OR,C000031,3000,10,02,GBP
OR00005708,2021-12-30,RE,C000015,2000,30,01,EUR
OR00005709,2023-07-08,OR,C000073,2000,10,01,GBP
OR00005710,2024-03-24,ZOR,C000054,3000,20,01,EUR
OR00005711,2022-04-10,RE,C000072,3000,20,01,USD
OR00005712,2024-07-19,RE,C000053,2000,20,01,GBP
OR00005713,2023-02-01,ZOR,C000040,3000,30,00,EUR
OR00005714,2024-05-29,ZOR,C000040,3000,10,02,USD
OR00005715,2023-07-25,RE,C000003,2000,30,00,EUR
OR00005716,2022-09-14,ZOR,C000012,2000,20,02,EUR
OR00005717,2022-05-06,ZOR,C000060,3000,30,01,GBP
OR00005718,2022-09-16,RE,C000067,1000,20,00,USD
OR00005719,2021-12-11,OR,C000023,2000,30,00,EUR
OR00005720,2022-03-05,OR,C000054,1000,10,00,USD
OR00005721,2022-01-01,OR,C000049,1000,20,01,USD
OR00005722,2023-01-06,ZOR,C000043,1000,30,02,EUR
OR00005723,2023-11-09,RE,C000069,2000,30,02,USD
OR00005724,2022-03-02,RE,C000020,1000,20,02,EUR
OR00005725,2022-02-13,RE,C000056,3000,20,01,GBP
OR00005726,2023-06-28,ZOR,C000027,3000,20,00,GBP
OR00005727,2022-05-18,ZOR,C000019,1000,10,02,EUR
OR00005728,2021-12-20,OR,C000048,2000,10,02,USD
OR00005729,2022-04-07,RE,C000079,1000,10,00,GBP
OR00005730,2024-04-19,ZOR,C000026,1000,20,00,GBP
OR00005731,2023-12-06,RE,C000015,3000,20,01,EUR
OR00005732,2022-11-04,ZOR,C000021,3000,10,01,GBP
OR00005733,2023-07-08,ZOR,C000041,2000,10,01,GBP
OR00005734,2023-04-09,OR,C000054,1000,20,00,GBP
OR00005735,2023-07-25,RE,C000064,2000,10,00,USD
OR00005736,2023-07-29,RE,C000015,2000,10,00,EUR
OR00005737,2023-06-17,ZOR,C000014,2000,20,01,EUR
OR00005738,2022-08-07,RE,C000022,3000,20,00,USD
OR00005739,2021-08-12,ZOR,C000079,2000,20,01,EUR
OR00005740,2023-02-03,OR,C000022,2000,30,02,GBP
OR00005741,2024-03-01,ZOR,C000024,3000,20,00,EUR
OR00005742,2023-05-04,RE,C000008,3000,30,00,USD
OR00005743,2023-12-18,RE,C000014,3000,20,02,GBP
OR00005744,2024-10-07,OR,C000007,2000,10,00,EUR
OR00005745,2022-04-03,RE,C000057,2000,10,02,GBP
OR00005746,2023-08-06,ZOR,C000079,2000,30,01,EUR
OR00005747,2023-07-23,OR,C000057,1000,10,02,GBP
OR00005748,2024-08-22,ZOR,C000009,3000,30,00,GBP
OR00005749,2024-09-11,OR,C000002,1000,10,01,USD
OR00005750,2023-08-02,RE,C000011,3000,30,00,EUR
OR00005751,2022-07-13,OR,C000041,3000,20,00,EUR
OR00005752,2023-11-12,RE,C000060,2000,20,00,EUR
OR00005753,2022-01-05,RE,C000007,3000,20,01,EUR
OR00005754,2023-10-25,RE,C000003,1000,10,01,EUR
OR00005755,2024-03-29,RE,C000027,3000,20,02,GBP
OR00005756,2022-12-01,ZOR,C000017,3000,10,00,GBP
OR00005757,2023-06-18,OR,C000034,1000,20,02,EUR
OR00005758,2023-01-12,OR,C000071,3000,20,02,GBP
OR00005759,2023-01-19,ZOR,C000036,1000,20,01,GBP
OR00005760,2022-09-23,ZOR,C000005,2000,10,02,EUR
OR00005761,2023-10-07,RE,C000001,1000,30,00,GBP
OR00005762,2024-05-11,RE,C000034,1000,20,02,USD
OR00005763,2024-05-20,ZOR,C000068,1000,10,02,GBP
OR00005764,2022-04-18,RE,C000064,3000,10,01,EUR
OR00005765,2024-02-08,OR,C000048,1000,20,00,USD
OR00005766,2023-09-14,ZOR,C000053,3000,10,01,EUR
OR00005767,2022-07-23,OR,C000013,3000,20,01,EUR
OR00005768,2021-10-21,OR,C000008,2000,10,00,USD
OR00005769,2022-08-09,RE,C000001,1000,10,02,GBP
OR00005770,2024-04-01,ZOR,C000049,1000,30,02,USD
OR00005771,2023-06-20,RE,C000034,1000,30,02,EUR
OR00005772,2023-08-31,ZOR,C000070,1000,10,00,USD
OR00005773,2022-07-28,RE,C000034,2000,20,00,USD
OR00005774,2023-08-29,ZOR,C000065,1000,30,01,EUR
OR00005775,2021-07-09,OR,C000013,2000,20,02,GBP
OR00005776,2022-11-24,OR,C000046,2000,30,00,GBP
OR00005777,2023-06-15,RE,C000042,1000,20,01,USD
OR00005778,2022-03-09,ZOR,C000056,3000,30,01,USD
OR00005779,2023-12-08,ZOR,C000004,3000,10,01,GBP
OR00005780,2022-07-03,ZOR,C000019,1000,20,01,USD
OR00005781,2023-07-05,RE,C000051,3000,20,00,USD
OR00005782,2022-12-21,OR,C000077,1000,20,02,GBP
OR00005783,2023-05-24,OR,C000065,2000,20,02,EUR
OR00005784,2022-01-06,ZOR,C000058,3000,10,00,GBP
OR00005785,2021-05-28,RE,C000031,2000,20,00,USD
OR00005786,2024-03-28,ZOR,C000017,2000,30,01,USD
OR00005787,2022-08-11,OR,C000023,1000,20,01,GBP
OR00005788,2023-12-04,ZOR,C000061,1000,30,02,USD
OR00005789,2024-12-07,OR,C000037,3000,10,01,GBP
OR00005790,2022-06-05,ZOR,C000056,2000,10,00,GBP
OR00005791,2022-08-06,ZOR,C000040,3000,30,02,EUR
OR00005792,2023-07-13,RE,C000015,2000,30,00,USD
OR00005793,2024-07-12,RE,C000073,1000,10,00,GBP
OR00005794,2024-04-07,RE,C000080,3000,20,01,USD
OR00005795,2023-03-13,RE,C000012,2000,30,00,USD
OR00005796,2023-11-09,ZOR,C000046,2000,10,00,GBP
OR00005797,2022-02-21,OR,C000053,3000,20,01,GBP
OR00005798,2024-08-14,ZOR,C000027,3000,30,01,GBP
OR00005799,2024-07-09,OR,C000001,2000,30,00,EUR
OR00005800,2022-04-03,ZOR,C000073,2000,20,02,EUR
OR00005801,2022-09-11,RE,C000059,2000,20,02,EUR
OR00005802,2021-12-24,ZOR,C000015,3000,20,00,USD
OR00005803,2022-08-13,RE,C000043,3000,10,00,EUR
OR00005804,2023-11-30,OR,C000012,2000,10,02,EUR
OR00005805,2022-11-27,ZOR,C000051,1000,10,02,EUR
OR00005806,2021-12-03,RE,C000036,2000,10,00,GBP
OR00005807,2022-10-24,RE,C000052,1000,30,01,GBP
OR00005808,2024-08-27,ZOR,C000066,3000,20,00,GBP
OR00005809,2023-06-18,OR,C000024,2000,30,00,EUR
OR00005810,2022-12-31,OR,C000027,1000,30,02,USD
OR00005811,2022-04-07,RE,C000054,1000,10,00,EUR
OR00005812,2024-09-13,ZOR,C000056,2000,20,00,USD
OR00005813,2023-12-06,ZOR,C000012,1000,10,02,USD
OR00005814,2022-08-23,ZOR,C000001,3000,30,00,USD
OR00005815,2021-10-27,RE,C000019,2000,30,01,USD
OR00005816,2021-09-27,OR,C000046,3000,10,01,USD
OR00005817,2022-01-28,ZOR,C000054,2000,30,01,EUR
OR00005818,2023-05-12,RE,C000038,1000,30,00,GBP
OR00005819,2024-04-28,OR,C000033,1000,30,00,EUR
OR00005820,2023-03-09,ZOR,C000075,1000,10,02,EUR
OR00005821,2023-12-31,ZOR,C000051,1000,10,01,USD
OR00005822,2023-01-26,OR,C000008,1000,10,02,USD
OR00005823,2023-08-20,ZOR,C000073,2000,30,02,EUR
OR00005824,2023-09-09,ZOR,C000005,3000,30,01,USD
OR00005825,2022-04-17,RE,C000004,3000,20,00,USD
OR00005826,2022-11-11,ZOR,C000005,3000,20,02,GBP
OR00005827,2023-06-23,ZOR,C000020,2000,20,02,GBP
OR00005828,2021-10-28,OR,C000052,1000,30,01,GBP
OR00005829,2022-11-11,OR,C000048,3000,10,00,USD
OR00005830,2023-04-08,OR,C000069,2000,30,01,USD
OR00005831,2024-11-04,ZOR,C000040,3000,20,01,GBP
OR00005832,2023-02-19,OR,C000026,2000,30,00,USD
OR00005833,2023-11-30,RE,C000034,3000,20,01,USD
OR00005834,2023-01-14,OR,C000049,2000,20,02,GBP
OR00005835,2023-11-10,RE,C000012,3000,30,00,GBP
OR00005836,2023-05-23,RE,C000026,1000,20,00,GBP
OR00005837,2024-02-24,OR,C000039,3000,10,01,USD
OR00005838,2022-12-26,OR,C000022,1000,10,00,USD
OR00005839,2023-05-30,RE,C000017,1000,30,02,EUR
OR00005840,2023-06-18,OR,C000023,2000,10,00,GBP
OR00005841,2023-01-01,RE,C000063,1000,10,01,GBP
OR00005842,2022-03-06,OR,C000002,3000,20,02,GBP
OR00005843,2021-12-12,ZOR,C000022,1000,10,01,GBP
OR00005844,2021-05-27,ZOR,C000030,2000,30,01,USD
OR00005845,2024-02-06,RE,C000055,2000,20,01,EUR
OR00005846,2022-07-04,RE,C000054,1000,20,00,USD
OR00005847,2022-06-05,OR,C000059,1000,10,00,USD
OR00005848,2023-09-13,RE,C000037,3000,30,02,EUR
OR00005849,2022-10-02,ZOR,C000078,2000,20,01,EUR
OR00005850,2023-03-16,OR,C000076,1000,10,02,EUR
OR00005851,2022-04-01,RE,C000025,1000,10,02,EUR
OR00005852,2024-06-28,RE,C000039,1000,20,02,USD
OR00005853,2024-01-10,OR,C000043,2000,10,01,USD
OR00005854,2024-01-25,ZOR,C000043,1000,20,00,EUR
OR00005855,2022-12-23,RE,C000037,1000,20,02,USD
OR00005856,2023-10-07,OR,C000050,3000,10,00,GBP
OR00005857,2022-03-05,ZOR,C000031,2000,20,01,GBP
OR00005858,2021-04-15,ZOR,C000046,2000,20,00,USD
OR00005859,2021-06-09,RE,C000070,3000,30,00,EUR
OR00005860,2023-05-17,RE,C000028,2000,10,02,EUR
OR00005861,2023-02-03,OR,C000078,1000,30,01,EUR
OR00005862,2023-03-25,OR,C000050,1000,10,01,USD
OR00005863,2021-04-08,RE,C000001,3000,10,01,USD
OR00005864,2023-01-06,RE,C000065,1000,10,00,USD
OR00005865,2023-08-28,RE,C000024,3000,10,00,GBP
OR00005866,2023-01-23,ZOR,C000009,3000,20,01,USD
OR00005867,2023-09-10,ZOR,C000030,1000,20,00,EUR
OR00005868,2022-06-30,ZOR,C000075,2000,20,00,USD
OR00005869,2023-11-27,ZOR,C000074,3000,20,02,EUR
OR00005870,2023-05-18,RE,C000036,2000,10,02,USD
OR00005871,2022-06-04,ZOR,C000053,2000,20,00,GBP
OR00005872,2022-07-05,OR,C000071,1000,20,02,EUR
OR00005873,2023-06-16,RE,C000056,1000,10,00,USD
OR00005874,2023-12-16,RE,C000070,1000,10,00,EUR
OR00005875,2022-12-31,RE,C000025,3000,10,01,EUR
OR00005876,2022-07-29,OR,C000073,1000,10,01,EUR
OR00005877,2024-01-29,ZOR,C000052,1000,10,02,USD
OR00005878,2023-07-18,RE,C000039,3000,10,00,EUR
OR00005879,2023-01-28,ZOR,C000067,2000,20,01,EUR
OR00005880,2023-03-01,ZOR,C000067,1000,10,01,GBP
OR00005881,2022-05-27,ZOR,C000033,1000,20,00,EUR
OR00005882,2023-06-15,OR,C000032,1000,10,01,EUR
OR00005883,2022-11-09,RE,C000073,1000,30,00,USD
OR00005884,2024-10-31,ZOR,C000003,3000,20,00,GBP
OR00005885,2023-02-23,RE,C000005,1000,30,00,USD
OR00005886,2023-02-28,OR,C000069,2000,10,01,USD
OR00005887,2023-05-01,OR,C000019,2000,20,00,USD
OR00005888,2024-04-08,ZOR,C000045,2000,20,00,EUR
OR00005889,2023-11-14,OR,C000052,2000,30,02,USD
OR00005890,2023-01-30,ZOR,C000057,2000,30,00,USD
OR00005891,2023-08-29,RE,C000063,3000,30,02,GBP
OR00005892,2023-05-16,RE,C000033,2000,20,02,GBP
OR00005893,2023-03-05,ZOR,C000025,2000,10,02,EUR
OR00005894,2022-05-11,RE,C000068,3000,30,01,USD
OR00005895,2023-02-10,OR,C000034,2000,30,01,EUR
OR00005896,2022-07-15,OR,C000021,2000,20,02,GBP
OR00005897,2024-04-05,OR,C000024,1000,10,01,USD
OR00005898,2022-10-17,OR,C000074,3000,10,00,GBP
OR00005899,2024-06-12,OR,C000062,2000,10,01,EUR
OR00005900,2023-04-06,ZOR,C000074,2000,10,01,USD
OR00005901,2023-06-19,RE,C000028,2000,20,00,GBP
OR00005902,2023-04-14,OR,C000031,3000,20,00,USD
OR00005903,2022-02-11,RE,C000066,1000,20,01,EUR
OR00005904,2022-11-25,OR,C000048,1000,20,01,EUR
OR00005905,2021-12-23,RE,C000014,1000,20,01,EUR
OR00005906,2023-06-13,RE,C000065,2000,10,02,USD
OR00005907,2023-01-26,RE,C000020,1000,10,02,USD
OR00005908,2023-10-22,OR,C000080,2000,10,02,USD
OR00005909,2022-06-16,RE,C000050,2000,20,02,EUR
OR00005910,2022-04-04,ZOR,C000010,2000,20,02,USD
OR00005911,2022-12-22,OR,C000036,1000,30,02,GBP
OR00005912,2024-04-24,ZOR,C000056,3000,10,00,GBP
OR00005913,2023-08-22,OR,C000034,1000,30,01,GBP
OR00005914,2023-01-02,OR,C000005,2000,20,02,EUR
OR00005915,2023-03-25,RE,C000048,2000,30,01,USD
OR00005916,2021-11-25,RE,C000069,3000,10,00,EUR
OR00005917,2024-09-07,OR,C000021,1000,30,01,GBP
OR00005918,2023-07-16,ZOR,C000008,2000,20,01,USD
OR00005919,2022-08-28,OR,C000064,3000,30,01,EUR
OR00005920,2023-05-16,ZOR,C000021,3000,20,01,EUR
OR00005921,2022-01-10,RE,C000070,1000,10,00,USD
OR00005922,2024-07-13,ZOR,C000035,1000,20,00,EUR
OR00005923,2022-04-18,RE,C000012,1000,10,01,EUR
OR00005924,2023-07-02,RE,C000056,2000,20,00,USD
OR00005925,2022-07-15,RE,C000065,1000,10,00,EUR
OR00005926,2023-08-28,OR,C000063,3000,30,02,GBP
OR00005927,2023-10-21,OR,C000043,3000,30,02,EUR
OR00005928,2023-07-22,RE,C000077,2000,30,02,GBP
OR00005929,2023-06-06,RE,C000012,1000,10,02,USD
OR00005930,2024-03-03,OR,C000007,1000,20,02,GBP
OR00005931,2021-11-14,ZOR,C000056,1000,30,01,GBP
OR00005932,2022-10-13,RE,C000079,2000,30,01,EUR
OR00005933,2022-07-18,ZOR,C000027,1000,20,00,USD
OR00005934,2024-09-20,RE,C000070,1000,30,02,EUR
OR00005935,2022-12-07,RE,C000025,1000,20,01,EUR
OR00005936,2023-09-10,OR,C000059,1000,20,01,EUR
OR00005937,2023-07-31,OR,C000079,2000,30,00,USD
OR00005938,2022-06-05,RE,C000001,3000,10,02,USD
OR00005939,2022-07-07,ZOR,C000032,2000,20,00,EUR
OR00005940,2022-08-23,OR,C000044,2000,20,02,USD
OR00005941,2022-12-27,RE,C000010,1000,20,00,GBP
OR00005942,2022-07-02,ZOR,C000060,3000,30,01,EUR
OR00005943,2021-06-08,OR,C000076,1000,30,02,USD
OR00005944,2024-02-14,RE,C000030,2000,20,00,GBP
OR00005945,2024-07-12,ZOR,C000012,1000,30,01,GBP
OR00005946,2022-10-23,OR,C000039,2000,10,01,EUR
OR00005947,2022-10-20,OR,C000061,2000,20,02,EUR
OR00005948,2021-04-06,OR,C000075,1000,20,01,EUR
OR00005949,2023-07-27,ZOR,C000080,2000,20,02,EUR
OR00005950,2023-12-11,OR,C000001,3000,30,01,USD
OR00005951,2022-03-10,OR,C000080,3000,30,00,GBP
OR00005952,2022-03-28,ZOR,C000028,1000,30,02,USD
OR00005953,2023-11-03,RE,C000045,3000,20,00,EUR
OR00005954,2023-06-08,ZOR,C000038,1000,10,02,GBP
OR00005955,2021-08-28,OR,C000007,1000,20,00,GBP
OR00005956,2023-06-12,RE,C000067,1000,20,02,GBP
OR00005957,2022-09-21,ZOR,C000077,2000,10,00,USD
OR00005958,2022-11-18,OR,C000008,2000,20,02,EUR
OR00005959,2023-10-14,ZOR,C000052,3000,20,00,USD
OR00005960,2023-11-25,RE,C000056,1000,30,02,GBP
OR00005961,2022-12-17,ZOR,C000079,2000,20,01,EUR
OR00005962,2024-06-01,ZOR,C000064,3000,30,01,USD
OR00005963,2022-12-23,ZOR,C000035,1000,10,02,USD
OR00005964,2023-10-16,ZOR,C000021,1000,10,02,GBP
OR00005965,2023-02-26,RE,C000045,2000,20,01,USD
OR00005966,2024-03-10,OR,C000026,2000,10,02,USD
OR00005967,2024-03-25,ZOR,C000031,2000,10,00,USD
OR00005968,2021-12-01,ZOR,C000076,1000,30,01,USD
OR00005969,2024-05-12,OR,C000023,1000,10,00,USD
OR00005970,2023-12-11,OR,C000003,3000,30,01,GBP
OR00005971,2023-11-05,ZOR,C000045,2000,10,00,GBP
OR00005972,2022-05-22,OR,C000049,2000,20,01,USD
OR00005973,2023-11-19,RE,C000028,1000,10,01,EUR
OR00005974,2024-01-08,OR,C000038,3000,20,01,USD
OR00005975,2022-09-01,OR,C000044,1000,20,01,GBP
OR00005976,2024-06-12,RE,C000060,1000,30,02,EUR
OR00005977,2021-09-10,OR,C000019,3000,20,00,USD
OR00005978,2022-03-14,ZOR,C000037,1000,30,00,EUR
OR00005979,2023-04-10,ZOR,C000006,2000,10,00,USD
OR00005980,2023-05-09,OR,C000029,1000,10,00,GBP
OR00005981,2023-06-29,OR,C000025,1000,10,00,USD
OR00005982,2021-05-28,OR,C000036,2000,10,01,GBP
OR00005983,2024-06-30,RE,C000051,1000,10,00,EUR
OR00005984,2021-08-27,OR,C000052,2000,10,02,USD
OR00005985,2022-03-04,ZOR,C000060,2000,30,02,USD
OR00005986,2021-05-14,ZOR,C000028,1000,30,01,EUR
OR00005987,2023-05-02,RE,C000012,3000,30,02,USD
OR00005988,2024-05-04,ZOR,C000009,1000,20,02,USD
OR00005989,2023-07-16,RE,C000003,2000,30,01,EUR
OR00005990,2023-12-08,OR,C000036,2000,20,01,GBP
OR00005991,2021-05-11,RE,C000052,2000,20,01,GBP
OR00005992,2023-04-13,ZOR,C000002,2000,10,01,GBP
OR00005993,2023-02-06,OR,C000045,1000,20,02,EUR
OR00005994,2023-03-10,RE,C000063,3000,20,02,USD
OR00005995,2021-10-31,ZOR,C000021,1000,30,02,EUR
OR00005996,2023-07-31,OR,C000058,1000,10,01,USD
OR00005997,2023-03-14,OR,C000053,1000,30,02,EUR
OR00005998,2023-10-10,RE,C000053,2000,20,00,USD
OR00005999,2023-02-27,RE,C000055,1000,20,02,USD
OR00006000,2022-03-14,OR,C000025,1000,30,00,USD
